3
4
5
7
8
16
20
23
30
34
35
37
39
40
41
46
47
49
52
53
60
64
65
70
74
77
79
94
95
104
105
107
112
117
127
129
137
140
142
143
144
149
153
154
155
162
166
167
168
169
171
175
177
178
187
189
191
193
194
195
196
200
201
202
209
212
218
220
225
229
230
237
251
252
253
262
263
266
268
269
272
273
275
288
289
290
291
294
299
300
303
304
310
313
315
316
317
318
319
320
322
326
329
333
334
337
338
343
346
352
353
361
376
386
398
399
400
406
415
419
421
423
424
449
458
460
462
464
466
468
469
477
478
485
492
500
501
502
503
508
513
514
515
519
520
522
523
524
526
527
528
529
532
535
539
548
553
556
557
559
565
566
569
570
571
573
575
580
582
584
589
597
598
600
603
608
609
610
612
614
618
620
623
624
627
628
630
631
632
633
637
638
639
640
641
643
644
645
646
647
649
651
658
660
661
665
677
680
690
691
692
694
697
699
700
701
715
716
717
719
732
733
737
738
740
745
752
753
754
757
763
765
778
785
786
787
789
790
791
795
798
802
805
808
812
814
818
821
824
825
827
829
835
839
842
843
845
849
853
855
856
860
864
865
866
868
869
870
872
873
877
882
894
901
902
908
911
915
917
918
923
925
931
932
933
934
936
937
938
941
942
945
946
948
954
959
960
961
962
964
966
967
969
971
972
974
975
978
979
980
982
983
986
987
988
991
993
994
995
998
1000
1001
1002
1006
1009
1010
1011
1013
1014
1019
1021
1024
1028
1029
1030
1032
1037
1039
1041
1042
1043
1044
1050
1055
1056
1059
1060
1062
1063
1065
1066
1067
1068
1069
1071
1073
1075
1077
1078
1079
1080
1083
1084
1094
1096
1097
1099
1102
1105
1106
1109
1112
1113
1115
1116
1120
1122
1123
1124
1125
1126
1128
1131
1133
1135
1137
1141
1148
1149
1150
1157
1158
1164
1166
1167
1168
1170
1171
1175
1178
1179
1180
1184
1186
1189
1190
1195
1197
1200
1202
1205
1210
1213
1219
1220
1223
1225
1227
1230
1231
1236
1237
1240
1246
1250
1255
1257
1259
1260
1262
1266
1269
1271
1274
1277
1279
1281
1289
1290
1291
1292
1294
1295
1297
1299
1304
1313
1315
1318
1322
1325
1333
1334
1335
1337
1341
1343
1344
1353
1357
1359
1365
1367
1371
1374
1377
1379
1380
1381
1382
1389
1391
1397
1398
1402
1403
1405
1409
1413
1417
1419
1420
1421
1429
1431
1436
1438
1443
1445
1446
1448
1449
1455
1456
1459
1468
1469
1470
1471
1472
1473
1477
1480
1481
1482
1483
1484
1486
1487
1491
1492
1493
1497
1499
1504
1506
1510
1515
1516
1517
1521
1522
1524
1528
1531
1539
1540
1543
1544
1552
1555
1557
1564
1565
1570
1572
1573
1574
1576
1578
1581
1584
1590
1591
1595
1596
1597
1598
1599
1603
1606
1611
1612
1613
1614
1619
1621
1622
1624
1625
1628
1629
1635
1638
1642
1643
1644
1649
1651
1654
1655
1657
1664
1665
1667
1670
1671
1675
1679
1680
1681
1684
1685
1688
1689
1695
1696
1697
1698
1699
1702
1703
1704
1714
1717
1718
1720
1724
1731
1732
1734
1737
1740
1741
1742
1753
1755
1759
1762
1768
1770
1771
1773
1776
1777
1778
1779
1782
1783
1789
1790
1796
1797
1798
1802
1803
1804
1805
1808
1811
1813
1819
1820
1822
1823
1826
1828
1829
1835
1837
1838
1839
1840
1843
1848
1851
1857
1858
1861
1863
1864
1865
1868
1872
1875
1876
1878
1881
1882
1884
1886
1888
1890
1894
1895
1897
1903
1905
1906
1907
1908
1910
1913
1914
1917
1920
1922
1929
1930
1933
1934
1935
1936
1937
1940
1941
1942
1950
1956
1965
1966
1968
1969
1972
1973
1974
1975
1977
1980
1984
1990
1991
1992
1996
1998
2001
2011
2016
2017
2020
2025
2026
2030
2033
2037
2038
2040
2042
2043
2046
2050
2051
2052
2054
2060
2061
2062
2067
2068
2071
2078
2081
2083
2085
2086
2092
2095
2097
2102
2103
2116
2119
2121
2122
2128
2129
2143
2145
2150
2154
2158
2159
2161
2165
2166
2167
2168
2169
2175
2176
2178
2181
2184
2186
2189
2190
2191
2192
2196
2197
2198
2200
2202
2209
2212
2214
2220
2221
2225
2228
2230
2231
2232
2236
2237
2242
2243
2245
2247
2248
2251
2252
2255
2259
2260
2264
2268
2279
2285
2288
2293
2294
2298
2301
2313
2318
2321
2322
2324
2332
2335
2338
2347
2356
2357
2364
2368
2371
2372
2373
2376
2381
2382
2385
2387
2393
2402
2403
2404
2408
2409
2413
2417
2420
2421
2424
2430
2432
2435
2441
2449
2452
2453
2464
2468
2471
2472
2483
2484
2492
2493
2496
2498
2503
2507
2514
2523
2537
2539
2540
2543
2553
2556
2558
2562
2567
2573
2578
2580
2581
2584
2586
2588
2593
2594
2595
2597
2599
2601
2606
2609
2610
2613
2614
2620
2622
2628
2633
2634
2636
2638
2641
2643
2644
2645
2649
2651
2654
2660
2662
2665
2669
2673
2674
2675
2676
2681
2685
2686
2691
2692
2693
2697
2701
2704
2714
2716
2719
2721
2723
2727
2728
2731
2733
2739
2740
2741
2750
2763
2764
2768
2769
2773
2777
2778
2780
2781
2782
2787
2789
2791
2793
2796
2803
2807
2808
2814
2815
2816
2819
2820
2824
2827
2840
2842
2843
2849
2854
2855
2857
2870
2871
2876
2877
2879
2880
2882
2884
2885
2891
2893
2895
2899
2904
2912
2917
2918
2919
2921
2922
2923
2924
2927
2937
2943
2944
2945
2949
2953
2965
2966
2968
2974
2977
2978
2984
2989
2993
2998
2999
3005
3006
3011
3016
3017
3027
3029
3030
3033
3035
3040
3044
3047
3048
3052
3057
3065
3068
3069
3077
3078
3084
3086
3087
3088
3089
3090
3091
3095
3098
3102
3106
3109
3115
3118
3119
3120
3125
3126
3127
3128
3134
3137
3138
3139
3140
3142
3144
3146
3149
3152
3158
3159
3166
3169
3175
3181
3189
3190
3192
3195
3203
3204
3205
3209
3214
3215
3217
3218
3219
3221
3224
3225
3229
3239
3250
3256
3259
3263
3264
3266
3270
3272
3275
3276
3283
3285
3286
3293
3297
3298
3307
3311
3313
3315
3319
3325
3329
3330
3331
3336
3337
3338
3341
3344
3348
3350
3354
3355
3356
3360
3363
3367
3372
3373
3374
3382
3383
3384
3386
3387
3393
3398
3399
3400
3406
3413
3416
3421
3426
3427
3429
3430
3433
3439
3446
3448
3454
3460
3461
3465
3467
3473
3483
3484
3487
3491
3494
3495
3496
3501
3509
3520
3522
3534
3537
3539
3552
3557
3561
3565
3568
3569
3573
3576
3583
3587
3589
3593
3594
3595
3597
3600
3601
3603
3614
3622
3623
3624
3625
3627
3628
3629
3631
3636
3640
3642
3644
3657
3660
3666
3668
3670
3675
3679
3683
3684
3689
3692
3696
3702
3703
3705
3707
3709
3711
3717
3719
3721
3725
3728
3731
3732
3739
3743
3751
3752
3755
3756
3760
3766
3770
3772
3773
3781
3788
3793
3798
3804
3812
3813
3814
3820
3824
3827
3829
3832
3835
3838
3851
3853
3855
3862
3869
3870
3873
3877
3879
3881
3882
3885
3889
3893
3897
3898
3902
3910
3911
3914
3920
3921
3925
3926
3927
3933
3939
3945
3948
3952
3954
3957
3963
3969
3971
3972
3974
3980
3981
3982
3984
3990
3991
3997
3998
3999
4002
4004
4005
4011
4012
4014
4016
4017
4019
4021
4030
4031
4044
4045
4053
4065
4069
4070
4074
4086
4090
4093
4095
4096
4102
4103
4104
4107
4112
4113
4114
4119
4122
4126
4129
4131
4136
4137
4140
4143
4149
4152
4154
4159
4162
4165
4172
4174
4177
4180
4181
4185
4191
4194
4196
4212
4213
4216
4218
4221
4224
4230
4235
4244
4249
4254
4256
4257
4258
4259
4266
4267
4270
4271
4278
4281
4286
4289
4291
4292
4300
4303
4304
4306
4310
4316
4318
4322
4323
4325
4331
4335
4346
4348
4352
4353
4359
4361
4363
4371
4373
4380
4382
4385
4389
4394
4395
4398
4399
4401
4403
4408
4410
4414
4416
4420
4421
4424
4425
4426
4427
4429
4431
4432
4433
4437
4438
4439
4445
4450
4453
4457
4458
4463
4466
4468
4472
4474
4476
4481
4486
4488
4496
4498
4500
4502
4503
4506
4509
4512
4513
4515
4518
4523
4527
4528
4529
4530
4533
4534
4535
4539
4540
4544
4546
4549
4550
4551
4552
4554
4559
4570
4572
4574
4575
4576
4582
4583
4584
4586
4587
4588
4594
4595
4597
4598
4602
4603
4604
4609
4612
4613
4614
4616
4617
4618
4624
4629
4630
4632
4633
4636
4642
4649
4652
4654
4655
4656
4657
4659
4664
4666
4669
4674
4675
4676
4682
4684
4687
4689
4691
4698
4705
4715
4717
4718
4719
4720
4721
4722
4725
4727
4731
4736
4743
4747
4748
4750
4752
4763
4766
4772
4773
4777
4781
4785
4787
4791
4793
4796
4798
4803
4805
4806
4807
4808
4809
4816
4820
4822
4826
4830
4831
4833
4836
4840
4843
4846
4847
4848
4855
4856
4862
4865
4868
4869
4873
4875
4877
4882
4885
4886
4887
4888
4893
4894
4896
4901
4902
4906
4907
4912
4914
4916
4928
4929
4932
4935
4953
4955
4962
4963
4969
4971
4980
4982
4985
4987
4991
4993
4994
4995
4999
5001
5003
5004
5010
5012
5015
5016
5017
5019
5021
5023
5024
5029
5033
5034
5042
5044
5047
5051
5052
5055
5068
5070
5075
5081
5082
5089
5091
5092
5096
5098
5099
5109
5111
5113
5114
5116
5118
5124
5129
5130
5131
5141
5143
5148
5149
5150
5166
5177
5180
5192
5194
5200
5202
5208
5213
5215
5216
5221
5227
5230
5232
5234
5237
5238
5239
5240
5249
5256
5259
5263
5264
5267
5274
5275
5284
5288
5289
5290
5292
5295
5302
5304
5308
5312
5315
5316
5331
5337
5342
5343
5352
5355
5362
5364
5369
5375
5379
5387
5394
5395
5400
5402
5404
5412
5419
5432
5433
5434
5440
5443
5449
5460
5462
5464
5466
5471
5474
5475
5483
5490
5498
5500
5501
5504
5509
5516
5518
5522
5525
5531
5533
5538
5539
5542
5550
5564
5572
5573
5576
5577
5582
5584
5587
5588
5592
5595
5598
5603
5604
5608
5621
5623
5626
5627
5628
5633
5634
5635
5637
5640
5644
5651
5654
5663
5664
5669
5671
5673
5674
5677
5682
5687
5688
5689
5690
5692
5697
5699
5702
5703
5710
5712
5715
5726
5727
5728
5730
5732
5737
5740
5757
5763
5766
5769
5771
5772
5776
5781
5783
5784
5789
5791
5792
5804
5811
5813
5815
5817
5820
5821
5822
5823
5826
5831
5836
5838
5846
5854
5856
5858
5861
5871
5872
5873
5880
5887
5888
5898
5905
5906
5908
5910
5912
5919
5927
5928
5931
5932
5940
5941
5943
5944
5947
5949
5954
5955
5958
5961
5962
5965
5972
5974
5979
5983
5986
5990
5991
5992
5994
6000
6003
6009
6012
6014
6019
6022
6023
6029
6033
6034
6039
6040
6041
6042
6046
6048
6053
6056
6062
6064
6069
6076
6083
6085
6088
6106
6110
6113
6116
6118
6121
6123
6135
6137
6138
6146
6148
6149
6153
6154
6157
6165
6173
6175
6187
6190
6191
6195
6196
6197
6205
6207
6211
6215
6218
6221
6224
6235
6236
6238
6242
6243
6250
6253
6256
6257
6258
6264
6266
6268
6271
6276
6277
6289
6291
6292
6297
6300
6322
6333
6335
6339
6340
6346
6350
6351
6352
6355
6359
6366
6370
6373
6374
6377
6379
6383
6384
6392
6397
6402
6403
6415
6421
6426
6429
6431
6436
6450
6452
6455
6463
6466
6468
6470
6471
6484
6485
6489
6493
6501
6505
6507
6512
6524
6526
6529
6531
6532
6552
6553
6558
6564
6573
6576
6579
6584
6588
6589
6591
6597
6604
6608
6610
6617
6618
6619
6620
6622
6626
6632
6638
6640
6643
6645
6650
6666
6667
6668
6670
6679
6683
6687
6689
6693
6695
6702
6703
6704
6705
6709
6711
6714
6716
6718
6719
6722
6727
6730
6735
6743
6754
6755
6760
6765
6770
6772
6774
6776
6777
6778
6788
6789
6807
6809
6819
6822
6823
6829
6840
6846
6855
6857
6863
6872
6877
6881
6883
6884
6891
6895
6896
6904
6906
6908
6912
6914
6918
6924
6926
6928
6932
6935
6940
6946
6950
6952
6962
6963
6966
6970
6973
6974
6976
6982
6990
6996
6997
7000
7005
7012
7016
7020
7025
7026
7030
7032
7033
7038
7045
7054
7068
7069
7071
7076
7077
7078
7079
7080
7081
7090
7092
7100
7101
7105
7106
7116
7120
7121
7126
7129
7134
7136
7154
7156
7168
7170
7171
7173
7184
7187
7200
7211
7222
7225
7229
7234
7241
7242
7250
7251
7253
7254
7255
7261
7263
7267
7272
7293
7294
7295
7298
7302
7313
7316
7319
7323
7325
7326
7330
7333
7334
7341
7343
7349
7353
7354
7358
7360
7369
7373
7374
7376
7385
7386
7396
7400
7408
7417
7418
7426
7433
7437
7439
7448
7456
7460
7462
7464
7466
7473
7478
7480
7482
7488
7489
7490
7499
7500
7503
7509
7515
7516
7517
7526
7530
7532
7536
7542
7543
7553
7557
7558
7560
7561
7565
7569
7584
7585
7591
7593
7599
7604
7609
7610
7612
7621
7626
7628
7629
7635
7644
7649
7659
7667
7673
7677
7682
7683
7687
7693
7696
7701
7702
7713
7715
7718
7720
7728
7733
7738
7742
7743
7744
7748
7754
7755
7759
7763
7765
7766
7774
7777
7781
7789
7797
7804
7806
7810
7817
7833
7839
7842
7843
7844
7847
7849
7852
7861
7863
7864
7865
7866
7876
7877
7878
7906
7909
7911
7912
7917
7930
7932
7938
7940
7943
7945
7946
7952
7953
7957
7958
7966
7974
7975
7976
7995
7996
8009
8010
8011
8012
8015
8030
8032
8033
8035
8036
8038
8041
8044
8045
8048
8049
8054
8062
8064
8066
8072
8073
8081
8090
8093
8100
8102
8113
8117
8124
8130
8135
8138
8149
8150
8151
8154
8156
8157
8160
8175
8185
8187
8194
8207
8209
8214
8219
8220
8221
8223
8224
8228
8238
8241
8249
8251
8252
8255
8259
8268
8278
8280
8286
8290
8301
8305
8309
8327
8339
8340
8347
8355
8364
8369
8383
8408
8415
8417
8426
8430
8443
8444
8456
8463
8465
8471
8478
8488
8489
8498
8518
8524
8527
8530
8533
8539
8543
8545
8548
8550
8554
8558
8567
8569
8578
8592
8595
8622
8631
8638
8643
8645
8653
8667
8672
8681
8687
8689
8691
8694
8696
8700
8701
8708
8712
8722
8730
8733
8737
8743
8744
8768
8770
8778
8789
8823
8824
8831
8837
8842
8844
8846
8849
8853
8868
8869
8870
8872
8873
8875
8882
8885
8891
8903
8905
8917
8923
8926
8928
8929
8942
8958
8964
8968
8973
8980
8981
8986
8990
8998
9007
9018
9030
9037
9038
9044
9050
9073
9078
9084
9089
9090
9092
9096
9100
9104
9120
9126
9131
9135
9143
9149
9159
9163
9164
9165
9167
9181
9184
9188
9197
9199
9204
9208
9209
9210
9215
9219
9227
9228
9240
9242
9243
9246
9248
9253
9254
9259
9268
9277
9283
9284
9298
9312
9316
9338
9343
9347
9350
9354
9362
9368
9388
9410
9415
9416
9421
9422
9428
9437
9442
9450
9453
9459
9464
9469
9475
9485
9500
9501
9512
9522
9526
9530
9535
9541
9544
9546
9547
9567
9577
9579
9580
9582
9588
9593
9602
9634
9649
9651
9667
9668
9672
9674
9684
9696
9710
9714
9717
9719
9720
9723
9726
9727
9732
9742
9746
9747
9749
9753
9758
9762
9768
9784
9792
9800
9802
9804
9806
9812
9829
9842
9844
9848
9850
9856
9858
9860
9870
9876
9879
9884
9893
9898
9909
9915
9916
9924
9928
9931
9936
9937
9947
9952
9954
9956
9967
9974
10004
10005
10010
10022
10023
10024
10028
10029
10048
10050
10056
10058
10063
10075
10082
10089
10108
10122
10124
10138
10139
10140
10142
10143
10146
10163
10173
10177
10178
10179
10185
10204
10206
10207
10210
10211
10217
10218
10229
10235
10238
10239
10240
10244
10246
10251
10258
10270
10271
10275
10283
10286
10296
10298
10303
10310
10313
10315
10316
10321
10324
10333
10339
10340
10347
10358
10378
10379
10381
10384
10386
10390
10391
10392
10394
10397
10400
10406
10408
10410
10414
10423
10428
10429
10434
10435
10443
10451
10453
10460
10462
10463
10474
10477
10478
10484
10485
10490
10493
10496
10505
10515
10521
10529
10544
10546
10549
10551
10553
10557
10559
10561
10564
10570
10572
10573
10575
10578
10580
10584
10589
10597
10604
10605
10610
10613
10616
10621
10625
10630
10631
10635
10636
10640
10641
10642
10658
10659
10660
10667
10670
10671
10674
10676
10680
10683
10685
10693
10697
10704
10705
10706
10712
10716
10723
10725
10732
10743
10745
10748
10749
10753
10754
10760
10768
10773
10778
10785
10792
10812
10813
10818
10821
10822
10823
10825
10835
10837
10841
10845
10846
10850
10852
10856
10857
10862
10888
10894
10905
10906
10914
10919
10920
10928
10934
10944
10945
10946
10948
10958
10963
10973
10976
10989
10993
11003
11007
11015
11016
11018
11019
11021
11026
11032
11033
11037
11040
11045
11063
11069
11074
11090
11098
11115
11116
11121
11122
11134
11138
11146
11154
11155
11163
11167
11170
11176
11177
11181
11183
11190
11192
11194
11202
11203
11208
11209
11218
11223
11236
11257
11258
11260
11263
11266
11280
11283
11286
11294
11318
11321
11331
11333
11340
11342
11347
11351
11353
11354
11361
11380
11392
11397
11404
11409
11415
11418
11419
11438
11443
11446
11450
11461
11467
11470
11473
11474
11476
11483
11493
11496
11500
11502
11503
11505
11506
11519
11529
11533
11548
11551
11556
11562
11576
11580
11582
11583
11593
11602
11612
11614
11629
11634
11651
11663
11669
11674
11684
11685
11687
11695
11698
11701
11702
11713
11715
11723
11725
11726
11729
11734
11735
11751
11752
11762
11777
11779
11782
11784
11791
11798
11799
11807
11810
11812
11813
11834
11837
11840
11845
11852
11863
11868
11876
11877
11878
11884
11886
11890
11903
11905
11925
11926
11931
11941
11946
11948
11949
11961
11969
11975
11977
11984
11987
11993
11995
11997
12014
12017
12019
12021
12023
12025
12030
12031
12036
12037
12038
12039
12046
12053
12055
12057
12061
12073
12076
12083
12087
12097
12103
12122
12129
12131
12135
12150
12153
12156
12161
12166
12167
12172
12173
12178
12184
12186
12190
12192
12198
12199
12203
12208
12210
12214
12220
12230
12231
12235
12239
12243
12250
12262
12263
12264
12269
12275
12280
12291
12292
12296
12303
12304
12308
12313
12314
12316
12323
12332
12340
12342
12343
12346
12350
12352
12353
12364
12373
12376
12377
12381
12387
12390
12391
12399
12402
12410
12414
12423
12426
12430
12439
12447
12449
12454
12466
12467
12471
12481
12488
12502
12504
12505
12518
12521
12523
12526
12534
12535
12557
12559
12573
12575
12590
12591
12599
12609
12615
12629
12631
12636
12645
12647
12650
12653
12656
12660
12666
12668
12680
12687
12692
12702
12706
12709
12710
12717
12718
12721
12724
12727
12728
12730
12733
12743
12747
12750
12754
12757
12760
12765
12766
12778
12788
12791
12794
12805
12809
12810
12814
12818
12819
12820
12829
12832
12836
12837
12840
12845
12853
12854
12860
12869
12872
12873
12876
12879
12883
12889
12892
12893
12905
12911
12913
12927
12936
12940
12947
12950
12955
12961
12963
12964
12970
12972
12973
12975
12977
12978
12979
12982
12989
12991
12998
13014
13018
13020
13025
13027
13042
13046
13049
13063
13074
13075
13081
13085
13091
13092
13098
13100
13110
13114
13118
13121
13122
13129
13132
13134
13135
13138
13141
13143
13144
13150
13152
13155
13157
13172
13173
13175
13181
13184
13185
13200
13209
13213
13215
13216
13217
13222
13235
13243
13245
13248
13258
13264
13267
13268
13274
13275
13276
13280
13287
13289
13296
13301
13302
13318
13337
13341
13342
13345
13354
13359
13360
13362
13379
13382
13393
13396
13397
13398
13400
13401
13403
13416
13419
13424
13428
13433
13436
13437
13441
13449
13450
13451
13453
13455
13458
13465
13468
13473
13479
13480
13483
13484
13485
13488
13498
13504
13506
13508
13510
13521
13530
13531
13533
13534
13536
13548
13555
13561
13567
13568
13571
13572
13573
13584
13586
13594
13602
13608
13611
13614
13615
13616
13618
13620
13631
13638
13646
13649
13654
13663
13668
13669
13671
13687
13693
13695
13698
13700
13705
13712
13714
13718
13719
13720
13728
13731
13733
13734
13735
13739
13742
13746
13763
13768
13771
13772
13781
13783
13786
13788
13802
13809
13810
13811
13814
13816
13817
13818
13821
13822
13833
13848
13849
13856
13857
13859
13873
13883
13885
13888
13891
13898
13902
13909
13910
13925
13934
13938
13943
13946
13949
13952
13958
13972
13979
13983
13984
13986
13989
13996
13998
13999
14005
14016
14030
14033
14042
14043
14051
14054
14056
14057
14068
14089
14092
14094
14097
14099
14103
14110
14111
14112
14137
14149
14152
14153
14155
14156
14159
14165
14167
14174
14179
14180
14190
14194
14207
14211
14212
14213
14214
14218
14219
14223
14225
14226
14228
14237
14240
14244
14245
14249
14250
14255
14257
14258
14264
14275
14293
14318
14324
14335
14337
14343
14346
14350
14351
14352
14353
14360
14370
14386
14393
14397
14398
14403
14409
14411
14418
14419
14420
14422
14426
14427
14429
14430
14432
14436
14437
14438
14441
14446
14447
14454
14456
14458
14463
14465
14467
14469
14471
14473
14474
14485
14487
14490
14495
14508
14511
14513
14514
14519
14521
14525
14528
14533
14535
14536
14540
14551
14556
14563
14566
14572
14574
14575
14579
14592
14593
14596
14597
14600
14606
14609
14615
14620
14623
14625
14626
14629
14632
14633
14635
14643
14654
14657
14671
14673
14700
14709
14714
14717
14718
14720
14721
14727
14728
14729
14730
14739
14750
14756
14758
14762
14764
14767
14781
14784
14788
14796
14797
14798
14799
14813
14814
14815
14820
14826
14831
14832
14841
14849
14851
14852
14854
14857
14861
14865
14869
14871
14886
14892
14895
14899
14902
14906
14909
14910
14927
14935
14936
14937
14940
14943
14950
14962
14963
14964
14965
14966
14968
14969
14984
14985
14986
14993
14996
14998
15013
15017
15039
15055
15066
15071
15072
15076
15077
15082
15087
15090
15096
15102
15107
15109
15114
15115
15120
15127
15131
15133
15140
15141
15144
15145
15146
15148
15155
15156
15170
15171
15191
15193
15195
15202
15213
15219
15225
15231
15240
15244
15248
15250
15255
15256
15264
15266
15281
15293
15310
15323
15331
15332
15344
15346
15349
15352
15355
15357
15358
15362
15369
15376
15378
15379
15390
15391
15413
15416
15418
15419
15427
15442
15448
15455
15461
15463
15464
15481
15482
15483
15486
15489
15494
15500
15507
15508
15512
15517
15518
15532
15535
15539
15557
15558
15561
15577
15578
15584
15587
15593
15613
15634
15639
15641
15646
15653
15662
15670
15676
15680
15697
15707
15710
15714
15718
15722
15741
15751
15754
15764
15766
15768
15769
15771
15775
15779
15784
15786
15805
15806
15807
15815
15816
15821
15824
15827
15835
15846
15855
15857
15865
15871
15874
15879
15880
15902
15906
15907
15909
15913
15914
15917
15922
15925
15927
15932
15938
15942
15963
15967
15972
15990
16000
16005
16012
16024
16031
16038
16061
16063
16064
16075
16080
16086
16096
16098
16102
16103
16106
16114
16117
16126
16133
16135
16138
16139
16144
16151
16155
16157
16165
16167
16183
16194
16218
16236
16242
16243
16246
16249
16252
16254
16258
16265
16273
16287
16294
16299
16301
16302
16305
16310
16311
16314
16315
16324
16329
16333
16336
16342
16343
16353
16355
16359
16360
16373
16378
16383
16384
16391
16394
16395
16401
16408
16409
16413
16428
16430
16435
16439
16451
16457
16466
16468
16474
16480
16483
16492
16493
16494
16497
16503
16519
16527
16532
16539
16542
16553
16556
16558
16568
16570
16582
16584
16585
16587
16589
16591
16593
16605
16606
16617
16625
16632
16638
16645
16649
16652
16662
16673
16674
16686
16690
16692
16700
16706
16707
16721
16722
16730
16747
16748
16753
16759
16764
16767
16770
16782
16784
16785
16805
16811
16816
16817
16822
16831
16836
16837
16853
16855
16857
16862
16868
16871
16877
16879
16886
16890
16894
16895
16899
16903
16908
16910
16911
16917
16918
16923
16935
16939
16940
16944
16963
16966
16969
16977
16982
16983
16985
16989
16990
16991
16995
17001
17003
17008
17013
17022
17031
17033
17039
17048
17049
17050
17062
17068
17072
17074
17076
17082
17088
17094
17100
17115
17118
17124
17125
17130
17134
17140
17141
17142
17147
17149
17151
17159
17166
17173
17175
17184
17185
17192
17193
17206
17209
17215
17222
17224
17229
17238
17246
17250
17251
17254
17260
17263
17269
17275
17279
17280
17286
17290
17291
17302
17315
17321
17325
17326
17329
17330
17331
17332
17340
17345
17346
17349
17357
17372
17376
17382
17388
17391
17392
17395
17396
17397
17410
17413
17417
17419
17423
17424
17426
17433
17446
17450
17451
17455
17456
17462
17467
17470
17479
17480
17483
17493
17496
17499
17501
17514
17533
17540
17544
17548
17550
17556
17558
17566
17567
17572
17575
17582
17588
17591
17599
17600
17605
17617
17620
17626
17633
17641
17651
17653
17662
17669
17675
17678
17689
17696
17704
17707
17732
17733
17735
17737
17739
17746
17767
17768
17769
17770
17778
17782
17787
17790
17792
17794
17800
17804
17808
17810
17817
17823
17827
17830
17831
17834
17835
17837
17842
17850
17851
17857
17860
17863
17867
17878
17885
17886
17896
17900
17910
17925
17933
17934
17939
17940
17955
17961
17964
17966
17969
17981
17982
17983
17992
17995
18000
18015
18019
18021
18029
18035
18038
18043
18044
18048
18049
18056
18070
18076
18082
18085
18101
18113
18114
18117
18133
18149
18160
18167
18170
18172
18174
18175
18176
18177
18179
18183
18184
18185
18189
18201
18211
18212
18216
18221
18228
18234
18242
18244
18246
18249
18277
18279
18280
18281
18284
18287
18288
18294
18295
18299
18300
18301
18304
18306
18308
18309
18310
18311
18314
18316
18326
18327
18350
18351
18358
18374
18381
18387
18388
18401
18404
18421
18423
18434
18439
18446
18450
18456
18458
18462
18467
18473
18477
18493
18494
18496
18502
18514
18520
18527
18532
18533
18537
18540
18550
18552
18554
18566
18567
18568
18576
18591
18601
18604
18615
18626
18630
18646
18648
18653
18663
18669
18675
18684
18690
18695
18698
18716
18718
18729
18733
18735
18745
18748
18753
18754
18756
18763
18766
18774
18782
18785
18786
18793
18803
18815
18820
18832
18837
18838
18850
18852
18869
18874
18877
18878
18879
18883
18884
18887
18898
18906
18909
18910
18914
18917
18919
18925
18928
18936
18939
18943
18971
18990
18992
18996
18997
18999
19006
19009
19014
19023
19038
19049
19053
19054
19057
19059
19062
19063
19068
19073
19085
19087
19088
19095
19096
19105
19106
19110
19118
19122
19132
19138
19145
19150
19154
19162
19164
19171
19181
19186
19187
19188
19189
19192
19196
19201
19202
19211
19222
19229
19231
19234
19239
19240
19245
19256
19260
19262
19263
19264
19268
19273
19275
19276
19280
19281
19284
19285
19288
19300
19304
19307
19313
19316
19318
19321
19322
19327
19333
19336
19343
19347
19351
19353
19354
19369
19376
19377
19380
19382
19396
19402
19409
19413
19414
19423
19430
19431
19433
19440
19448
19457
19472
19473
19477
19479
19484
19489
19493
19498
19499
19515
19528
19530
19543
19550
19552
19560
19572
19573
19581
19584
19585
19588
19595
19597
19600
19604
19608
19612
19621
19626
19631
19635
19636
19652
19655
19657
19667
19670
19671
19680
19682
19685
19687
19689
19691
19701
19702
19704
19705
19708
19709
19711
19729
19731
19733
19742
19755
19757
19763
19777
19787
19804
19815
19822
19827
19830
19841
19846
19849
19850
19864
19871
19885
19887
19893
19896
19900
19902
19903
19904
19907
19916
19917
19925
19928
19932
19945
19946
19950
19955
19956
19957
19959
19969
19979
19982
19984
19999
20006
20012
20017
20021
20028
20035
20038
20041
20044
20049
20054
20062
20077
20082
20088
20097
20100
20104
20114
20121
20128
20139
20142
20144
20145
20149
20157
20162
20164
20171
20173
20183
20185
20197
20200
20210
20214
20216
20218
20226
20228
20232
20238
20240
20242
20248
20250
20260
20285
20288
20293
20301
20302
20304
20308
20315
20319
20330
20332
20334
20335
20340
20347
20348
20349
20352
20364
20365
20372
20385
20388
20389
20392
20397
20404
20409
20414
20420
20422
20432
20433
20436
20446
20451
20453
20458
20466
20469
20473
20477
20483
20484
20491
20492
20498
20503
20505
20509
20512
20522
20537
20543
20546
20550
20552
20557
20562
20567
20581
20583
20585
20587
20588
20591
20593
20602
20607
20609
20617
20628
20630
20636
20645
20647
20653
20658
20671
20677
20679
20680
20683
20690
20693
20694
20695
20698
20704
20706
20710
20711
20713
20720
20722
20727
20728
20729
20730
20733
20736
20738
20741
20747
20749
20751
20756
20758
20776
20811
20812
20818
20829
20833
20837
20839
20842
20846
20848
20850
20853
20865
20878
20879
20880
20884
20886
20891
20893
20894
20897
20903
20910
20913
20916
20924
20929
20941
20942
20943
20948
20950
20951
20956
20960
20961
20962
20963
20969
20972
20973
20974
20981
20987
20995
20996
20999
21002
21003
21004
21006
21010
21011
21022
21024
21025
21026
21027
21038
21039
21042
21045
21046
21050
21058
21059
21061
21062
21067
21072
21076
21077
21082
21088
21098
21106
21109
21115
21120
21122
21124
21125
21128
21134
21141
21145
21150
21151
21155
21159
21162
21170
21173
21179
21180
21181
21182
21192
21193
21200
21205
21209
21211
21214
21223
21229
21234
21235
21249
21252
21255
21267
21270
21276
21278
21288
21293
21297
21303
21306
21307
21308
21309
21310
21316
21322
21323
21325
21326
21329
21330
21336
21343
21344
21348
21350
21351
21352
21354
21355
21356
21363
21364
21365
21372
21377
21384
21387
21388
21391
21397
21401
21410
21418
21423
21424
21426
21427
21429
21430
21435
21436
21442
21448
21452
21453
21455
21458
21462
21466
21472
21477
21485
21499
21501
21502
21503
21507
21511
21514
21515
21523
21524
21526
21527
21536
21537
21540
21542
21544
21545
21550
21562
21570
21573
21577
21590
21597
21600
21602
21604
21605
21606
21607
21608
21609
21612
21613
21624
21626
21627
21630
21631
21643
21654
21664
21667
21671
21672
21673
21676
21684
21689
21692
21694
21695
21700
21701
21703
21717
21721
21722
21723
21726
21730
21736
21745
21747
21752
21759
21763
21766
21767
21768
21776
21781
21794
21803
21804
21809
21811
21813
21814
21816
21824
21831
21834
21835
21844
21846
21849
21851
21855
21865
21872
21873
21875
21876
21882
21884
21886
21888
21892
21893
21894
21896
21899
21900
21901
21904
21915
21927
21933
21939
21942
21950
21958
21959
21973
21975
21980
21981
21991
21992
21998
22000
22002
22003
22005
22007
22015
22025
22035
22037
22052
22056
22057
22058
22060
22062
22063
22064
22073
22074
22077
22083
22095
22102
22104
22107
22108
22116
22118
22122
22132
22133
22139
22149
22156
22157
22165
22171
22178
22180
22181
22182
22212
22218
22220
22222
22224
22228
22231
22232
22242
22247
22253
22257
22260
22264
22268
22269
22271
22275
22278
22285
22286
22289
22294
22298
22308
22310
22311
22319
22320
22321
22327
22328
22334
22335
22337
22338
22340
22342
22347
22354
22357
22358
22360
22363
22364
22369
22370
22371
22375
22377
22384
22391
22392
22393
22394
22397
22400
22402
22403
22404
22406
22409
22410
22415
22416
22418
22419
22423
22428
22431
22432
22436
22447
22448
22457
22467
22470
22471
22480
22482
22493
22498
22499
22503
22508
22515
22521
22524
22543
22549
22553
22559
22561
22563
22573
22574
22576
22577
22578
22584
22597
22598
22601
22604
22611
22619
22621
22629
22630
22638
22640
22643
22644
22648
22651
22653
22654
22657
22661
22662
22673
22675
22677
22685
22689
22690
22691
22696
22701
22702
22706
22708
22712
22714
22720
22721
22725
22727
22730
22733
22738
22740
22744
22745
22746
22753
22754
22757
22762
22763
22777
22779
22781
22783
22786
22789
22799
22801
22803
22808
22812
22813
22814
22816
22819
22820
22823
22824
22828
22832
22834
22837
22839
22840
22847
22849
22853
22858
22865
22867
22869
22878
22885
22889
22893
22895
22896
22897
22906
22915
22923
22925
22937
22938
22939
22950
22951
22957
22960
22961
22963
22968
22969
22971
22975
22976
22979
22981
22983
22987
22993
22997
22999
23002
23003
23004
23009
23011
23018
23025
23026
23028
23033
23046
23049
23062
23067
23069
23071
23084
23090
23092
23096
23099
23101
23112
23115
23118
23120
23125
23130
23131
23139
23143
23149
23155
23157
23158
23161
23165
23168
23172
23173
23180
23181
23186
23188
23191
23197
23200
23202
23206
23207
23208
23210
23213
23214
23216
23218
23221
23224
23228
23230
23233
23235
23241
23245
23250
23259
23269
23272
23273
23274
23275
23278
23284
23285
23286
23290
23293
23295
23296
23300
23305
23317
23321
23325
23326
23334
23340
23347
23349
23350
23352
23356
23359
23362
23363
23369
23375
23379
23383
23385
23391
23401
23408
23412
23413
23414
23420
23434
23436
23451
23452
23455
23456
23457
23458
23461
23465
23466
23467
23468
23471
23473
23477
23482
23487
23490
23493
23498
23501
23506
23509
23510
23511
23521
23529
23545
23549
23551
23552
23568
23571
23572
23577
23580
23595
23597
23604
23605
23611
23612
23614
23616
23622
23625
23627
23629
23631
23634
23637
23644
23648
23654
23665
23666
23668
23670
23671
23672
23685
23691
23693
23709
23710
23711
23712
23716
23721
23728
23739
23741
23745
23749
23763
23767
23769
23772
23773
23774
23777
23783
23787
23790
23796
23805
23809
23811
23816
23817
23823
23828
23843
23846
23851
23853
23854
23855
23858
23860
23861
23862
23878
23884
23893
23908
23912
23915
23916
23918
23922
23923
23926
23928
23934
23940
23941
23942
23944
23948
23949
23951
23957
23960
23962
23967
23968
23976
23979
23987
23992
23996
23997
23999
24001
24013
24015
24018
24027
24031
24037
24044
24046
24050
24053
24057
24063
24065
24073
24076
24082
24087
24092
24094
24095
24098
24102
24103
24112
24115
24122
24133
24134
24137
24140
24142
24146
24148
24157
24160
24161
24168
24170
24175
24177
24181
24185
24189
24190
24191
24192
24195
24196
24197
24202
24203
24204
24207
24214
24218
24221
24222
24229
24234
24236
24237
24239
24243
24246
24247
24251
24252
24256
24259
24261
24264
24265
24267
24271
24275
24276
24277
24278
24283
24292
24294
24295
24304
24308
24309
24315
24317
24322
24324
24325
24331
24344
24348
24349
24357
24359
24360
24368
24370
24371
24372
24376
24383
24385
24390
24392
24398
24402
24404
24407
24413
24414
24416
24419
24422
24424
24425
24431
24433
24440
24448
24454
24455
24457
24461
24462
24463
24468
24469
24470
24475
24476
24479
24480
24486
24494
24496
24497
24503
24504
24511
24513
24514
24521
24524
24525
24527
24537
24538
24540
24541
24551
24556
24558
24559
24560
24561
24565
24566
24567
24571
24578
24580
24583
24586
24599
24602
24606
24607
24610
24612
24620
24626
24627
24629
24634
24637
24641
24643
24654
24659
24661
24666
24667
24668
24669
24672
24682
24690
24693
24695
24696
24702
24704
24711
24712
24720
24721
24723
24727
24730
24731
24734
24735
24737
24740
24741
24744
24748
24750
24752
24758
24759
24763
24765
24772
24773
24775
24776
24777
24780
24781
24782
24784
24786
24791
24793
24794
24796
24797
24798
24802
24804
24805
24806
24809
24818
24819
24823
24824
24827
24829
24839
24840
24844
24845
24847
24848
24860
24861
24862
24868
24869
24870
24873
24877
24878
24886
24889
24890
24892
24894
24900
24901
24912
24917
24920
24922
24923
24928
24929
24930
24934
24935
24936
24946
24949
24952
24955
24957
24958
24960
24961
24970
24973
24974
24978
24979
24981
24983
24989
24991
24994
24997
25004
25012
25021
25025
25026
25030
25031
25033
25035
25036
25038
25041
25043
25045
25047
25056
25058
25062
25066
25067
25069
25070
25073
25075
25076
25078
25080
25081
25087
25093
25095
25096
25103
25105
25109
25110
25113
25114
25116
25117
25121
25123
25125
25127
25134
25137
25140
25146
25151
25152
25158
25160
25163
25175
25177
25180
25183
25188
25189
25194
25196
25197
25199
25204
25205
25207
25209
25212
25218
25229
25232
25233
25236
25238
25240
25244
25249
25255
25260
25267
25274
25275
25281
25282
25286
25288
25289
25292
25295
25298
25302
25304
25309
25310
25312
25313
25316
25318
25327
25341
25350
25353
25358
25360
25361
25363
25370
25371
25375
25383
25385
25388
25389
25392
25394
25398
25401
25402
25404
25422
25424
25426
25429
25431
25436
25442
25443
25453
25461
25462
25466
25471
25474
25479
25488
25489
25490
25491
25492
25494
25496
25499
25503
25510
25516
25517
25518
25523
25531
25533
25534
25535
25544
25545
25546
25550
25552
25565
25567
25569
25570
25575
25579
25581
25582
25585
25594
25596
25602
25606
25616
25624
25627
25630
25633
25642
25646
25647
25650
25652
25654
25655
25657
25665
25667
25670
25671
25674
25683
25687
25688
25692
25693
25694
25695
25696
25699
25701
25702
25705
25707
25710
25717
25719
25727
25731
25743
25745
25759
25766
25767
25770
25772
25773
25777
25782
25784
25790
25796
25801
25803
25804
25805
25810
25814
25819
25821
25825
25835
25838
25841
25843
25844
25845
25849
25858
25859
25861
25864
25865
25867
25874
25875
25876
25879
25881
25886
25887
25891
25892
25893
25897
25903
25907
25916
25917
25918
25919
25920
25927
25929
25930
25938
25940
25943
25945
25947
25948
25952
25955
25963
25968
25969
25971
25973
25977
25981
25983
25984
25988
25989
25991
25993
25995
25997
26006
26007
26015
26019
26020
26021
26025
26026
26030
26036
26037
26039
26044
26047
26050
26051
26053
26067
26068
26071
26075
26078
26079
26082
26092
26094
26095
26104
26106
26110
26112
26114
26126
26127
26129
26130
26132
26133
26137
26139
26140
26141
26145
26146
26156
26158
26170
26171
26173
26175
26176
26179
26182
26184
26188
26191
26193
26195
26196
26201
26202
26204
26207
26209
26214
26216
26220
26224
26228
26229
26238
26239
26241
26242
26250
26258
26259
26260
26267
26274
26275
26280
26284
26294
26295
26296
26298
26299
26302
26303
26309
26310
26317
26320
26322
26325
26329
26333
26334
26335
26341
26343
26345
26349
26351
26352
26353
26355
26356
26360
26361
26362
26367
26368
26371
26385
26386
26388
26390
26394
26397
26399
26400
26402
26404
26406
26407
26409
26410
26415
26416
26417
26419
26425
26428
26435
26438
26441
26445
26446
26447
26454
26461
26463
26464
26465
26466
26471
26486
26491
26493
26498
26499
26502
26503
26504
26505
26507
26512
26516
26520
26525
26527
26529
26534
26538
26541
26544
26548
26549
26550
26551
26562
26569
26570
26583
26584
26590
26594
26597
26598
26599
26604
26616
26617
26620
26623
26624
26625
26626
26630
26632
26638
26639
26644
26646
26647
26648
26656
26657
26660
26665
26667
26668
26670
26672
26673
26674
26677
26683
26684
26687
26691
26694
26699
26703
26708
26710
26714
26719
26724
26729
26731
26739
26743
26747
26761
26762
26765
26766
26772
26775
26777
26778
26783
26787
26788
26792
26800
26808
26809
26816
26818
26820
26823
26824
26825
26829
26831
26832
26834
26835
26836
26838
26842
26843
26854
26856
26857
26861
26862
26866
26868
26870
26873
26878
26880
26885
26893
26894
26896
26898
26901
26904
26907
26915
26927
26930
26932
26934
26945
26946
26948
26953
26955
26956
26958
26960
26970
26971
26972
26974
26975
26981
26990
26993
26994
26996
26997
26999
27000
27003
27008
27009
27010
27011
27013
27018
27020
27023
27024
27026
27034
27039
27043
27045
27047
27050
27051
27054
27058
27060
27062
27065
27073
27074
27076
27077
27078
27083
27084
27100
27101
27103
27105
27106
27110
27111
27115
27117
27120
27122
27124
27125
27127
27128
27136
27137
27139
27144
27145
27147
27150
27151
27152
27156
27161
27163
27166
27169
27170
27171
27174
27176
27177
27183
27193
27194
27197
27199
27202
27205
27208
27214
27215
27216
27220
27225
27228
27233
27234
27237
27240
27241
27242
27243
27244
27245
27247
27248
27249
27252
27256
27262
27269
27271
27272
27274
27275
27276
27281
27283
27289
27290
27293
27294
27296
27299
27307
27309
27310
27315
27316
27320
27335
27336
27337
27338
27339
27343
27350
27352
27360
27368
27376
27377
27395
27398
27401
27405
27409
27414
27421
27425
27427
27428
27437
27440
27442
27443
27444
27446
27449
27452
27457
27458
27459
27460
27464
27467
27469
27477
27481
27491
27497
27505
27506
27507
27508
27511
27516
27521
27523
27524
27525
27526
27528
27530
27537
27542
27544
27549
27551
27552
27557
27561
27562
27565
27567
27569
27571
27575
27579
27588
27589
27591
27593
27597
27600
27625
27628
27630
27632
27635
27639
27643
27646
27655
27658
27661
27662
27667
27675
27676
27678
27685
27692
27693
27698
27700
27705
27706
27707
27708
27712
27715
27718
27725
27727
27730
27739
27740
27744
27746
27747
27752
27753
27755
27759
27767
27769
27770
27773
27776
27777
27778
27782
27784
27786
27788
27789
27791
27792
27796
27805
27807
27808
27809
27813
27816
27820
27822
27823
27827
27829
27830
27831
27832
27838
27839
27842
27844
27846
27850
27853
27857
27859
27860
27861
27862
27864
27865
27872
27874
27875
27877
27878
27879
27880
27883
27884
27885
27887
27889
27890
27902
27911
27913
27914
27917
27918
27919
27920
27921
27925
27929
27930
27932
27934
27937
27942
27945
27948
27950
27953
27956
27960
27961
27962
27966
27967
27969
27970
27972
27973
27976
27980
27981
27988
27991
27994
27996
27998
28008
28012
28013
28016
28026
28030
28032
28036
28040
28042
28043
28047
28052
28054
28057
28059
28060
28069
28071
28073
28080
28086
28087
28094
28095
28096
28103
28104
28105
28107
28113
28120
28121
28122
28126
28134
28139
28140
28144
28153
28155
28156
28164
28165
28168
28174
28176
28182
28183
28186
28191
28194
28197
28199
28201
28202
28203
28208
28210
28213
28214
28217
28225
28227
28228
28234
28236
28237
28240
28246
28253
28260
28261
28265
28266
28272
28273
28275
28276
28277
28284
28285
28288
28296
28298
28303
28305
28307
28309
28314
28317
28319
28320
28325
28327
28328
28329
28331
28333
28335
28338
28342
28345
28346
28351
28359
28367
28371
28374
28380
28388
28390
28391
28393
28394
28395
28396
28402
28403
28408
28413
28414
28418
28420
28425
28428
28431
28432
28434
28440
28444
28447
28448
28449
28450
28455
28457
28464
28465
28466
28468
28474
28476
28481
28484
28485
28486
28492
28493
28495
28499
28502
28503
28511
28512
28517
28526
28527
28534
28535
28540
28545
28551
28552
28553
28558
28565
28567
28569
28572
28574
28576
28578
28579
28580
28586
28591
28592
28595
28597
28599
28600
28601
28602
28605
28610
28614
28620
28621
28625
28626
28631
28634
28635
28642
28645
28650
28657
28659
28660
28663
28664
28665
28666
28669
28670
28672
28673
28677
28678
28680
28681
28683
28684
28687
28690
28691
28693
28695
28701
28706
28711
28716
28717
28719
28721
28723
28724
28739
28741
28742
28743
28745
28752
28753
28755
28758
28759
28761
28762
28767
28770
28771
28772
28773
28777
28782
28784
28787
28793
28794
28796
28804
28808
28813
28817
28819
28821
28824
28827
28835
28840
28846
28853
28855
28856
28859
28862
28868
28876
28879
28886
28888
28889
28890
28892
28896
28897
28898
28900
28905
28907
28908
28909
28912
28913
28914
28915
28919
28921
28922
28923
28924
28926
28927
28928
28931
28932
28934
28935
28942
28943
28945
28950
28953
28959
28962
28963
28964
28967
28981
28982
28984
28986
28988
28995
28996
29001
29005
29007
29013
29014
29018
29019
29020
29021
29023
29025
29027
29028
29033
29037
29039
29040
29042
29044
29048
29051
29054
29055
29056
29059
29060
29062
29063
29064
29065
29068
29069
29073
29075
29079
29082
29083
29089
29092
29093
29094
29097
29098
29099
29100
29101
29102
29104
29108
29109
29114
29115
29117
29121
29123
29124
29126
29128
29130
29132
29134
29136
29139
29142
29145
29148
29150
29151
29152
29153
29154
29155
29166
29168
29172
29175
29176
29179
29181
29182
29184
29186
29187
29190
29194
29195
29200
29201
29203
29204
29206
29209
29214
29217
29220
29222
29223
29224
29227
29229
29231
29235
29238
29239
29240
29244
29248
29249
29256
29259
29262
29267
29272
29274
29275
29276
29278
29279
29280
29281
29284
29291
29293
29305
29307
29309
29310
29317
29318
29319
29322
29323
29324
29325
29326
29328
29329
29339
29343
29345
29348
29355
29364
29367
29368
29371
29377
29380
29383
29385
29386
29389
29392
29393
29394
29404
29406
29409
29412
29413
29421
29426
29427
29431
29438
29443
29444
29446
29447
29450
29463
29465
29466
29467
29469
29472
29473
29477
29480
29481
29485
29486
29489
29498
29499
29505
29509
29511
29512
29513
29516
29525
29527
29530
29534
29538
29540
29544
29546
29547
29552
29556
29557
29559
29560
29561
29562
29571
29573
29574
29575
29580
29582
29584
29587
29590
29600
29601
29604
29605
29609
29610
29617
29622
29625
29626
29628
29629
29630
29631
29632
29633
29634
29635
29636
29639
29643
29645
29651
29656
29662
29663
29664
29667
29669
29670
29689
29692
29700
29702
29711
29713
29714
29715
29716
29717
29718
29719
29720
29721
29725
29735
29741
29742
29743
29746
29748
29753
29754
29756
29757
29758
29761
29763
29764
29766
29767
29771
29772
29773
29776
29778
29779
29783
29784
29785
29786
29788
29792
29793
29794
29795
29799
29804
29805
29809
29812
29813
29820
29821
29833
29834
29835
29837
29841
29847
29852
29853
29857
29861
29870
29874
29876
29877
29878
29879
29881
29882
29884
29888
29889
29891
29892
29894
29895
29896
29902
29904
29906
29912
29919
29921
29922
29925
29926
29930
29934
29935
29939
29940
29943
29945
29947
29948
29949
29954
29959
29960
29964
29971
29974
29987
29990
29992
29993
29994
29995
29998
30005
30007
30009
30011
30015
30016
30022
30028
30029
30032
30033
30035
30038
30039
30043
30046
30047
30048
30053
30054
30055
30058
30060
30061
30069
30077
30079
30083
30087
30093
30095
30097
30101
30105
30109
30112
30113
30114
30117
30120
30121
30123
30124
30125
30129
30134
30135
30141
30146
30150
30151
30161
30166
30167
30171
30178
30179
30181
30184
30185
30194
30195
30197
30198
30199
30200
30205
30207
30214
30215
30216
30218
30222
30223
30226
30233
30234
30237
30238
30240
30246
30249
30250
30252
30254
30256
30257
30258
30264
30267
30271
30272
30273
30274
30275
30279
30286
30287
30291
30297
30300
30303
30310
30311
30316
30317
30318
30320
30322
30323
30328
30335
30336
30337
30339
30352
30355
30356
30357
30362
30365
30373
30380
30384
30386
30388
30392
30394
30402
30406
30409
30412
30415
30417
30419
30426
30429
30431
30434
30436
30438
30441
30445
30458
30461
30466
30468
30470
30471
30473
30476
30478
30480
30487
30488
30489
30490
30492
30493
30497
30506
30509
30514
30518
30520
30523
30526
30531
30533
30534
30535
30540
30545
30546
30549
30555
30556
30557
30565
30576
30577
30584
30588
30589
30590
30591
30595
30600
30603
30604
30606
30611
30617
30623
30625
30628
30629
30631
30642
30643
30644
30651
30654
30655
30661
30666
30667
30671
30676
30679
30688
30692
30695
30696
30698
30700
30702
30706
30709
30715
30716
30721
30724
30725
30729
30733
30737
30748
30750
30751
30754
30758
30759
30761
30772
30776
30781
30782
30784
30785
30790
30792
30794
30795
30801
30805
30808
30809
30811
30813
30815
30817
30821
30827
30828
30830
30833
30835
30837
30845
30846
30848
30852
30854
30856
30858
30872
30873
30875
30878
30881
30884
30885
30886
30887
30890
30891
30893
30903
30904
30906
30909
30913
30917
30918
30927
30929
30935
30954
30956
30958
30961
30962
30963
30967
30971
30972
30977
30981
30984
30993
31011
31016
31018
31022
31025
31026
31028
31029
31033
31042
31044
31045
31046
31047
31056
31059
31062
31066
31073
31077
31078
31087
31092
31093
31094
31102
31104
31106
31107
31108
31121
31125
31127
31129
31130
31136
31137
31138
31139
31140
31142
31147
31154
31158
31161
31162
31167
31171
31173
31177
31185
31193
31195
31201
31202
31207
31208
31215
31217
31221
31231
31239
31240
31241
31242
31247
31249
31251
31255
31258
31259
31262
31263
31269
31274
31277
31279
31285
31287
31290
31293
31295
31297
31302
31303
31313
31322
31323
31326
31336
31341
31345
31346
31350
31354
31355
31358
31359
31360
31369
31370
31373
31382
31383
31386
31387
31391
31392
31394
31395
31396
31401
31406
31408
31418
31420
31421
31425
31432
31441
31442
31444
31453
31458
31461
31468
31471
31472
31477
31478
31483
31489
31492
31493
31499
31501
31502
31506
31516
31521
31522
31524
31531
31532
31533
31541
31545
31550
31553
31557
31559
31570
31572
31576
31585
31589
31590
31591
31594
31599
31607
31624
31627
31630
31633
31636
31641
31642
31647
31655
31658
31661
31662
31663
31667
31672
31678
31680
31681
31685
31692
31694
31696
31700
31701
31705
31706
31707
31710
31712
31723
31726
31730
31731
31740
31741
31747
31749
31750
31755
31756
31759
31762
31765
31769
31773
31776
31780
31781
31784
31785
31787
31789
31791
31792
31794
31797
31803
31806
31815
31816
31823
31829
31832
31834
31835
31838
31839
31840
31849
31851
31855
31857
31860
31862
31864
31865
31873
31876
31877
31878
31883
31885
31891
31892
31895
31897
31905
31906
31908
31913
31914
31915
31918
31931
31932
31938
31939
31941
31944
31948
31950
31951
31955
31956
31960
31961
31962
31963
31968
31972
31976
31977
31978
31981
31993
31997
31998
31999
32001
32002
32003
32007
32009
32012
32016
32018
32019
32021
32031
32035
32037
32043
32045
32046
32048
32049
32051
32052
32054
32057
32062
32068
32070
32072
32073
32074
32078
32082
32094
32095
32099
32101
32102
32105
32106
32111
32112
32116
32118
32120
32125
32126
32128
32130
32131
32133
32134
32136
32143
32144
32147
32153
32163
32166
32167
32173
32180
32182
32183
32185
32189
32191
32192
32202
32206
32209
32212
32223
32225
32235
32237
32239
32240
32241
32243
32244
32252
32256
32258
32273
32279
32281
32282
32285
32290
32295
32301
32305
32306
32311
32313
32314
32316
32319
32320
32328
32330
32335
32338
32339
32340
32356
32360
32364
32369
32370
32372
32378
32382
32384
32386
32388
32389
32395
32396
32398
32401
32403
32411
32412
32414
32415
32416
32417
32423
32424
32425
32431
32437
32442
32443
32444
32446
32448
32449
32452
32453
32457
32467
32470
32478
32479
32485
32490
32491
32492
32499
32504
32511
32513
32516
32531
32536
32537
32544
32562
32563
32566
32572
32574
32579
32585
32587
32590
32592
32611
32613
32614
32617
32621
32624
32626
32629
32631
32632
32637
32642
32645
32653
32654
32658
32659
32667
32677
32679
32682
32683
32685
32686
32688
32692
32699
32708
32710
32711
32712
32716
32719
32721
32727
32729
32731
32732
32733
32735
32737
32738
32740
32742
32745
32749
32750
32753
32754
32755
32762
32763
32770
32772
32779
32784
32786
32798
32801
32802
32804
32806
32807
32810
32821
32822
32826
32827
32831
32834
32837
32838
32842
32846
32848
32853
32858
32860
32861
32862
32867
32871
32872
32875
32878
32887
32905
32906
32907
32909
32911
32915
32917
32920
32922
32930
32932
32933
32935
32944
32946
32950
32951
32953
32954
32967
32968
32970
32979
32982
32985
32986
32996
32998
33000
33002
33003
33008
33010
33013
33014
33015
33020
33022
33024
33025
33035
33036
33037
33044
33045
33057
33058
33062
33065
33069
33071
33073
33080
33084
33085
33089
33090
33101
33103
33106
33107
33110
33112
33122
33127
33136
33138
33140
33142
33144
33148
33152
33153
33154
33159
33161
33162
33169
33171
33175
33185
33189
33191
33192
33193
33194
33195
33196
33198
33203
33204
33210
33212
33218
33224
33226
33231
33243
33247
33252
33253
33257
33258
33264
33265
33267
33272
33277
33279
33280
33282
33288
33296
33298
33302
33303
33305
33309
33317
33320
33323
33326
33327
33340
33351
33352
33353
33358
33365
33366
33377
33381
33382
33389
33392
33393
33396
33417
33418
33427
33429
33432
33435
33438
33443
33444
33445
33449
33461
33464
33467
33472
33489
33502
33504
33507
33508
33513
33515
33517
33519
33525
33530
33534
33538
33542
33543
33545
33548
33552
33560
33562
33564
33565
33568
33573
33581
33584
33592
33594
33604
33607
33609
33611
33613
33617
33618
33620
33629
33635
33639
33643
33644
33646
33648
33650
33651
33658
33662
33663
33674
33676
33679
33686
33689
33692
33696
33703
33709
33711
33717
33719
33720
33722
33729
33736
33738
33739
33748
33754
33766
33769
33771
33773
33776
33777
33779
33782
33783
33789
33791
33792
33793
33795
33796
33804
33809
33811
33812
33815
33816
33828
33846
33850
33851
33854
33856
33859
33860
33868
33870
33874
33876
33878
33879
33880
33883
33884
33889
33892
33893
33897
33899
33902
33909
33913
33914
33917
33944
33947
33950
33961
33963
33964
33971
33979
33984
33985
33994
33998
34000
34003
34004
34007
34009
34015
34021
34022
34023
34026
34029
34031
34036
34044
34045
34052
34053
34054
34060
34064
34066
34069
34070
34073
34076
34083
34085
34091
34093
34094
34101
34110
34111
34122
34124
34130
34137
34139
34144
34145
34149
34154
34156
34159
34160
34166
34168
34169
34173
34194
34195
34202
34206
34210
34211
34214
34219
34232
34233
34235
34236
34252
34253
34257
34258
34260
34265
34272
34273
34276
34281
34288
34289
34293
34294
34300
34304
34318
34319
34321
34324
34327
34331
34334
34337
34342
34343
34346
34349
34357
34365
34366
34367
34368
34370
34386
34388
34392
34393
34395
34399
34402
34405
34406
34409
34413
34414
34418
34422
34424
34425
34426
34428
34433
34437
34442
34448
34451
34452
34455
34456
34458
34464
34473
34476
34478
34490
34491
34493
34494
34504
34510
34511
34525
34526
34528
34531
34538
34547
34548
34550
34552
34555
34563
34570
34572
34573
34580
34584
34586
34587
34589
34594
34600
34608
34612
34621
34623
34632
34634
34636
34637
34638
34639
34640
34642
34659
34660
34671
34678
34679
34683
34685
34690
34707
34708
34713
34724
34725
34729
34733
34740
34747
34752
34756
34760
34776
34778
34779
34783
34784
34791
34793
34807
34816
34817
34823
34825
34839
34840
34842
34843
34844
34851
34853
34855
34857
34865
34870
34872
34880
34881
34886
34889
34890
34895
34897
34899
34902
34903
34907
34911
34912
34919
34920
34922
34930
34933
34936
34938
34941
34943
34944
34945
34947
34948
34958
34963
34969
34983
34984
34990
34993
34999
35000
35001
35004
35005
35007
35024
35027
35039
35040
35041
35042
35051
35054
35061
35067
35074
35075
35098
35099
35104
35111
35121
35135
35137
35139
35141
35142
35143
35153
35158
35168
35170
35172
35173
35177
35178
35192
35195
35205
35207
35220
35221
35222
35226
35230
35246
35258
35261
35270
35280
35283
35284
35292
35294
35302
35306
35307
35308
35310
35313
35333
35346
35348
35350
35353
35354
35363
35383
35386
35387
35390
35400
35406
35408
35415
35417
35447
35450
35456
35464
35471
35474
35476
35485
35492
35497
35501
35503
35506
35508
35512
35515
35518
35523
35528
35536
35537
35542
35543
35547
35550
35557
35565
35566
35572
35573
35574
35582
35584
35585
35587
35588
35626
35632
35633
35644
35645
35650
35653
35674
35675
35678
35692
35705
35708
35711
35727
35729
35747
35758
35762
35769
35775
35777
35780
35782
35783
35791
35800
35810
35819
35821
35826
35827
35845
35855
35864
35868
35888
35890
35899
35902
35904
35905
35909
35912
35916
35925
35931
35933
35935
35943
35959
35963
35965
35969
35978
35990
36003
36005
36009
36025
36032
36035
36043
36052
36056
36073
36074
36075
36080
36095
36102
36104
36111
36125
36129
36134
36135
36139
36144
36152
36156
36157
36171
36174
36175
36176
36180
36206
36207
36210
36216
36225
36227
36236
36237
36238
36247
36277
36294
36297
36305
36308
36313
36321
36324
36330
36336
36345
36352
36358
36369
36378
36384
36388
36390
36400
36408
36411
36422
36430
36443
36445
36449
36455
36460
36471
36488
36489
36491
36495
36502
36514
36518
36519
36540
36541
36550
36553
36568
36580
36585
36598
36611
36615
36630
36633
36635
36638
36639
36640
36646
36668
36669
36683
36690
36708
36709
36729
36735
36742
36745
36746
36749
36750
36763
36764
36765
36766
36806
36814
36827
36828
36829
36830
36835
36842
36850
36859
36862
36873
36884
36885
36899
36923
36930
36943
36962
36974
37007
37009
37011
37014
37016
37019
37023
37025
37026
37037
37038
37064
37076
37077
37082
37085
37109
37121
37122
37130
37131
37136
37138
37144
37151
37161
37163
37182
37188
37217
37222
37247
37272
37285
37289
37297
37329
37337
37342
37343
37362
37363
37364
37370
37373
37374
37402
37405
37407
37434
37435
37438
37455
37465
37471
37479
37482
37508
37519
37534
37543
37555
37576
37581
37615
37621
37635
37648
37657
37667
37679
37680
37693
37697
37712
37720
37738
37758
37773
37781
37788
37801
37804
37809
37870
37879
37880
37894
37910
37915
37925
37931
37940
37946
37956
37958
37964
37969
37989
37990
37999
38009
38011
38016
38023
38039
38056
38060
38070
38075
38083
38088
38090
38096
38101
38110
38129
38134
38138
38142
38161
38165
38166
38201
38202
38210
38226
38234
38238
38244
38270
38274
38311
38315
38319
38354
38376
38390
38395
38410
38412
38415
38437
38456
38482
38489
38493
38513
38520
38526
38527
38528
38537
38553
38554
38560
38580
38584
38598
38603
38608
38617
38620
38625
38632
38647
38660
38680
38693
38715
38726
38727
38732
38739
38747
38755
38770
38774
38776
38790
38805
38807
38825
38833
38847
38848
38851
38856
38864
38868
38893
38919
38936
38970
38976
38980
38990
38991
38997
38998
39071
39076
39078
39098
39103
39132
39147
39161
39162
39165
39171
39176
39200
39217
39228
39237
39240
39247
39258
39265
39269
39272
39275
39278
39285
39289
39303
39305
39325
39328
39335
39343
39345
39358
39361
39363
39364
39366
39367
39371
39392
39405
39412
39419
39430
39433
39444
39445
39480
39485
39489
39511
39518
39519
39523
39536
39555
39584
39591
39603
39618
39623
39639
39649
39650
39651
39685
39700
39722
39731
39733
39736
39771
39794
39797
39798
39800
39811
39814
39820
39831
39840
39856
39870
39873
39884
39887
39888
39891
39898
39909
39914
39928
39939
39945
39980
39981
39983
39986
39994
40030
40042
40074
40093
40099
40115
40118
40121
40124
40138
40146
40153
40155
40182
40185
40191
40203
40260
40269
40274
40286
40290
40313
40327
40334
40336
40339
40342
40346
40352
40353
40365
40371
40376
40378
40399
40412
40420
40428
40430
40437
40441
40442
40444
40456
40457
40460
40464
40467
40484
40493
40500
40523
40524
40530
40535
40537
40541
40549
40554
40564
40567
40571
40579
40600
40613
40622
40625
40637
40643
40654
40663
40679
40692
40697
40710
40741
40743
40760
40766
40771
40783
40784
40795
40800
40818
40820
40825
40846
40847
40872
40875
40897
40909
40911
40921
40922
40940
40972
40976
40981
40983
40984
40987
40998
41003
41008
41011
41015
41030
41031
41062
41088
41089
41104
41114
41121
41125
41132
41146
41148
41156
41158
41164
41171
41179
41182
41192
41213
41218
41244
41250
41265
41275
41287
41298
41302
41306
41312
41326
41330
41331
41345
41352
41361
41378
41383
41395
41434
41439
41443
41453
41458
41463
41478
41498
41506
41509
41510
41514
41530
41531
41547
41548
41549
41550
41556
41562
41563
41565
41571
41591
41617
41620
41628
41636
41642
41651
41667
41683
41686
41711
41713
41717
41730
41735
41743
41747
41754
41767
41773
41774
41776
41779
41785
41803
41812
41818
41820
41822
41827
41837
41866
41881
41907
41908
41913
41918
41924
41943
41944
41951
41973
41977
41983
41985
41997
41998
42014
42023
42040
42044
42048
42051
42055
42058
42068
42069
42073
42081
42086
42088
42097
42099
42104
42109
42111
42114
42116
42129
42130
42135
42140
42141
42148
42149
42151
42173
42194
42195
42205
42206
42221
42231
42244
42253
42285
42293
42295
42315
42318
42326
42333
42338
42340
42343
42350
42358
42361
42373
42380
42387
42397
42403
42404
42417
42421
42445
42460
42467
42474
42485
42511
42536
42538
42549
42588
42591
42594
42599
42604
42605
42608
42610
42612
42614
42623
42625
42631
42634
42639
42645
42646
42649
42663
42664
42665
42689
42691
42692
42700
42703
42706
42709
42710
42717
42720
42728
42730
42735
42739
42745
42747
42759
42764
42780
42800
42804
42810
42811
42820
42824
42827
42828
42835
42845
42847
42848
42854
42858
42860
42862
42866
42869
42870
42872
42877
42881
42890
42899
42901
42902
42909
42910
42913
42914
42923
42927
42930
42941
42943
42944
42952
42955
42967
42969
42977
42981
42983
42984
42988
43004
43007
43008
43012
43015
43018
43022
43025
43033
43037
43038
43041
43042
43044
43052
43057
43062
43065
43078
43081
43096
43101
43113
43115
43125
43128
43136
43139
43140
43142
43158
43164
43169
43176
43184
43188
43189
43193
43205
43212
43218
43223
43224
43228
43229
43231
43232
43234
43237
43239
43251
43253
43255
43256
43259
43260
43269
43278
43279
43282
43283
43285
43296
43300
43301
43309
43317
43318
43320
43328
43335
43348
43349
43351
43355
43357
43361
43362
43367
43371
43375
43376
43385
43388
43403
43405
43409
43413
43415
43418
43419
43423
43427
43457
43459
43483
43484
43485
43490
43496
43503
43506
43508
43511
43512
43514
43515
43525
43533
43535
43539
43543
43545
43547
43576
43583
43586
43595
43598
43600
43602
43607
43608
43612
43617
43619
43621
43622
43630
43636
43644
43648
43649
43653
43654
43655
43663
43671
43672
43677
43679
43680
43687
43691
43692
43694
43696
43705
43724
43725
43726
43730
43732
43740
43742
43750
43756
43762
43769
43770
43773
43787
43792
43796
43797
43806
43815
43825
43827
43834
43849
43852
43859
43860
43865
43880
43882
43883
43885
43887
43889
43890
43900
43906
43919
43920
43921
43923
43925
43934
43941
43946
43954
43958
43970
43972
43982
43993
43996
44002
44006
44012
44013
44016
44025
44050
44052
44057
44058
44076
44077
44082
44088
44090
44113
44116
44117
44118
44120
44121
44128
44143
44147
44152
44154
44167
44170
44172
44180
44184
44187
44192
44195
44203
44209
44211
44222
44230
44250
44259
44265
44281
44282
44297
44318
44322
44329
44336
44339
44345
44354
44368
44371
44395
44399
44401
44418
44425
44435
44436
44447
44455
44463
44471
44486
44489
44490
44491
44503
44504
44509
44512
44514
44515
44525
44528
44531
44556
44560
44564
44567
44576
44581
44603
44619
44628
44637
44646
44648
44652
44655
44660
44663
44666
44667
44674
44675
44676
44678
44679
44680
44689
44691
44695
44702
44703
44706
44710
44715
44716
44735
44737
44740
44742
44743
44745
44749
44755
44761
44763
44765
44779
44780
44790
44793
44796
44808
44813
44817
44818
44824
44827
44831
44835
44842
44848
44852
44855
44860
44880
44887
44889
44890
44893
44897
44902
44904
44905
44911
44917
44936
44943
44959
44968
44969
44983
44985
44988
44989
44992
44995
44996
45010
45026
45031
45044
45045
45058
45059
45061
45065
45070
45073
45076
45079
45088
45095
45108
45111
45118
45120
45122
45125
45135
45141
45142
45154
45155
45160
45168
45172
45176
45178
45209
45215
45233
45234
45236
45239
45241
45257
45260
45278
45304
45308
45315
45341
45347
45348
45352
45360
45361
45375
45377
45378
45383
45394
45398
45402
45405
45421
45424
45429
45430
45436
45438
45441
45445
45460
45468
45469
45472
45474
45480
45481
45483
45497
45498
45500
45510
45518
45519
45530
45542
45550
45556
45565
45567
45572
45573
45575
45578
45579
45581
45583
45596
45609
45629
45630
45634
45645
45660
45680
45695
45698
45716
45718
45723
45730
45732
45733
45753
45755
45764
45770
45775
45777
45781
45788
45793
45795
45801
45804
45805
45811
45823
45826
45831
45838
45856
45861
45872
45873
45884
45886
45888
45899
45906
45917
45923
45926
45931
45939
45941
45962
45966
45969
45970
45971
45980
45989
45990
46007
46008
46013
46019
46024
46042
46047
46051
46055
46057
46059
46062
46070
46073
46075
46076
46080
46085
46090
46112
46127
46130
46133
46139
46148
46149
46158
46160
46168
46169
46173
46185
46187
46203
46212
46220
46231
46244
46254
46267
46268
46276
46280
46283
46286
46293
46307
46310
46313
46316
46320
46321
46325
46338
46341
46344
46350
46364
46365
46370
46375
46386
46398
46402
46405
46406
46409
46415
46417
46425
46441
46461
46468
46483
46489
46499
46507
46510
46529
46530
46539
46557
46563
46575
46581
46584
46589
46591
46601
46603
46604
46609
46616
46626
46633
46634
46636
46637
46638
46648
46666
46678
46682
46684
46692
46694
46701
46709
46716
46720
46725
46726
46727
46729
46750
46752
46761
46763
46766
46772
46774
46776
46779
46788
46794
46796
46800
46801
46803
46805
46815
46834
46837
46838
46843
46856
46858
46874
46887
46892
46895
46896
46901
46902
46903
46910
46917
46926
46928
46937
46940
46944
46950
46966
46971
46972
46981
46987
46995
46998
46999
47003
47007
47008
47009
47020
47034
47042
47043
47049
47058
47059
47067
47078
47085
47087
47092
47093
47101
47122
47123
47125
47129
47130
47136
47146
47153
47167
47168
47212
47218
47222
47223
47229
47231
47232
47238
47246
47249
47253
47267
47278
47282
47284
47287
47331
47333
47360
47368
47371
47382
47385
47386
47388
47398
47402
47406
47407
47408
47409
47410
47417
47420
47422
47430
47435
47446
47448
47459
47482
47495
47498
47499
47508
47509
47511
47514
47531
47535
47537
47545
47551
47552
47553
47559
47563
47568
47569
47574
47584
47589
47600
47610
47612
47621
47622
47637
47639
47642
47644
47650
47651
47654
47659
47660
47669
47674
47680
47687
47690
47693
47695
47697
47700
47707
47721
47722
47732
47744
47748
47749
47762
47767
47770
47773
47775
47776
47778
47780
47781
47786
47792
47793
47797
47798
47803
47804
47808
47809
47813
47816
47818
47834
47837
47841
47844
47846
47848
47849
47850
47851
47859
47864
47867
47873
47883
47884
47885
47890
47891
47892
47893
47895
47898
47899
47901
47902
47904
47908
47910
47918
47920
47922
47924
47925
47933
47935
47942
47943
47948
47949
47965
47966
47968
47971
47979
47985
47986
47995
47996
48002
48004
48008
48013
48017
48021
48024
48029
48033
48036
48044
48052
48058
48059
48060
48069
48072
48074
48077
48082
48088
48091
48093
48111
48113
48126
48127
48128
48129
48136
48138
48139
48142
48152
48154
48163
48165
48173
48174
48179
48180
48181
48183
48205
48208
48209
48212
48219
48222
48224
48226
48231
48233
48243
48245
48262
48263
48266
48270
48272
48275
48280
48281
48286
48289
48292
48293
48296
48299
48313
48317
48318
48324
48325
48331
48334
48338
48343
48346
48347
48349
48354
48355
48359
48362
48365
48374
48376
48378
48382
48383
48385
48386
48400
48401
48403
48404
48416
48421
48422
48423
48431
48432
48435
48436
48441
48450
48452
48458
48459
48460
48463
48464
48465
48466
48467
48468
48469
48471
48473
48482
48483
48484
48492
48494
48499
48500
48503
48504
48506
48507
48508
48509
48510
48511
48512
48515
48518
48519
48521
48522
48523
48524
48527
48530
48533
48535
48536
48539
48540
48541
48542
48543
48547
48548
48549
48550
48552
48554
48555
48556
48557
48559
48560
48561
48562
48563
48567
48568
48569
48570
48576
48581
48589
48596
48597
48598
48600
48601
48602
48604
48606
48607
48608
48609
48612
48613
48614
48618
48620
48623
48625
48626
48627
48629
48632
48634
48635
48636
48640
48645
48646
48651
48656
48660
48661
48662
48664
48667
48676
48677
48684
48688
48689
48697
48698
48700
48704
48706
48707
48710
48711
48712
48713
48715
48716
48718
48720
48723
48726
48728
48730
48738
48739
48740
48741
48747
48748
48749
48756
48757
48759
48760
48763
48765
48769
48770
48771
48773
48774
48779
48781
48782
48783
48788
48793
48794
48795
48796
48801
48802
48805
48808
48809
48810
48811
48814
48815
48817
48818
48819
48820
48822
48824
48825
48826
48828
48830
48834
48835
48836
48837
48839
48845
48847
48848
48850
48859
48860
48862
48865
48866
48868
48869
48875
48879
48885
48887
48888
48889
48893
48896
48897
48898
48904
48906
48912
48915
48917
48920
48921
48925
48926
48928
48929
48930
48932
48935
48936
48938
48939
48942
48943
48946
48948
48951
48952
48954
48955
48956
48960
48961
48962
48964
48968
48974
48976
48982
48983
48984
48990
48991
48994
48998
49006
49008
49010
49015
49017
49021
49023
49025
49026
49028
49030
49034
49035
49036
49040
49048
49051
49053
49055
49056
49062
49063
49065
49069
49070
49077
49078
49079
49080
49087
49088
49091
49092
49097
49098
49099
49101
49102
49104
49105
49106
49109
49110
49120
49122
49123
49124
49126
49128
49129
49132
49137
49139
49142
49143
49145
49147
49149
49152
49160
49161
49163
49166
49168
49170
49173
49174
49175
49176
49183
49185
49186
49193
49194
49196
49197
49201
49202
49205
49217
49218
49220
49222
49223
49224
49225
49226
49230
49232
49235
49236
49239
49240
49243
49247
49248
49251
49252
49253
49254
49256
49259
49260
49266
49267
49273
49274
49278
49279
49290
49292
49293
49295
49299
49300
49304
49307
49308
49309
49311
49313
49316
49317
49319
49325
49326
49329
49332
49335
49336
49340
49347
49352
49354
49355
49363
49364
49366
49371
49372
49373
49375
49376
49379
49381
49386
49387
49394
49396
49398
49399
49401
49403
49404
49414
49416
49420
49421
49424
49425
49427
49429
49431
49433
49435
49439
49440
49442
49444
49445
49450
49455
49457
49458
49459
49467
49470
49473
49474
49475
49476
49478
49479
49480
49482
49483
49486
49489
49493
49496
49497
49498
49499
49501
49504
49505
49508
49509
49510
49512
49515
49518
49520
49524
49525
49528
49535
49536
49541
49547
49549
49552
49558
49560
49562
49565
49566
49571
49576
49578
49579
49580
49581
49584
49587
49589
49590
49593
49594
49595
49596
49599
49601
49602
49606
49608
49609
49610
49614
49615
49616
49618
49624
49629
49632
49635
49639
49643
49644
49645
49648
49652
49654
49656
49657
49658
49664
49665
49667
49672
49673
49674
49675
49678
49680
49681
49683
49685
49687
49690
49700
49702
49705
49706
49707
49708
49713
49714
49716
49717
49721
49722
49725
49731
49732
49735
49738
49740
49743
49744
49748
49749
49752
49758
49759
49763
49765
49771
49773
49774
49776
49781
49785
49789
49790
49791
49792
49794
49795
49796
49803
49804
49805
49808
49809
49810
49811
49812
49814
49818
49820
49821
49824
49826
49828
49831
49833
49835
49836
49839
49842
49846
49847
49848
49849
49850
49852
49858
49861
49864
49865
49870
49877
49879
49880
49883
49888
49889
49892
49894
49895
49896
49899
49900
49902
49905
49906
49908
49911
49912
49913
49914
49917
49918
49919
49920
49921
49922
49923
49926
49928
49931
49932
49933
49934
49935
49938
49939
49941
49944
49948
49950
49954
49955
49960
49961
49964
49965
49967
49975
49976
49978
49980
49981
49982
49983
49986
49987
49988
49991
49994
49998
49999
50000
50002
50003
50005
50009
50011
50012
50017
50020
50023
50026
50027
50029
50030
50032
50033
50034
50035
50037
50040
50044
50046
50047
50049
50050
50054
50057
50058
50059
50060
50062
50065
50066
50067
50069
50070
50071
50072
50075
50076
50077
50079
50084
50088
50089
50091
50095
50097
50098
50100
50103
50105
50106
50107
50110
50114
50115
50119
50120
50125
50126
50129
50131
50134
50137
50139
50140
50141
50142
50143
50146
50147
50149
50154
50155
50158
50160
50162
50164
50165
50166
50167
50168
50169
50170
50171
50176
50178
50179
50184
50187
50188
50189
50190
50192
50193
50196
50198
50201
50205
50206
50207
50208
50209
50217
50218
50219
50220
50221
50224
50228
50230
50231
50234
50237
50238
50240
50243
50244
50246
50249
50250
50251
50255
50257
50260
50263
50265
50267
50268
50269
50272
50273
50274
50276
50278
50279
50280
50281
50282
50283
50295
50301
50302
50304
50305
50310
50311
50313
50315
50317
50318
50319
50320
50322
50323
50324
50326
50327
50330
50333
50336
50340
50346
50347
50348
50349
50351
50355
50358
50359
50360
50362
50365
50366
50367
50376
50378
50379
50381
50387
50390
50391
50392
50397
50399
50400
50403
50404
50407
50408
50409
50410
50412
50413
50415
50417
50421
50423
50424
50425
50432
50433
50435
50437
50440
50441
50444
50446
50447
50450
50451
50457
50458
50459
50460
50463
50467
50468
50471
50472
50473
50480
50482
50484
50486
50488
50489
50490
50492
50495
50497
50501
50503
50505
50511
50513
50514
50515
50516
50523
50524
50528
50531
50533
50534
50537
50538
50539
50540
50541
50542
50543
50546
50549
50550
50551
50552
50553
50554
50556
50559
50561
50564
50567
50569
50571
50574
50575
50578
50579
50580
50581
50583
50584
50586
50590
50591
50593
50594
50595
50596
50602
50604
50605
50607
50608
50610
50611
50613
50615
50616
50618
50619
50620
50621
50622
50623
50625
50626
50628
50633
50635
50636
50638
50640
50642
50643
50644
50645
50647
50650
50651
50652
50662
50663
50667
50668
50669
50670
50674
50675
50676
50678
50681
50682
50683
50684
50686
50688
50689
50690
50691
50693
50694
50695
50696
50701
50703
50708
50709
50711
50712
50714
50717
50719
50723
50724
50725
50726
50730
50732
50735
50736
50737
50738
50741
50743
50744
50747
50750
50751
50753
50755
50756
50759
50761
50764
50765
50766
50767
50771
50773
50778
50779
50781
50783
50784
50785
50786
50789
50792
50793
50796
50801
50803
50804
50807
50808
50811
50813
50814
50816
50817
50818
50819
50821
50825
50829
50831
50833
50836
50837
50838
50840
50842
50843
50845
50846
50849
50854
50856
50857
50859
50861
50862
50864
50867
50868
50869
50871
50874
50876
50880
50881
50882
50887
50889
50894
50895
50896
50898
50899
50900
50901
50902
50903
50907
50909
50911
50912
50914
50917
50921
50923
50927
50930
50931
50933
50934
50937
50939
50942
50943
50944
50947
50949
50950
50952
50960
50961
50963
50965
50966
50970
50971
50972
50975
50976
50977
50979
50981
50982
50984
50986
50991
50992
50994
50995
50996
50998
51000
51005
51006
51009
51012
51014
51015
51016
51018
51021
51022
51026
51028
51033
51034
51038
51042
51043
51044
51050
51052
51053
51054
51055
51056
51057
51062
51064
51066
51068
51069
51075
51076
51082
51084
51089
51095
51096
51098
51104
51106
51108
51110
51113
51114
51115
51119
51121
51122
51125
51126
51129
51130
51131
51132
51137
51138
51140
51142
51144
51145
51148
51149
51151
51155
51157
51158
51159
51162
51163
51165
51166
51167
51168
51169
51170
51171
51172
51173
51175
51177
51179
51182
51183
51184
51186
51189
51190
51194
51195
51199
51204
51205
51209
51211
51213
51217
51218
51222
51228
51229
51232
51233
51234
51235
51236
51239
51240
51241
51243
51245
51247
51248
51250
51251
51254
51256
51258
51259
51261
51263
51264
51265
51270
51273
51274
51276
51278
51279
51280
51281
51282
51283
51285
51288
51289
51292
51295
51296
51301
51304
51305
51306
51308
51310
51312
51315
51316
51319
51320
51321
51322
51324
51325
51326
51331
51332
51334
51335
51336
51338
51343
51345
51347
51349
51350
51352
51355
51356
51359
51365
51366
51370
51372
51373
51374
51375
51377
51378
51379
51380
51381
51382
51383
51384
51385
51389
51390
51393
51394
51398
51399
51402
51403
51406
51407
51408
51409
51410
51411
51413
51415
51417
51418
51421
51424
51429
51431
51432
51433
51434
51436
51437
51438
51440
51445
51447
51451
51452
51453
51454
51455
51458
51459
51462
51463
51464
51466
51469
51470
51472
51477
51478
51479
51480
51481
51482
51484
51485
51486
51487
51489
51490
51492
51493
51495
51496
51500
51501
51502
51504
51507
51508
51509
51510
51512
51514
51515
51518
51523
51526
51527
51528
51535
51540
51544
51545
51546
51547
51548
51550
51551
51552
51556
51557
51560
51561
51563
51564
51565
51566
51568
51570
51571
51575
51576
51581
51583
51584
51587
51589
51591
51592
51593
51594
51597
51599
51600
51601
51602
51604
51605
51611
51612
51617
51618
51619
51622
51623
51626
51631
51632
51633
51639
51640
51641
51643
51648
51655
51656
51658
51659
51663
51667
51669
51671
51672
51674
51675
51677
51678
51681
51682
51683
51684
51686
51689
51690
51691
51693
51694
51698
51700
51703
51704
51705
51706
51708
51710
51712
51713
51718
51720
51722
51723
51726
51727
51728
51729
51730
51732
51735
51737
51738
51741
51742
51743
51747
51749
51750
51751
51756
51757
51760
51761
51763
51765
51767
51768
51769
51770
51771
51772
51777
51778
51781
51782
51792
51793
51795
51797
51798
51799
51805
51806
51810
51812
51813
51818
51821
51822
51825
51826
51827
51828
51832
51834
51836
51837
51838
51841
51842
51845
51847
51850
51855
51856
51859
51862
51868
51874
51883
51886
51887
51888
51889
51890
51895
51899
51900
51902
51903
51908
51909
51911
51912
51913
51917
51918
51926
51929
51931
51932
51937
51938
51950
51951
51953
51955
51957
51958
51961
51962
51964
51965
51969
51972
51973
51981
51983
51984
51985
51987
51988
51989
51990
51994
51995
51996
51998
52000
52001
52002
52006
52007
52008
52011
52012
52013
52014
52015
52018
52020
52021
52022
52024
52025
52026
52028
52030
52031
52033
52044
52048
52049
52050
52052
52059
52060
52062
52065
52069
52070
52072
52073
52074
52078
52082
52083
52085
52086
52087
52088
52090
52093
52095
52098
52100
52101
52103
52105
52106
52108
52109
52114
52115
52116
52124
52126
52127
52128
52129
52131
52133
52135
52136
52137
52139
52142
52143
52144
52146
52147
52149
52151
52152
52154
52160
52163
52167
52168
52169
52170
52173
52174
52175
52176
52178
52179
52183
52184
52185
52186
52188
52189
52190
52191
52192
52193
52197
52200
52201
52208
52209
52212
52217
52218
52220
52221
52224
52226
52227
52229
52230
52231
52234
52238
52240
52241
52242
52243
52244
52245
52247
52249
52255
52262
52263
52265
52269
52270
52273
52274
52275
52276
52277
52285
52287
52288
52290
52293
52294
52295
52296
52297
52299
52300
52305
52306
52310
52311
52312
52314
52316
52317
52319
52325
52326
52327
52328
52329
52330
52331
52332
52334
52335
52336
52338
52339
52340
52341
52342
52345
52346
52347
52350
52353
52357
52365
52366
52367
52369
52371
52372
52373
52374
52375
52376
52378
52383
52385
52386
52389
52390
52391
52394
52395
52396
52397
52401
52402
52403
52404
52406
52409
52410
52412
52413
52414
52415
52416
52417
52418
52420
52424
52427
52429
52431
52432
52433
52436
52438
52440
52441
52442
52443
52448
52450
52451
52456
52457
52459
52460
52463
52465
52466
52467
52470
52473
52475
52476
52477
52481
52482
52483
52485
52486
52488
52489
52490
52491
52494
52496
52497
52499
52501
52504
52505
52506
52508
52509
52510
52511
52512
52513
52514
52515
52516
52521
52522
52523
52525
52527
52529
52530
52531
52532
52533
52534
52535
52541
52542
52544
52546
52548
52549
52550
52552
52555
52558
52559
52562
52563
52564
52565
52568
52569
52570
52575
52578
52579
52581
52582
52583
52587
52589
52590
52591
52592
52600
52603
52606
52608
52615
52616
52617
52619
52622
52623
52625
52628
52629
52633
52635
52637
52638
52639
52640
52644
52646
52647
52648
52649
52651
52652
52653
52656
52659
52662
52671
52674
52676
52677
52678
52679
52680
52681
52687
52688
52690
52694
52695
52699
52700
52704
52706
52707
52708
52714
52716
52717
52721
52722
52725
52726
52729
52732
52737
52741
52742
52744
52746
52749
52750
52751
52752
52753
52755
52757
52760
52761
52762
52763
52767
52768
52771
52774
52776
52778
52779
52785
52787
52788
52789
52790
52792
52794
52795
52799
52800
52804
52805
52806
52807
52812
52814
52815
52817
52820
52821
52824
52825
52827
52828
52831
52832
52835
52838
52839
52843
52847
52849
52851
52853
52857
52859
52861
52862
52863
52864
52867
52868
52869
52870
52873
52875
52877
52878
52880
52882
52883
52884
52886
52891
52893
52894
52900
52904
52911
52912
52913
52917
52918
52920
52926
52927
52931
52932
52933
52935
52938
52939
52940
52941
52943
52946
52948
52953
52956
52958
52959
52961
52962
52963
52964
52966
52967
52968
52969
52970
52971
52974
52975
52977
52978
52982
52985
52986
52989
52991
52992
52994
52996
53001
53003
53004
53005
53006
53010
53011
53013
53014
53015
53016
53018
53021
53023
53024
53026
53027
53031
53035
53036
53037
53049
53051
53053
53054
53057
53060
53069
53071
53074
53077
53080
53081
53083
53084
53085
53088
53089
53093
53094
53096
53098
53099
53102
53103
53107
53112
53113
53115
53116
53118
53119
53120
53121
53124
53126
53131
53134
53137
53141
53142
53143
53145
53146
53151
53153
53154
53155
53164
53169
53170
53173
53174
53175
53176
53178
53181
53182
53183
53184
53185
53186
53198
53200
53201
53202
53206
53209
53210
53211
53212
53213
53214
53216
53221
53223
53224
53226
53229
53237
53238
53240
53242
53243
53245
53248
53252
53259
53263
53268
53270
53272
53274
53278
53282
53283
53286
53287
53290
53293
53296
53297
53298
53299
53301
53302
53305
53306
53307
53309
53310
53311
53313
53314
53321
53322
53324
53325
53328
53330
53335
53336
53340
53342
53343
53344
53349
53350
53351
53354
53357
53361
53363
53364
53366
53368
53369
53372
53373
53377
53379
53380
53381
53384
53388
53389
53391
53396
53398
53399
53400
53401
53402
53404
53406
53407
53409
53411
53412
53413
53414
53417
53419
53421
53422
53424
53427
53429
53434
53436
53437
53438
53440
53441
53442
53444
53446
53449
53451
53454
53456
53458
53460
53463
53464
53466
53468
53469
53470
53472
53474
53475
53478
53479
53480
53483
53487
53488
53490
53491
53492
53493
53494
53496
53497
53501
53502
53503
53504
53505
53506
53507
53509
53510
53511
53512
53515
53517
53520
53523
53525
53527
53530
53534
53536
53537
53538
53539
53540
53541
53542
53543
53544
53545
53549
53550
53555
53559
53560
53561
53562
53563
53564
53567
53568
53569
53571
53573
53574
53575
53578
53579
53580
53581
53584
53585
53586
53590
53592
53593
53594
53595
53597
53598
53600
53608
53609
53610
53612
53613
53614
53615
53617
53618
53622
53623
53625
53626
53628
53630
53631
53632
53634
53636
53637
53640
53643
53646
53647
53649
53650
53651
53652
53653
53655
53656
53657
53660
53661
53662
53666
53667
53668
53673
53674
53675
53678
53679
53682
53684
53689
53691
53692
53694
53698
53704
53705
53707
53708
53710
53713
53715
53717
53718
53719
53722
53723
53728
53729
53730
53735
53739
53740
53745
53747
53751
53752
53755
53757
53761
53764
53766
53767
53768
53773
53776
53777
53779
53780
53782
53784
53788
53790
53791
53795
53797
53798
53801
53802
53803
53806
53807
53809
53811
53812
53813
53816
53818
53819
53820
53823
53824
53825
53826
53828
53829
53836
53837
53838
53840
53842
53844
53845
53851
53852
53854
53856
53857
53858
53860
53863
53868
53869
53873
53874
53875
53876
53880
53881
53883
53884
53885
53890
53893
53895
53898
53899
53901
53908
53910
53914
53917
53918
53919
53923
53925
53929
53931
53933
53936
53937
53944
53945
53946
53948
53951
53953
53954
53955
53961
53962
53963
53964
53968
53969
53971
53972
53973
53974
53975
53976
53977
53979
53981
53982
53983
53985
53990
53991
53995
53997
54001
54004
54006
54007
54011
54012
54015
54017
54020
54022
54023
54024
54025
54029
54030
54031
54032
54033
54034
54035
54037
54038
54039
54040
54044
54045
54046
54047
54048
54049
54050
54052
54055
54057
54059
54060
54061
54062
54064
54066
54067
54068
54071
54073
54077
54083
54084
54085
54087
54089
54093
54100
54101
54102
54103
54104
54105
54110
54111
54113
54116
54120
54123
54125
54128
54130
54133
54135
54137
54138
54139
54140
54141
54144
54146
54147
54149
54150
54154
54155
54159
54161
54162
54164
54169
54172
54173
54175
54176
54180
54181
54184
54185
54189
54190
54192
54195
54197
54200
54202
54205
54206
54207
54212
54216
54220
54221
54222
54223
54234
54235
54237
54246
54247
54249
54251
54256
54260
54261
54262
54263
54264
54265
54267
54269
54271
54273
54274
54278
54280
54282
54285
54289
54291
54295
54296
54298
54299
54303
54305
54306
54311
54312
54314
54315
54317
54319
54320
54322
54325
54328
54329
54330
54331
54338
54343
54344
54346
54347
54349
54351
54352
54354
54355
54358
54364
54365
54367
54372
54374
54381
54388
54389
54392
54394
54395
54399
54400
54401
54403
54404
54407
54410
54415
54416
54417
54418
54420
54421
54422
54423
54424
54428
54431
54432
54434
54435
54436
54437
54438
54439
54440
54442
54443
54444
54445
54448
54449
54450
54451
54455
54459
54471
54474
54475
54482
54487
54489
54492
54495
54496
54497
54498
54502
54504
54505
54506
54507
54508
54512
54513
54514
54516
54517
54520
54521
54524
54526
54527
54530
54532
54533
54535
54537
54543
54548
54549
54551
54557
54560
54566
54569
54570
54571
54573
54577
54578
54579
54580
54581
54584
54589
54591
54592
54593
54594
54598
54599
54604
54605
54609
54611
54612
54613
54620
54623
54624
54626
54629
54630
54633
54634
54641
54646
54648
54649
54650
54655
54656
54659
54660
54661
54664
54665
54666
54668
54674
54677
54679
54682
54683
54685
54686
54691
54692
54693
54694
54696
54697
54698
54699
54703
54706
54709
54710
54716
54717
54719
54721
54722
54724
54727
54731
54732
54733
54734
54738
54739
54745
54749
54751
54752
54756
54757
54759
54760
54761
54769
54770
54771
54782
54784
54785
54787
54789
54790
54797
54799
54800
54802
54804
54805
54807
54810
54813
54814
54819
54822
54828
54842
54843
54846
54848
54854
54855
54861
54863
54875
54876
54877
54880
54883
54885
54890
54892
54893
54895
54897
54901
54902
54903
54906
54909
54910
54912
54913
54932
54938
54941
54947
54952
54955
54956
54957
54959
54960
54963
54964
54975
54977
54979
54982
54983
54985
54986
54991
55002
55004
55007
55011
55013
55014
55019
55021
55022
55025
55030
55031
55032
55033
55034
55035
55037
55039
55041
55042
55043
55048
55056
55058
55059
55061
55062
55064
55065
55067
55069
55071
55074
55075
55082
55085
55088
55092
55093
55095
55096
55097
55098
55099
55100
55106
55108
55109
55110
55113
55117
55119
55120
55125
55126
55127
55129
55130
55139
55140
55141
55144
55145
55148
55152
55153
55154
55158
55159
55160
55162
55164
55166
55167
55172
55173
55174
55181
55182
55184
55185
55192
55195
55199
55200
55204
55211
55212
55214
55218
55221
55223
55224
55227
55229
55234
55235
55238
55239
55240
55242
55245
55246
55247
55251
55253
55256
55257
55258
55259
55260
55262
55265
55268
55272
55275
55277
55279
55280
55281
55286
55287
55291
55292
55294
55297
55298
55300
55305
55308
55309
55312
55313
55315
55316
55317
55321
55323
55324
55337
55339
55344
55346
55350
55351
55352
55353
55355
55357
55359
55362
55364
55365
55367
55373
55374
55379
55381
55385
55386
55387
55394
55395
55398
55399
55404
55409
55416
55418
55421
55425
55435
55436
55438
55450
55454
55456
55461
55462
55465
55466
55471
55474
55476
55480
55481
55483
55486
55487
55489
55501
55502
55504
55519
55520
55521
55527
55529
55536
55539
55546
55550
55551
55557
55559
55563
55568
55570
55571
55573
55574
55578
55591
55594
55597
55598
55599
55601
55603
55609
55611
55613
55614
55617
55620
55624
55626
55638
55640
55641
55644
55646
55648
55649
55652
55653
55660
55669
55670
55673
55674
55677
55678
55679
55680
55683
55684
55688
55689
55690
55693
55697
55699
55701
55702
55703
55706
55707
55708
55710
55713
55714
55715
55716
55719
55720
55721
55724
55725
55726
55729
55732
55734
55737
55739
55743
55744
55745
55754
55763
55770
55775
55776
55779
55786
55787
55788
55789
55795
55797
55799
55801
55802
55809
55812
55814
55818
55823
55824
55828
55830
55837
55839
55840
55842
55850
55852
55855
55858
55859
55864
55870
55872
55874
55876
55877
55880
55883
55886
55887
55890
55893
55894
55899
55900
55901
55903
55913
55915
55916
55917
55918
55926
55931
55933
55942
55943
55945
55946
55948
55949
55951
55952
55954
55955
55959
55969
55972
55973
55974
55976
55979
55983
55984
55985
55987
55989
55997
56000
56002
56004
56010
56012
56019
56020
56022
56026
56029
56034
56035
56044
56046
56050
56053
56054
56057
56058
56059
56062
56063
56064
56068
56075
56080
56081
56082
56084
56093
56094
56096
56102
56103
56104
56108
56109
56110
56111
56113
56115
56124
56125
56126
56131
56136
56138
56141
56144
56145
56159
56160
56161
56163
56179
56185
56186
56195
56204
56205
56208
56221
56224
56227
56230
56231
56232
56237
56240
56242
56246
56248
56252
56256
56259
56263
56269
56273
56274
56278
56280
56283
56290
56294
56297
56303
56304
56311
56313
56315
56316
56333
56334
56339
56346
56349
56358
56365
56386
56390
56391
56397
56403
56410
56415
56419
56422
56423
56426
56431
56433
56434
56435
56438
56439
56441
56450
56453
56456
56457
56464
56481
56484
56487
56491
56492
56494
56495
56497
56499
56500
56503
56504
56508
56512
56513
56515
56518
56519
56520
56524
56526
56533
56538
56540
56544
56548
56551
56555
56556
56559
56563
56565
56569
56570
56573
56575
56580
56592
56595
56599
56601
56605
56613
56622
56625
56633
56638
56639
56643
56645
56646
56652
56657
56659
56667
56669
56673
56674
56677
56679
56681
56684
56685
56691
56693
56695
56704
56707
56708
56711
56712
56714
56719
56724
56725
56727
56730
56733
56735
56738
56741
56742
56743
56745
56746
56748
56749
56750
56752
56755
56756
56757
56758
56761
56763
56765
56766
56770
56771
56773
56774
56775
56782
56786
56789
56791
56793
56794
56795
56800
56803
56811
56812
56815
56820
56827
56828
56830
56831
56834
56840
56842
56845
56846
56847
56849
56850
56853
56856
56859
56860
56865
56871
56874
56879
56881
56884
56886
56887
56891
56898
56904
56906
56911
56913
56917
56923
56924
56930
56933
56940
56941
56948
56958
56960
56961
56963
56964
56965
56967
56969
56971
56972
56974
56975
56980
56982
56986
56989
56991
56994
56996
56997
57001
57002
57003
57006
57007
57008
57014
57016
57017
57020
57022
57028
57031
57033
57037
57039
57041
57047
57048
57051
57053
57055
57056
57057
57060
57062
57063
57068
57070
57071
57073
57075
57078
57079
57081
57083
57085
57088
57089
57091
57092
57094
57099
57104
57105
57106
57107
57109
57112
57114
57117
57119
57121
57124
57125
57126
57127
57128
57131
57132
57133
57138
57140
57146
57147
57154
57155
57156
57157
57159
57160
57162
57164
57167
57171
57173
57174
57175
57177
57178
57180
57185
57187
57188
57190
57192
57194
57195
57196
57199
57201
57203
57204
57205
57212
57215
57218
57219
57221
57222
57223
57227
57228
57232
57233
57234
57236
57239
57241
57242
57244
57245
57247
57251
57256
57258
57270
57271
57274
57276
57277
57278
57280
57281
57282
57285
57287
57289
57295
57297
57298
57300
57301
57303
57304
57306
57307
57311
57314
57316
57317
57319
57321
57324
57327
57328
57331
57333
57334
57335
57336
57344
57346
57347
57356
57359
57364
57366
57372
57374
57379
57381
57382
57384
57385
57386
57390
57393
57394
57396
57408
57409
57413
57414
57417
57424
57425
57429
57430
57433
57449
57450
57452
57453
57455
57457
57461
57465
57467
57470
57474
57478
57479
57483
57487
57493
57494
57499
57505
57506
57511
57515
57518
57523
57531
57534
57535
57541
57542
57545
57546
57549
57550
57551
57555
57557
57560
57562
57567
57572
57575
57576
57578
57582
57583
57586
57587
57591
57597
57599
57600
57601
57603
57604
57606
57609
57611
57620
57623
57624
57631
57638
57645
57648
57653
57656
57657
57659
57660
57666
57669
57687
57692
57698
57704
57712
57716
57722
57725
57731
57738
57740
57741
57743
57745
57750
57752
57758
57763
57770
57772
57773
57781
57787
57788
57791
57794
57798
57800
57802
57807
57808
57811
57816
57824
57828
57829
57832
57838
57840
57844
57852
57854
57856
57858
57861
57862
57868
57873
57890
57891
57894
57901
57905
57909
57910
57913
57930
57931
57939
57940
57943
57944
57945
57947
57948
57955
57959
57963
57968
57970
57984
57987
57988
57991
57992
58003
58007
58010
58011
58015
58021
58031
58041
58051
58052
58053
58058
58064
58069
58073
58083
58086
58087
58088
58091
58114
58118
58121
58124
58143
58144
58145
58148
58152
58156
58159
58160
58161
58167
58184
58192
58195
58205
58207
58208
58216
58219
58226
58228
58230
58234
58236
58241
58242
58243
58248
58250
58254
58255
58256
58259
58264
58277
58281
58285
58286
58301
58303
58304
58306
58308
58312
58317
58318
58320
58321
58322
58323
58331
58335
58348
58354
58355
58358
58361
58366
58371
58374
58375
58377
58378
58385
58389
58393
58398
58405
58406
58408
58410
58414
58427
58428
58434
58435
58440
58441
58452
58454
58456
58457
58458
58466
58473
58474
58475
58487
58493
58494
58500
58505
58506
58508
58513
58519
58524
58528
58529
58532
58536
58538
58556
58559
58560
58563
58565
58570
58576
58583
58590
58609
58611
58621
58622
58624
58625
58626
58629
58633
58641
58657
58661
58663
58664
58674
58687
58689
58692
58694
58700
58703
58709
58714
58715
58717
58734
58736
58740
58760
58770
58774
58779
58782
58806
58808
58814
58819
58831
58834
58839
58840
58843
58845
58847
58848
58851
58858
58868
58869
58872
58874
58877
58879
58882
58884
58886
58890
58893
58916
58917
58920
58932
58934
58936
58937
58939
58944
58953
58960
58969
58972
58977
58978
58979
58982
58987
58993
58996
58998
59003
59004
59005
59008
59009
59012
59017
59018
59019
59020
59026
59030
59031
59033
59038
59042
59047
59051
59052
59056
59057
59059
59060
59063
59064
59065
59066
59069
59081
59083
59084
59085
59086
59089
59091
59095
59097
59099
59106
59107
59111
59114
59116
59117
59122
59123
59125
59128
59133
59135
59140
59141
59143
59144
59145
59146
59151
59152
59158
59159
59161
59165
59166
59167
59170
59176
59178
59179
59184
59186
59188
59191
59192
59193
59194
59202
59203
59206
59207
59209
59210
59215
59217
59218
59221
59225
59226
59228
59229
59230
59233
59235
59238
59240
59241
59243
59245
59248
59251
59255
59256
59259
59260
59263
59267
59268
59271
59276
59278
59279
59281
59282
59286
59288
59293
59297
59304
59306
59307
59310
59311
59312
59314
59316
59317
59318
59322
59324
59328
59329
59331
59332
59333
59336
59337
59342
59346
59347
59356
59357
59358
59364
59365
59366
59367
59370
59372
59373
59374
59376
59379
59380
59385
59387
59389
59390
59392
59393
59394
59396
59400
59401
59404
59407
59411
59414
59415
59419
59422
59423
59426
59431
59432
59436
59437
59440
59441
59442
59450
59458
59459
59460
59462
59466
59468
59470
59475
59484
59488
59489
59490
59492
59495
59497
59500
59501
59502
59503
59504
59511
59512
59514
59515
59519
59521
59525
59526
59527
59533
59535
59537
59539
59540
59541
59543
59544
59547
59554
59555
59556
59558
59559
59561
59562
59565
59566
59568
59569
59570
59571
59578
59579
59580
59582
59583
59584
59587
59590
59592
59599
59601
59607
59608
59612
59613
59615
59616
59624
59625
59627
59630
59634
59635
59642
59644
59645
59652
59653
59654
59656
59657
59658
59659
59663
59665
59666
59668
59669
59674
59677
59678
59681
59682
59689
59690
59692
59693
59694
59695
59699
59701
59702
59703
59704
59707
59709
59710
59716
59719
59720
59727
59729
59732
59733
59734
59736
59740
59742
59744
59745
59746
59755
59761
59762
59764
59766
59767
59770
59779
59781
59782
59788
59791
59793
59794
59796
59800
59805
59806
59808
59809
59811
59815
59818
59820
59821
59822
59827
59828
59829
59831
59835
59836
59837
59841
59843
59845
59846
59848
59849
59850
59853
59855
59856
59859
59860
59861
59862
59863
59864
59867
59868
59869
59870
59875
59876
59877
59879
59880
59882
59883
59884
59885
59888
59889
59890
59891
59897
59899
59900
59901
59905
59906
59909
59910
59915
59916
59917
59918
59919
59920
59921
59924
59926
59930
59935
59937
59938
59939
59940
59945
59946
59947
59948
59950
59954
59955
59956
59959
59960
59964
59966
59968
59970
59971
59973
59975
59976
59980
59983
59990
59991
59992
59993
59994
59997
59999
60000
60001
60008
60011
60014
60015
60016
60017
60018
60021
60022
60023
60027
60028
60036
60039
60040
60042
60045
60047
60049
60051
60053
60054
60058
60059
60065
60067
60068
60071
60073
60076
60079
60080
60083
60084
60086
60087
60088
60091
60094
60096
60097
60098
60101
60105
60107
60111
60113
60114
60116
60119
60120
60125
60126
60127
60129
60131
60134
60136
60139
60141
60142
60143
60144
60146
60151
60152
60153
60154
60155
60156
60158
60160
60161
60162
60166
60167
60169
60170
60171
60172
60174
60180
60181
60184
60185
60186
60187
60191
60192
60193
60195
60196
60198
60201
60204
60207
60209
60211
60212
60213
60214
60215
60216
60218
60219
60222
60230
60233
60235
60236
60238
60239
60245
60247
60248
60250
60254
60259
60260
60261
60262
60264
60265
60267
60268
60269
60271
60275
60280
60281
60283
60284
60285
60286
60287
60293
60295
60302
60304
60307
60316
60317
60320
60321
60322
60323
60327
60332
60334
60337
60338
60340
60341
60342
60345
60348
60350
60353
60357
60362
60367
60371
60377
60378
60379
60382
60387
60388
60389
60394
60395
60397
60398
60410
60412
60413
60414
60416
60419
60420
60423
60424
60426
60430
60434
60436
60438
60440
60442
60446
60448
60451
60452
60453
60456
60460
60467
60472
60473
60476
60477
60482
60485
60493
60497
60498
60503
60507
60508
60513
60518
60520
60521
60522
60523
60524
60528
60529
60530
60531
60535
60537
60538
60541
60543
60544
60557
60560
60561
60562
60563
60564
60568
60569
60571
60572
60574
60575
60578
60584
60592
60594
60596
60597
60599
60600
60603
60605
60615
60616
60621
60626
60634
60635
60641
60644
60645
60650
60652
60654
60656
60658
60661
60663
60666
60667
60668
60670
60671
60673
60681
60682
60685
60688
60693
60694
60698
60700
60701
60702
60704
60709
60710
60711
60712
60715
60716
60718
60721
60725
60728
60729
60730
60731
60737
60739
60740
60741
60747
60749
60750
60751
60761
60764
60770
60772
60774
60775
60776
60780
60783
60784
60788
60789
60790
60792
60796
60797
60798
60799
60813
60816
60817
60820
60821
60827
60828
60833
60834
60835
60836
60837
60838
60839
60842
60847
60848
60852
60856
60857
60860
60864
60869
60870
60876
60880
60881
60882
60883
60888
60890
60893
60895
60904
60907
60908
60909
60913
60915
60919
60920
60921
60923
60924
60931
60934
60951
60952
60957
60958
60961
60963
60964
60965
60966
60967
60968
60970
60971
60973
60974
60981
60982
60983
60984
60986
60989
60993
60995
60997
61003
61009
61011
61012
61015
61019
61020
61022
61027
61028
61031
61032
61034
61037
61038
61039
61042
61049
61051
61057
61060
61067
61068
61074
61076
61077
61080
61082
61083
61087
61090
61094
61100
61101
61103
61108
61113
61114
61115
61116
61117
61120
61127
61128
61132
61134
61140
61151
61154
61155
61159
61161
61163
61165
61169
61178
61181
61182
61188
61198
61199
61201
61204
61212
61219
61229
61233
61235
61241
61242
61244
61245
61256
61257
61259
61262
61272
61281
61283
61287
61288
61292
61293
61295
61299
61304
61315
61327
61329
61330
61337
61340
61343
61347
61350
61353
61357
61358
61364
61367
61368
61372
61380
61381
61382
61384
61385
61386
61390
61391
61395
61399
61401
61407
61409
61414
61429
61431
61434
61440
61442
61444
61446
61449
61456
61461
61465
61468
61474
61475
61478
61484
61486
61496
61502
61504
61506
61512
61514
61515
61516
61526
61533
61534
61541
61543
61552
61557
61563
61565
61566
61567
61568
61569
61571
61578
61583
61590
61592
61593
61598
61599
61600
61603
61606
61607
61609
61612
61613
61614
61616
61617
61619
61622
61625
61632
61637
61638
61640
61650
61653
61656
61659
61660
61662
61665
61666
61668
61669
61673
61679
61680
61683
61684
61685
61686
61691
61693
61697
61698
61700
61711
61715
61716
61720
61729
61730
61731
61732
61734
61737
61740
61741
61743
61749
61754
61755
61757
61759
61766
61769
61772
61775
61777
61789
61796
61800
61801
61804
61806
61808
61815
61816
61817
61823
61825
61831
61834
61835
61838
61839
61841
61847
61848
61856
61861
61863
61870
61873
61876
61879
61880
61886
61890
61891
61894
61897
61903
61908
61916
61919
61923
61925
61926
61929
61935
61937
61939
61945
61947
61949
61950
61951
61953
61956
61959
61966
61969
61974
61978
61981
61982
61984
61985
61994
61999
62004
62012
62013
62019
62021
62024
62030
62033
62039
62046
62048
62050
62056
62057
62061
62072
62075
62079
62081
62082
62085
62087
62089
62090
62109
62112
62116
62129
62130
62131
62135
62142
62146
62156
62158
62161
62163
62166
62167
62169
62172
62176
62180
62183
62191
62193
62196
62201
62203
62205
62207
62209
62210
62215
62217
62220
62221
62226
62227
62231
62236
62245
62251
62253
62258
62261
62264
62265
62266
62273
62278
62283
62286
62287
62290
62297
62299
62309
62314
62316
62334
62335
62337
62345
62349
62351
62352
62359
62362
62369
62375
62382
62386
62390
62393
62394
62396
62399
62401
62403
62409
62410
62414
62415
62417
62419
62424
62429
62430
62432
62436
62439
62450
62451
62452
62456
62458
62462
62470
62471
62475
62481
62486
62492
62494
62496
62497
62499
62501
62504
62507
62508
62510
62512
62517
62528
62531
62534
62541
62548
62562
62568
62573
62574
62575
62594
62596
62600
62605
62610
62613
62614
62617
62620
62621
62624
62639
62641
62642
62643
62653
62655
62658
62668
62675
62680
62682
62686
62689
62695
62707
62723
62731
62734
62736
62740
62741
62742
62743
62745
62748
62751
62759
62760
62764
62765
62769
62771
62774
62783
62785
62790
62793
62795
62797
62802
62804
62808
62811
62813
62818
62820
62822
62823
62827
62831
62840
62843
62845
62855
62856
62858
62869
62870
62871
62881
62894
62897
62898
62907
62909
62916
62926
62930
62933
62934
62935
62937
62941
62944
62949
62950
62956
62957
62963
62968
62969
62975
62982
62983
62989
62991
62992
62993
62998
63001
63002
63007
63008
63013
63017
63019
63021
63028
63030
63036
63040
63041
63042
63049
63058
63060
63071
63075
63076
63080
63082
63083
63087
63098
63099
63101
63103
63106
63110
63111
63117
63118
63123
63128
63129
63134
63140
63151
63159
63160
63168
63171
63172
63173
63175
63176
63178
63180
63181
63186
63190
63191
63194
63198
63200
63201
63202
63204
63208
63210
63216
63222
63223
63226
63228
63229
63234
63239
63242
63243
63244
63246
63247
63248
63250
63252
63256
63257
63258
63260
63263
63269
63276
63279
63280
63283
63284
63285
63287
63288
63291
63294
63296
63297
63298
63301
63303
63304
63308
63309
63310
63313
63314
63320
63322
63325
63329
63330
63332
63336
63342
63348
63356
63357
63358
63359
63361
63362
63363
63364
63365
63366
63370
63372
63373
63375
63377
63379
63384
63385
63386
63388
63393
63394
63395
63397
63398
63399
63400
63401
63402
63405
63407
63410
63414
63419
63423
63429
63431
63432
63435
63437
63441
63442
63444
63447
63451
63452
63454
63464
63466
63470
63473
63474
63475
63480
63481
63482
63486
63490
63493
63494
63495
63497
63499
63500
63502
63506
63508
63509
63510
63512
63513
63523
63525
63527
63528
63529
63530
63541
63544
63545
63546
63547
63548
63550
63554
63557
63558
63561
63563
63564
63565
63566
63569
63571
63574
63578
63582
63586
63587
63591
63601
63609
63610
63618
63622
63629
63636
63638
63642
63643
63645
63652
63663
63664
63669
63676
63679
63682
63684
63685
63686
63692
63693
63694
63698
63701
63704
63710
63715
63717
63718
63719
63721
63724
63730
63733
63736
63739
63744
63745
63746
63750
63760
63761
63763
63767
63771
63773
63779
63783
63785
63789
63790
63794
63796
63797
63802
63808
63810
63821
63826
63834
63835
63841
63844
63851
63853
63855
63860
63861
63869
63876
63879
63880
63885
63889
63892
63894
63901
63906
63910
63912
63919
63924
63927
63929
63930
63932
63936
63941
63944
63948
63951
63954
63955
63957
63958
63959
63961
63963
63967
63968
63969
63971
63973
63974
63975
63978
63979
63980
63981
63984
63987
63988
63991
63993
63998
64002
64003
64005
64007
64009
64011
64013
64018
64019
64020
64022
64024
64027
64028
64037
64040
64047
64051
64053
64056
64058
64059
64060
64064
64068
64075
64077
64086
64089
64090
64092
64093
64094
64095
64098
64100
64102
64110
64112
64114
64116
64120
64121
64125
64126
64129
64132
64135
64136
64140
64143
64144
64148
64153
64154
64155
64157
64160
64161
64163
64164
64170
64174
64176
64180
64182
64186
64188
64190
64193
64194
64197
64199
64201
64202
64203
64204
64206
64209
64215
64218
64228
64229
64233
64234
64235
64236
64239
64240
64246
64247
64249
64251
64252
64253
64255
64257
64261
64262
64265
64266
64275
64276
64280
64281
64282
64283
64284
64285
64295
64299
64300
64302
64303
64305
64306
64308
64309
64310
64311
64312
64313
64315
64316
64319
64320
64322
64324
64325
64326
64327
64328
64329
64330
64331
64333
64335
64338
64339
64340
64342
64343
64347
64348
64349
64351
64352
64353
64354
64358
64360
64361
64363
64364
64365
64366
64367
64370
64371
64373
64375
64376
64377
64378
64379
64380
64382
64383
64385
64386
64388
64390
64394
64397
64398
64399
64400
64402
64403
64408
64411
64412
64415
64417
64418
64419
64421
64422
64425
64428
64431
64433
64435
64436
64437
64438
64440
64441
64442
64445
64447
64448
64450
64453
64454
64460
64462
64465
64466
64468
64473
64474
64475
64477
64478
64485
64486
64487
64488
64492
64497
64498
64501
64503
64506
64508
64511
64514
64515
64518
64519
64520
64523
64524
64525
64526
64527
64528
64531
64532
64533
64542
64547
64549
64550
64552
64553
64554
64555
64558
64560
64564
64565
64567
64568
64569
64570
64571
64572
64575
64578
64579
64581
64582
64584
64585
64586
64587
64592
64600
64603
64606
64608
64611
64615
64619
64621
64622
64624
64628
64629
64635
64639
64641
64644
64648
64649
64650
64651
64658
64663
64665
64666
64667
64668
64669
64671
64672
64674
64675
64677
64678
64679
64681
64682
64683
64687
64688
64690
64691
64693
64695
64696
64697
64699
64700
64702
64703
64704
64705
64706
64707
64709
64711
64716
64717
64720
64723
64724
64725
64728
64729
64733
64735
64737
64739
64744
64747
64748
64754
64756
64765
64766
64767
64768
64771
64775
64777
64778
64782
64784
64786
64787
64789
64790
64791
64792
64795
64796
64797
64798
64799
64801
64802
64807
64812
64813
64814
64817
64819
64820
64822
64825
64827
64828
64830
64832
64834
64836
64838
64839
64841
64843
64844
64846
64847
64848
64850
64852
64855
64856
64857
64858
64864
64866
64871
64872
64873
64877
64880
64881
64883
64885
64886
64887
64888
64889
64890
64891
64893
64895
64896
64898
64899
64904
64905
64908
64912
64913
64914
64921
64923
64924
64925
64926
64927
64931
64938
64939
64940
64942
64943
64945
64947
64950
64955
64957
64959
64960
64961
64964
64965
64966
64967
64970
64971
64972
64974
64975
64977
64979
64981
64982
64984
64985
64986
64987
64988
64990
64991
64992
64994
64998
64999
65001
65002
65003
65005
65007
65010
65011
65012
65014
65016
65019
65020
65024
65025
65026
65027
65029
65031
65035
65036
65042
65043
65044
65045
65049
65050
65051
65052
65054
65058
65059
65060
65061
65062
65066
65069
65072
65073
65076
65077
65078
65080
65086
65088
65089
65090
65093
65094
65096
65099
65101
65103
65104
65106
65108
65113
65114
65120
65121
65122
65128
65130
65131
65132
65137
65138
65143
65144
65145
65147
65150
65151
65152
65159
65160
65161
65163
65164
65166
65169
65175
65176
65177
65179
65187
65188
65191
65193
65196
65197
65199
65204
65205
65207
65209
65213
65214
65216
65219
65220
65222
65224
65225
65228
65230
65231
65232
65233
65234
65235
65236
65237
65238
65239
65240
65241
65242
65243
65245
65246
65247
65248
65249
65250
65251
65252
65253
65255
65256
65257
65258
65259
65262
65263
65265
65266
65268
65269
65270
65273
65276
65279
65281
65282
65283
65286
65287
65288
65292
65293
65299
65300
65304
65305
65306
65307
65309
65312
65314
65319
65324
65325
65327
65328
65329
65330
65332
65333
65334
65336
65338
65341
65343
65344
65347
65349
65350
65351
65353
65358
65360
65361
65364
65365
65373
65377
65380
65383
65388
65389
65393
65395
65396
65398
65401
65403
65407
65410
65413
65418
65419
65421
65422
65423
65424
65426
65427
65428
65429
65431
65433
65435
65440
65442
65443
65446
65448
65449
65455
65456
65459
65460
65462
65463
65467
65468
65471
65473
65475
65478
65482
65484
65485
65486
65488
65498
65500
65504
65513
65514
65516
65517
65520
65521
65522
65523
65525
65527
65540
65541
65546
65547
65548
65551
65552
65555
65559
65562
65563
65564
65565
65566
65567
65570
65571
65572
65575
65577
65582
65584
65586
65587
65588
65589
65591
65592
65593
65596
65597
65598
65600
65601
65604
65606
65614
65615
65620
65621
65622
65623
65624
65629
65630
65632
65634
65635
65638
65639
65640
65643
65645
65650
65653
65654
65657
65661
65663
65664
65665
65668
65669
65671
65676
65677
65678
65679
65680
65684
65687
65689
65690
65691
65692
65693
65694
65695
65696
65697
65698
65699
65705
65708
65712
65713
65716
65717
65720
65724
65725
65726
65727
65729
65733
65735
65739
65740
65742
65746
65748
65750
65751
65757
65758
65761
65765
65766
65772
65773
65782
65783
65784
65785
65788
65793
65794
65796
65797
65800
65801
65802
65803
65808
65810
65812
65813
65816
65817
65818
65819
65820
65824
65825
65827
65830
65833
65835
65839
65841
65842
65844
65845
65847
65850
65851
65852
65854
65855
65856
65857
65859
65860
65861
65865
65866
65867
65868
65871
65872
65876
65877
65879
65882
65886
65887
65891
65894
65895
65897
65898
65899
65901
65908
65911
65918
65919
65920
65921
65924
65925
65929
65930
65934
65935
65938
65941
65943
65944
65945
65947
65948
65949
65951
65954
65955
65958
65959
65960
65961
65965
65966
65970
65972
65973
65974
65977
65978
65979
65982
65983
65984
65985
65986
65987
65990
65991
65992
65993
65994
65995
65996
65999
66000
66001
66002
66003
66004
66005
66006
66007
66008
66009
66013
66014
66016
66017
66019
66022
66027
66028
66030
66032
66038
66043
66049
66050
66055
66060
66061
66063
66065
66067
66068
66070
66073
66076
66077
66078
66082
66083
66084
66085
66087
66088
66091
66092
66095
66096
66097
66101
66104
66105
66115
66116
66122
66132
66133
66134
66142
66143
66146
66147
66148
66152
66158
66165
66169
66173
66174
66179
66185
66188
66192
66193
66201
66205
66206
66211
66212
66217
66218
66223
66224
66226
66229
66230
66232
66235
66236
66239
66241
66251
66253
66256
66258
66260
66263
66265
66269
66270
66274
66275
66278
66280
66286
66289
66292
66297
66298
66301
66311
66316
66318
66319
66321
66323
66324
66328
66330
66332
66339
66341
66342
66343
66344
66346
66348
66349
66354
66356
66361
66363
66368
66370
66371
66375
66376
66382
66383
66386
66387
66390
66397
66401
66403
66407
66408
66410
66413
66414
66415
66420
66422
66423
66424
66430
66437
66439
66440
66441
66443
66445
66455
66460
66472
66473
66476
66482
66487
66492
66495
66498
66501
66503
66516
66520
66522
66523
66529
66531
66542
66545
66547
66549
66551
66555
66556
66562
66567
66575
66576
66580
66581
66583
66595
66597
66600
66602
66608
66612
66613
66615
66618
66619
66620
66625
66626
66627
66632
66634
66636
66641
66643
66645
66646
66649
66650
66651
66652
66658
66672
66674
66675
66679
66680
66681
66684
66686
66688
66690
66693
66699
66701
66703
66708
66716
66721
66723
66724
66725
66730
66731
66734
66737
66741
66743
66744
66745
66746
66747
66748
66749
66755
66756
66757
66766
66767
66770
66771
66785
66787
66789
66794
66799
66800
66801
66815
66827
66829
66830
66839
66842
66843
66845
66850
66852
66858
66860
66863
66866
66867
66872
66875
66876
66884
66886
66889
66892
66893
66895
66897
66910
66912
66913
66914
66915
66917
66919
66920
66922
66924
66928
66931
66932
66942
66950
66952
66958
66959
66961
66963
66977
66983
66997
67000
67006
67018
67020
67021
67022
67024
67025
67029
67031
67036
67042
67043
67048
67053
67055
67063
67067
67072
67074
67075
67082
67083
67087
67092
67093
67097
67100
67101
67114
67116
67131
67133
67134
67140
67151
67153
67159
67162
67169
67171
67173
67184
67186
67188
67189
67195
67202
67203
67207
67209
67210
67211
67215
67220
67223
67225
67227
67228
67234
67236
67239
67241
67242
67243
67244
67245
67250
67255
67257
67260
67273
67275
67277
67279
67284
67285
67286
67288
67297
67301
67308
67319
67320
67321
67322
67327
67333
67341
67349
67357
67361
67366
67367
67368
67370
67372
67373
67377
67378
67379
67381
67382
67386
67388
67392
67393
67400
67401
67402
67407
67415
67420
67424
67430
67431
67432
67433
67434
67454
67456
67466
67467
67470
67475
67477
67479
67488
67489
67490
67492
67505
67506
67508
67509
67516
67519
67522
67524
67527
67533
67542
67543
67546
67552
67553
67556
67557
67558
67559
67560
67566
67568
67570
67577
67578
67581
67583
67588
67597
67599
67603
67614
67615
67616
67617
67623
67625
67627
67630
67632
67633
67634
67641
67644
67645
67647
67662
67664
67666
67670
67677
67679
67681
67682
67686
67689
67691
67692
67694
67695
67699
67702
67703
67704
67705
67706
67707
67709
67711
67712
67713
67714
67716
67717
67721
67723
67724
67725
67729
67730
67731
67733
67734
67736
67737
67738
67740
67741
67745
67746
67747
67748
67751
67752
67753
67756
67758
67768
67770
67772
67773
67774
67775
67777
67781
67782
67783
67784
67785
67787
67788
67789
67792
67795
67797
67798
67799
67800
67802
67803
67806
67808
67811
67813
67814
67817
67818
67819
67820
67821
67822
67824
67825
67826
67828
67829
67830
67832
67834
67836
67840
67841
67842
67843
67851
67853
67854
67859
67860
67861
67866
67867
67869
67871
67875
67880
67887
67892
67894
67895
67896
67899
67901
67904
67905
67906
67907
67908
67909
67910
67912
67917
67918
67919
67920
67922
67923
67927
67929
67934
67936
67937
67938
67941
67942
67944
67946
67947
67949
67950
67951
67952
67953
67954
67956
67957
67958
67959
67960
67962
67963
67965
67966
67967
67968
67970
67973
67974
67976
67977
67978
67980
67987
67988
67990
67992
67993
67995
67996
67997
68003
68020
68023
68030
68032
68035
68037
68042
68045
68048
68055
68064
68067
68075
68076
68082
68086
68088
68089
68091
68092
68097
68101
68102
68103
68110
68114
68118
68119
68120
68123
68126
68128
68134
68142
68149
68152
68154
68156
68158
68160
68162
68165
68171
68174
68181
68183
68184
68194
68198
68201
68210
68212
68214
68215
68216
68222
68223
68225
68230
68231
68238
68239
68241
68246
68247
68254
68255
68257
68258
68259
68267
68268
68270
68274
68281
68282
68285
68290
68292
68293
68299
68300
68302
68305
68308
68311
68312
68315
68318
68325
68329
68330
68333
68336
68337
68338
68339
68340
68343
68346
68347
68349
68350
68352
68353
68354
68355
68357
68358
68363
68364
68365
68366
68369
68370
68371
68372
68377
68385
68386
68387
68391
68393
68395
68396
68399
68400
68404
68405
68406
68408
68413
68416
68417
68418
68422
68423
68428
68431
68436
68440
68441
68442
68443
68447
68451
68453
68454
68456
68457
68459
68461
68463
68465
68466
68471
68473
68474
68476
68482
68487
68492
68493
68494
68496
68497
68502
68508
68510
68511
68513
68514
68516
68519
68521
68523
68526
68529
68532
68534
68538
68542
68548
68549
68554
68557
68560
68562
68564
68568
68569
68570
68574
68575
68576
68578
68582
68585
68587
68588
68592
68594
68595
68596
68602
68605
68608
68610
68611
68612
68615
68616
68617
68618
68619
68624
68625
68626
68627
68628
68630
68632
68637
68638
68639
68640
68643
68645
68648
68649
68653
68657
68658
68661
68663
68665
68666
68670
68672
68676
68677
68683
68685
68686
68690
68692
68694
68695
68696
68698
68699
68701
68707
68711
68718
68719
68725
68726
68728
68730
68732
68733
68735
68736
68738
68739
68741
68743
68744
68745
68746
68748
68749
68750
68751
68752
68753
68755
68758
68767
68771
68774
68775
68776
68777
68780
68781
68782
68788
68789
68792
68794
68795
68799
68804
68805
68806
68807
68808
68810
68813
68814
68816
68819
68820
68821
68822
68824
68827
68830
68831
68832
68833
68834
68840
68841
68842
68844
68847
68850
68855
68858
68859
68860
68861
68864
68866
68867
68868
68871
68873
68877
68879
68882
68891
68892
68893
68894
68903
68904
68906
68908
68909
68918
68924
68925
68926
68927
68935
68937
68941
68943
68944
68956
68958
68963
68965
68966
68968
68970
68973
68981
68982
68985
68988
68989
68992
68993
68996
68997
68998
68999
69000
69004
69007
69008
69010
69012
69013
69015
69019
69023
69024
69027
69029
69034
69036
69037
69038
69039
69042
69046
69049
69050
69051
69057
69061
69063
69066
69067
69069
69072
69076
69078
69080
69086
69087
69089
69093
69096
69099
69100
69107
69109
69110
69111
69112
69116
69118
69119
69123
69126
69128
69130
69135
69136
69137
69139
69140
69141
69143
69145
69151
69152
69154
69155
69161
69165
69170
69171
69173
69178
69179
69181
69186
69187
69189
69191
69194
69198
69199
69203
69206
69208
69209
69214
69219
69223
69225
69228
69229
69232
69235
69236
69237
69240
69243
69244
69245
69246
69251
69253
69254
69257
69259
69261
69265
69267
69269
69272
69273
69274
69279
69282
69283
69288
69293
69299
69304
69305
69308
69310
69316
69317
69328
69330
69333
69338
69339
69345
69349
69351
69352
69362
69365
69369
69375
69377
69391
69401
69408
69410
69414
69415
69417
69423
69437
69438
69440
69441
69444
69454
69457
69469
69471
69477
69479
69480
69488
69494
69498
69502
69504
69507
69515
69520
69524
69525
69541
69542
69543
69554
69557
69558
69566
69568
69572
69574
69578
69591
69592
69595
69598
69602
69614
69616
69618
69632
69634
69635
69637
69638
69642
69651
69659
69662
69664
69670
69671
69674
69690
69692
69695
69701
69705
69710
69714
69718
69722
69724
69725
69727
69732
69734
69738
69745
69746
69751
69754
69760
69764
69771
69781
69790
69792
69793
69794
69795
69800
69804
69807
69812
69815
69817
69830
69836
69839
69843
69845
69848
69851
69853
69857
69868
69870
69873
69879
69894
69907
69911
69915
69916
69933
69937
69938
69944
69950
69952
69954
69956
69974
69978
69980
69988
69991
69992
69993
69997
70007
70018
70029
70032
70041
70044
70045
70054
70061
70062
70066
70069
70075
70081
70092
70100
70110
70115
70116
70120
70121
70133
70134
70142
70144
70148
70153
70161
70168
70177
70182
70187
70189
70192
70195
70198
70203
70206
70218
70222
70227
70232
70234
70237
70242
70244
70259
70260
70261
70264
70272
70274
70276
70278
70286
70287
70296
70301
70305
70310
70312
70314
70315
70316
70319
70335
70336
70337
70341
70343
70344
70357
70359
70363
70372
70373
70375
70379
70386
70390
70393
70397
70403
70407
70413
70418
70419
70424
70430
70434
70439
70445
70446
70447
70451
70453
70454
70462
70465
70466
70474
70475
70479
70481
70483
70484
70486
70489
70490
70491
70494
70505
70508
70509
70514
70517
70518
70519
70520
70521
70524
70527
70529
70530
70533
70534
70537
70539
70540
70544
70547
70551
70552
70554
70558
70562
70563
70565
70572
70573
70575
70578
70583
70585
70591
70601
70604
70605
70606
70610
70612
70614
70617
70618
70619
70621
70622
70627
70630
70634
70636
70638
70639
70641
70643
70644
70646
70647
70650
70657
70660
70661
70663
70664
70666
70667
70670
70673
70677
70683
70686
70687
70689
70692
70700
70701
70705
70706
70710
70712
70717
70718
70722
70726
70728
70729
70730
70732
70733
70734
70736
70741
70742
70745
70746
70748
70758
70763
70768
70771
70772
70774
70777
70779
70784
70785
70787
70789
70791
70793
70794
70796
70797
70803
70805
70808
70809
70810
70812
70815
70819
70820
70823
70826
70828
70830
70832
70833
70834
70835
70842
70844
70847
70849
70854
70856
70857
70860
70864
70865
70866
70867
70870
70872
70876
70877
70880
70882
70883
70884
70887
70888
70893
70897
70898
70899
70904
70906
70907
70910
70911
70912
70913
70915
70918
70919
70923
70924
70929
70933
70935
70939
70940
70943
70946
70947
70951
70953
70959
70962
70963
70969
70974
70975
70978
70979
70981
70985
70986
70987
70989
70998
71000
71001
71002
71005
71009
71016
71020
71025
71028
71030
71031
71039
71041
71044
71046
71047
71049
71059
71060
71062
71064
71066
71070
71076
71079
71082
71084
71088
71092
71093
71095
71101
71103
71104
71109
71110
71112
71116
71129
71134
71135
71137
71138
71146
71165
71170
71174
71179
71185
71187
71192
71193
71194
71196
71200
71201
71202
71208
71212
71219
71228
71231
71236
71242
71248
71251
71262
71266
71267
71273
71274
71277
71278
71286
71288
71289
71290
71295
71314
71323
71324
71340
71344
71345
71346
71348
71350
71355
71358
71364
71365
71367
71368
71369
71370
71371
71372
71374
71378
71381
71384
71388
71391
71392
71394
71398
71403
71416
71418
71426
71430
71433
71436
71438
71439
71440
71441
71443
71446
71454
71455
71465
71472
71486
71490
71496
71500
71502
71504
71506
71508
71512
71513
71514
71519
71523
71527
71528
71530
71531
71532
71536
71538
71539
71541
71542
71543
71545
71546
71549
71550
71551
71553
71557
71561
71566
71569
71571
71572
71576
71578
71580
71581
71585
71587
71594
71599
71601
71603
71607
71615
71617
71619
71624
71626
71630
71632
71636
71637
71639
71641
71642
71644
71645
71646
71647
71650
71652
71654
71655
71656
71658
71659
71666
71667
71674
71677
71678
71681
71692
71694
71698
71702
71704
71707
71708
71709
71718
71721
71722
71724
71732
71736
71737
71743
71746
71753
71754
71758
71765
71768
71773
71774
71776
71779
71782
71788
71789
71795
71796
71800
71804
71806
71807
71809
71812
71813
71814
71815
71817
71821
71822
71826
71827
71828
71832
71837
71839
71841
71842
71844
71846
71850
71857
71859
71862
71865
71868
71870
71871
71872
71876
71880
71881
71883
71885
71887
71890
71891
71897
71898
71899
71900
71901
71904
71908
71910
71912
71915
71916
71917
71918
71924
71927
71928
71929
71935
71937
71938
71939
71940
71942
71945
71948
71949
71951
71952
71956
71957
71958
71959
71961
71964
71966
71968
71969
71971
71972
71973
71974
71975
71976
71977
71980
71985
71986
71987
71988
71990
71991
71993
71994
71995
71996
71999
72000
72004
72005
72007
72008
72009
72011
72013
72016
72017
72021
72022
72024
72031
72035
72039
72040
72042
72050
72054
72056
72059
72061
72062
72065
72066
72068
72072
72075
72076
72078
72079
72080
72081
72085
72088
72089
72090
72091
72092
72093
72095
72098
72099
72101
72103
72105
72108
72110
72111
72116
72118
72120
72123
72125
72126
72127
72129
72131
72132
72134
72135
72136
72138
72139
72140
72141
72142
72143
72145
72149
72150
72151
72154
72156
72158
72160
72163
72164
72165
72168
72171
72172
72173
72174
72175
72176
72177
72179
72184
72186
72188
72189
72190
72192
72196
72197
72201
72202
72208
72209
72210
72211
72219
72221
72225
72227
72228
72230
72231
72233
72235
72236
72238
72242
72243
72249
72250
72252
72255
72258
72260
72261
72263
72265
72266
72267
72268
72269
72270
72273
72275
72277
72279
72281
72284
72285
72286
72288
72290
72291
72292
72297
72298
72300
72301
72305
72308
72309
72311
72314
72317
72320
72325
72327
72331
72332
72334
72336
72340
72342
72343
72348
72354
72357
72358
72360
72362
72365
72366
72369
72371
72374
72376
72379
72383
72384
72385
72386
72389
72392
72393
72395
72402
72405
72410
72411
72412
72417
72418
72419
72426
72427
72434
72435
72441
72446
72449
72450
72451
72454
72456
72459
72462
72465
72467
72468
72471
72472
72475
72476
72478
72479
72480
72483
72489
72490
72491
72492
72493
72497
72500
72501
72508
72509
72511
72514
72515
72516
72517
72518
72519
72525
72526
72527
72530
72533
72537
72538
72539
72540
72544
72547
72549
72551
72552
72553
72555
72556
72561
72562
72564
72567
72568
72569
72571
72573
72574
72576
72577
72579
72581
72588
72589
72591
72592
72593
72594
72596
72602
72606
72607
72611
72618
72619
72621
72623
72624
72626
72631
72633
72634
72638
72639
72644
72645
72649
72651
72654
72655
72656
72657
72658
72663
72664
72667
72668
72670
72671
72672
72673
72675
72678
72680
72681
72683
72684
72690
72694
72696
72700
72705
72709
72713
72716
72717
72718
72719
72720
72725
72727
72731
72734
72736
72744
72745
72746
72749
72752
72753
72754
72757
72758
72761
72763
72764
72765
72766
72770
72772
72773
72774
72776
72778
72779
72782
72785
72787
72788
72789
72790
72792
72793
72794
72796
72797
72800
72801
72802
72803
72806
72808
72811
72812
72813
72816
72817
72818
72820
72825
72826
72831
72832
72833
72834
72835
72841
72842
72845
72854
72857
72859
72860
72865
72867
72868
72870
72873
72875
72878
72879
72880
72882
72883
72884
72885
72887
72888
72890
72894
72895
72897
72899
72900
72905
72907
72908
72909
72912
72913
72917
72923
72926
72927
72928
72929
72930
72932
72933
72934
72935
72937
72940
72941
72942
72944
72945
72949
72952
72955
72956
72958
72960
72962
72963
72964
72965
72968
72970
72973
72974
72977
72980
72981
72983
72986
72987
72991
72992
72993
72995
72997
72999
73003
73004
73005
73010
73014
73016
73017
73019
73021
73023
73027
73028
73031
73032
73033
73034
73035
73039
73040
73041
73044
73045
73046
73048
73049
73051
73052
73054
73055
73056
73057
73058
73059
73061
73062
73064
73067
73068
73069
73071
73072
73073
73075
73076
73077
73078
73079
73080
73081
73083
73084
73085
73086
73087
73089
73090
73091
73092
73094
73095
73096
73097
73099
73101
73102
73103
73104
73105
73106
73107
73112
73114
73115
73122
73123
73125
73126
73128
73129
73130
73138
73139
73140
73141
73143
73144
73147
73148
73149
73153
73154
73156
73157
73159
73162
73163
73164
73165
73166
73168
73169
73170
73171
73172
73175
73177
73178
73179
73180
73182
73185
73186
73187
73191
73193
73194
73197
73198
73199
73200
73202
73203
73205
73207
73208
73211
73213
73214
73215
73216
73219
73220
73221
73224
73225
73229
73230
73231
73232
73233
73237
73238
73239
73242
73245
73248
73249
73250
73251
73252
73253
73255
73256
73257
73259
73260
73261
73263
73266
73268
73271
73274
73276
73277
73281
73282
73283
73285
73286
73287
73288
73289
73292
73293
73295
73296
73297
73299
73301
73303
73304
73305
73306
73307
73308
73310
73311
73314
73315
73321
73322
73325
73326
73327
73329
73330
73332
73335
73337
73339
73340
73343
73345
73347
73349
73351
73354
73356
73361
73364
73365
73367
73368
73370
73371
73373
73375
73377
73381
73382
73384
73388
73389
73390
73391
73393
73394
73397
73399
73400
73402
73407
73408
73409
73411
73414
73415
73417
73421
73423
73424
73427
73428
73429
73430
73431
73432
73433
73434
73435
73436
73437
73441
73443
73444
73446
73447
73448
73452
73453
73454
73455
73457
73458
73460
73462
73463
73464
73465
73467
73468
73469
73471
73475
73476
73478
73480
73482
73483
73484
73485
73486
73487
73489
73490
73491
73494
73496
73497
73498
73500
73501
73502
73504
73505
73507
73509
73510
73511
73513
73514
73523
73525
73527
73532
73536
73537
73539
73540
73541
73543
73544
73546
73548
73550
73551
73552
73553
73556
73559
73560
73561
73563
73564
73565
73566
73567
73568
73569
73571
73573
73574
73576
73578
73583
73584
73585
73587
73588
73591
73592
73595
73597
73598
73603
73606
73609
73611
73612
73614
73616
73617
73618
73621
73625
73626
73627
73628
73630
73631
73632
73634
73635
73637
73641
73642
73643
73644
73647
73648
73649
73650
73653
73654
73656
73659
73660
73664
73665
73667
73668
73669
73670
73672
73676
73677
73678
73679
73680
73681
73682
73683
73684
73686
73687
73688
73690
73693
73694
73695
73697
73698
73699
73700
73701
73702
73703
73705
73707
73711
73712
73713
73714
73716
73717
73718
73720
73721
73722
73726
73727
73728
73732
73734
73737
73738
73739
73742
73743
73744
73745
73749
73751
73752
73754
73755
73756
73757
73758
73759
73761
73762
73766
73767
73768
73770
73771
73772
73774
73775
73777
73778
73779
73782
73784
73785
73787
73788
73790
73792
73795
73796
73797
73801
73802
73803
73806
73808
73809
73810
73811
73812
73813
73814
73816
73818
73819
73820
73821
73822
73824
73826
73827
73828
73830
73831
73832
73833
73834
73835
73836
73837
73840
73842
73843
73844
73847
73849
73850
73851
73853
73854
73855
73861
73862
73865
73866
73867
73868
73869
73870
73871
73872
73873
73875
73876
73878
73880
73881
73882
73884
73886
73890
73891
73892
73893
73894
73895
73896
73898
73899
73901
73903
73904
73907
73908
73909
73910
73911
73912
73914
73915
73916
73917
73918
73919
73921
73922
73925
73927
73931
73933
73934
73937
73938
73939
73941
73946
73947
73950
73955
73956
73959
73960
73966
73969
73971
73972
73978
73982
73985
73986
73988
73992
73993
73994
73995
73998
73999
74000
74002
74003
74007
74008
74009
74010
74012
74013
74014
74015
74016
74017
74018
74019
74020
74025
74028
74029
74031
74032
74034
74035
74038
74040
74042
74043
74044
74047
74049
74050
74051
74052
74053
74054
74056
74057
74059
74061
74065
74066
74067
74069
74070
74071
74074
74076
74077
74078
74080
74081
74082
74085
74086
74091
74093
74094
74096
74098
74099
74100
74101
74102
74105
74106
74109
74110
74111
74116
74117
74118
74120
74121
74122
74124
74125
74126
74128
74129
74132
74135
74137
74138
74139
74140
74142
74143
74144
74145
74146
74147
74148
74149
74150
74151
74152
74153
74155
74157
74158
74160
74162
74163
74166
74168
74169
74170
74171
74172
74173
74174
74175
74176
74177
74178
74179
74180
74182
74184
74187
74190
74191
74193
74194
74195
74199
74201
74202
74203
74204
74207
74209
74213
74214
74215
74218
74221
74222
74223
74224
74225
74228
74229
74230
74231
74233
74235
74236
74238
74239
74240
74243
74247
74250
74252
74255
74257
74258
74259
74264
74269
74271
74272
74273
74274
74278
74280
74287
74288
74289
74290
74291
74295
74297
74298
74300
74303
74308
74309
74310
74313
74314
74315
74319
74323
74324
74325
74326
74330
74333
74336
74337
74338
74340
74341
74342
74347
74352
74353
74354
74355
74356
74357
74362
74363
74368
74369
74371
74372
74373
74374
74375
74376
74380
74383
74384
74387
74390
74391
74393
74400
74402
74404
74405
74406
74407
74408
74411
74412
74420
74422
74423
74425
74428
74432
74439
74440
74444
74450
74451
74452
74453
74454
74455
74458
74459
74465
74469
74471
74474
74481
74482
74485
74487
74488
74489
74491
74492
74493
74495
74503
74509
74510
74513
74514
74515
74517
74522
74526
74527
74528
74532
74536
74537
74540
74544
74546
74548
74552
74553
74556
74558
74561
74566
74569
74570
74571
74572
74578
74585
74588
74591
74598
74600
74601
74602
74607
74611
74615
74627
74628
74634
74635
74639
74641
74647
74648
74653
74655
74660
74670
74672
74678
74679
74680
74682
74684
74687
74691
74693
74709
74718
74721
74722
74729
74732
74733
74736
74738
74739
74741
74742
74745
74746
74747
74748
74749
74752
74757
74761
74767
74772
74774
74775
74796
74804
74809
74814
74815
74821
74825
74828
74835
74841
74845
74850
74863
74871
74874
74883
74887
74906
74918
74928
74934
74935
74938
74944
74951
74956
74957
74964
74965
74975
74993
75004
75012
75016
75019
75022
75025
75032
75035
75042
75049
75061
75063
75065
75069
75080
75094
75100
75101
75113
75119
75120
75136
75153
75161
75169
75176
75190
75192
75199
75201
75207
75220
75222
75225
75234
75246
75247
75257
75263
75268
75269
75280
75281
75295
75310
75312
75314
75319
75322
75328
75329
75331
75339
75340
75345
75347
75360
75361
75375
75378
75391
75393
75402
75407
75408
75414
75431
75435
75451
75456
75465
75469
75478
75484
75494
75500
75501
75519
75526
75528
75536
75556
75557
75558
75562
75564
75565
75566
75577
75588
75589
75596
75614
75630
75631
75657
75668
75670
75683
75684
75685
75689
75698
75711
75712
75723
75734
75747
75751
75754
75757
75778
75784
75785
75786
75788
75789
75793
75794
75797
75799
75808
75810
75811
75819
75821
75831
75840
75843
75848
75858
75860
75865
75873
75879
75883
75905
75911
75920
75924
75928
75931
75932
75936
75947
75949
75962
75965
75981
75992
76026
76039
76042
76043
76045
76052
76059
76064
76069
76101
76109
76118
76124
76125
76135
76136
76139
76141
76146
76147
76170
76172
76182
76191
76193
76195
76198
76199
76205
76208
76215
76218
76231
76234
76237
76238
76248
76252
76257
76259
76267
76268
76269
76278
76285
76311
76315
76318
76324
76328
76329
76333
76346
76354
76355
76360
76366
76367
76374
76376
76377
76381
76386
76387
76389
76390
76394
76396
76408
76409
76417
76428
76429
76431
76437
76438
76456
76460
76469
76477
76478
76487
76502
76506
76512
76516
76526
76533
76535
76536
76544
76554
76558
76580
76588
76611
76612
76616
76626
76638
76642
76644
76654
76658
76659
76660
76661
76663
76666
76673
76679
76680
76683
76684
76685
76687
76688
76712
76713
76715
76720
76725
76736
76746
76748
76759
76761
76769
76773
76777
76787
76790
76795
76800
76809
76812
76814
76816
76817
76821
76823
76827
76835
76836
76837
76841
76845
76851
76857
76860
76873
76880
76893
76894
76902
76916
76920
76926
76932
76952
76954
76957
76958
76975
76978
76983
76987
76993
77009
77015
77018
77019
77024
77025
77029
77042
77047
77048
77072
77073
77075
77081
77084
77095
77098
77100
77109
77131
77132
77133
77145
77147
77156
77170
77188
77189
77192
77195
77196
77221
77228
77229
77233
77250
77251
77255
77260
77268
77275
77279
77280
77281
77286
77287
77289
77294
77306
77316
77318
77320
77334
77335
77345
77346
77351
77352
77357
77382
77383
77386
77389
77391
77396
77398
77408
77412
77416
77420
77423
77430
77432
77433
77434
77436
77452
77458
77468
77470
77478
77482
77484
77486
77494
77496
77497
77498
77506
77508
77509
77521
77522
77523
77533
77536
77543
77544
77550
77558
77559
77563
77570
77571
77573
77581
77582
77588
77595
77601
77604
77605
77611
77618
77619
77621
77644
77646
77651
77662
77664
77667
77669
77671
77672
77674
77677
77679
77680
77688
77689
77690
77702
77703
77704
77706
77709
77719
77723
77728
77748
77764
77765
77772
77778
77780
77792
77795
77797
77800
77802
77818
77819
77823
77824
77826
77827
77831
77838
77844
77848
77855
77859
77869
77871
77876
77880
77882
77883
77886
77892
77898
77899
77904
77907
77915
77938
77940
77943
77953
77958
77967
77971
77972
77977
77980
77982
77983
78002
78010
78015
78016
78025
78032
78034
78038
78043
78048
78049
78053
78058
78071
78072
78076
78080
78081
78084
78085
78091
78099
78100
78101
78103
78112
78113
78120
78121
78123
78124
78128
78140
78143
78144
78146
78147
78152
78155
78160
78168
78169
78173
78175
78178
78180
78191
78204
78206
78207
78208
78212
78214
78217
78218
78222
78223
78229
78232
78234
78237
78239
78242
78246
78247
78258
78259
78261
78262
78265
78267
78272
78277
78282
78286
78289
78292
78293
78297
78299
78300
78304
78305
78308
78312
78315
78316
78324
78327
78330
78332
78335
78338
78343
78349
78350
78358
78362
78363
78364
78368
78369
78370
78375
78378
78385
78386
78388
78390
78395
78399
78402
78403
78405
78406
78408
78409
78410
78413
78415
78416
78417
78418
78420
78424
78425
78427
78430
78433
78435
78440
78444
78447
78448
78450
78455
78459
78470
78471
78472
78475
78476
78478
78485
78494
78496
78497
78498
78501
78502
78503
78505
78506
78508
78509
78510
78513
78514
78515
78522
78525
78526
78530
78533
78534
78535
78539
78543
78544
78545
78547
78550
78552
78553
78556
78560
78565
78575
78576
78579
78580
78581
78582
78583
78585
78588
78596
78602
78603
78607
78609
78610
78613
78618
78620
78624
78627
78633
78634
78636
78637
78639
78641
78643
78645
78648
78650
78652
78654
78655
78656
78657
78664
78665
78668
78669
78673
78674
78679
78681
78687
78688
78689
78700
78701
78703
78704
78706
78708
78709
78717
78718
78719
78722
78729
78733
78737
78738
78739
78741
78743
78744
78746
78747
78749
78751
78754
78755
78757
78760
78761
78762
78764
78766
78769
78770
78771
78773
78774
78775
78776
78778
78780
78781
78784
78787
78788
78792
78796
78800
78802
78804
78805
78806
78807
78811
78812
78814
78816
78817
78818
78822
78823
78827
78830
78831
78832
78833
78834
78839
78842
78845
78850
78853
78855
78856
78858
78859
78860
78861
78865
78867
78870
78872
78874
78875
78878
78879
78880
78882
78886
78887
78888
78889
78890
78892
78893
78894
78896
78897
78900
78903
78904
78905
78906
78911
78912
78914
78920
78921
78922
78923
78924
78925
78931
78933
78934
78935
78939
78941
78944
78946
78947
78950
78952
78953
78955
78961
78964
78967
78968
78970
78971
78984
78985
78988
78989
78991
78997
78998
78999
79003
79006
79008
79013
79016
79017
79018
79019
79022
79026
79027
79030
79032
79033
79034
79037
79038
79040
79043
79048
79052
79058
79060
79061
79063
79064
79065
79066
79067
79071
79072
79075
79076
79077
79079
79080
79081
79082
79083
79086
79087
79093
79095
79099
79103
79106
79108
79109
79110
79113
79115
79116
79117
79118
79119
79122
79123
79127
79128
79129
79130
79134
79135
79139
79141
79143
79144
79146
79147
79148
79149
79150
79151
79152
79154
79156
79159
79161
79164
79166
79169
79170
79173
79176
79179
79185
79186
79187
79189
79191
79192
79198
79199
79203
79205
79214
79218
79219
79220
79222
79225
79229
79231
79232
79235
79238
79241
79245
79246
79248
79250
79251
79252
79253
79257
79258
79259
79260
79263
79264
79267
79269
79272
79273
79276
79281
79282
79283
79284
79285
79287
79289
79292
79293
79295
79297
79299
79300
79301
79304
79307
79310
79312
79320
79322
79324
79326
79327
79330
79332
79336
79337
79338
79340
79342
79344
79347
79350
79354
79355
79357
79361
79362
79363
79365
79366
79368
79369
79372
79374
79375
79377
79380
79384
79385
79392
79397
79398
79403
79407
79409
79410
79413
79417
79420
79421
79432
79437
79441
79442
79443
79447
79448
79449
79450
79452
79453
79454
79455
79458
79461
79466
79470
79473
79475
79476
79479
79480
79481
79484
79485
79491
79501
79502
79504
79506
79507
79511
79513
79514
79516
79518
79520
79522
79528
79529
79530
79535
79539
79544
79545
79550
79556
79558
79561
79562
79564
79568
79571
79573
79574
79576
79579
79581
79583
79587
79588
79589
79590
79591
79594
79595
79596
79597
79598
79599
79600
79610
79611
79612
79614
79616
79617
79623
79624
79632
79633
79635
79636
79637
79638
79640
79643
79646
79649
79651
79652
79654
79655
79656
79657
79658
79659
79660
79661
79662
79663
79664
79665
79666
79667
79669
79674
79675
79676
79677
79684
79689
79692
79694
79695
79696
79697
79698
79699
79700
79703
79704
79705
79706
79713
79714
79720
79721
79722
79723
79725
79727
79729
79730
79732
79733
79736
79737
79740
79745
79747
79748
79750
79751
79753
79756
79757
79758
79759
79763
79767
79768
79771
79772
79773
79776
79777
79778
79779
79781
79783
79785
79786
79791
79792
79794
79795
79796
79800
79801
79802
79807
79811
79812
79817
79820
79823
79825
79828
79829
79831
79832
79834
79835
79836
79839
79841
79844
79846
79847
79848
79849
79850
79855
79856
79858
79859
79861
79862
79863
79866
79867
79870
79871
79878
79879
79881
79884
79886
79887
79888
79890
79892
79896
79898
79899
79901
79902
79906
79907
79908
79909
79913
79914
79915
79917
79919
79920
79925
79927
79928
79929
79930
79931
79933
79934
79935
79938
79940
79941
79942
79945
79946
79947
79952
79953
79955
79956
79958
79960
79961
79962
79963
79964
79965
79966
79969
79970
79972
79975
79980
79981
79983
79984
79988
79989
79992
79993
79997
80005
80006
80009
80011
80015
80021
80024
80025
80026
80027
80031
80035
80036
80038
80039
80041
80042
80043
80045
80051
80052
80059
80060
80061
80064
80067
80069
80073
80074
80076
80080
80082
80089
80091
80092
80093
80095
80096
80101
80105
80106
80107
80109
80110
80112
80113
80115
80116
80117
80118
80121
80122
80123
80124
80125
80129
80131
80132
80134
80135
80137
80138
80139
80144
80145
80150
80152
80163
80164
80168
80173
80175
80179
80183
80184
80191
80192
80193
80196
80200
80202
80207
80210
80212
80213
80217
80221
80222
80225
80226
80227
80228
80229
80230
80231
80233
80234
80236
80238
80241
80242
80244
80245
80247
80248
80250
80252
80253
80254
80256
80257
80258
80259
80261
80263
80265
80267
80269
80272
80273
80275
80276
80278
80279
80281
80282
80284
80285
80286
80287
80288
80289
80291
80292
80293
80295
80296
80297
80298
80299
80304
80305
80306
80308
80310
80311
80315
80317
80318
80319
80324
80329
80330
80331
80332
80333
80334
80335
80336
80337
80338
80339
80340
80341
80345
80347
80348
80349
80350
80351
80353
80355
80356
80358
80360
80361
80363
80365
80366
80367
80368
80371
80372
80374
80375
80376
80378
80379
80381
80383
80384
80385
80386
80387
80391
80392
80394
80396
80397
80399
80404
80405
80406
80407
80408
80410
80411
80412
80415
80418
80420
80423
80427
80428
80429
80431
80432
80434
80437
80439
80440
80441
80446
80450
80451
80454
80455
80456
80457
80460
80461
80462
80465
80467
80468
80471
80474
80475
80476
80477
80478
80482
80486
80487
80488
80489
80491
80494
80495
80497
80499
80501
80502
80506
80508
80509
80510
80512
80513
80516
80519
80522
80530
80532
80534
80535
80537
80539
80541
80542
80543
80546
80548
80549
80554
80555
80557
80558
80563
80566
80569
80575
80576
80577
80580
80581
80582
80584
80585
80586
80587
80589
80591
80592
80593
80595
80597
80598
80599
80600
80609
80610
80611
80612
80616
80617
80620
80621
80622
80623
80624
80625
80628
80629
80630
80631
80632
80633
80634
80635
80637
80639
80640
80641
80642
80643
80651
80653
80654
80655
80657
80659
80660
80661
80664
80665
80666
80672
80674
80675
80678
80679
80681
80684
80688
80689
80690
80694
80696
80698
80699
80701
80707
80708
80710
80713
80715
80717
80719
80720
80721
80722
80724
80725
80727
80730
80731
80735
80738
80740
80742
80743
80744
80746
80748
80749
80750
80753
80754
80755
80756
80757
80758
80759
80760
80761
80763
80765
80766
80767
80768
80769
80770
80772
80773
80774
80775
80778
80779
80783
80784
80785
80788
80789
80793
80795
80796
80797
80802
80805
80806
80808
80809
80810
80812
80814
80817
80821
80822
80824
80825
80826
80828
80830
80832
80835
80836
80838
80839
80843
80844
80845
80846
80848
80849
80852
80853
80854
80855
80857
80858
80860
80861
80864
80865
80866
80868
80869
80871
80873
80879
80881
80882
80883
80884
80887
80888
80889
80890
80891
80894
80895
80897
80899
80901
80902
80905
80907
80908
80910
80914
80916
80917
80918
80920
80921
80922
80923
80927
80929
80930
80931
80932
80935
80936
80938
80940
80941
80942
80945
80947
80948
80949
80950
80951
80952
80953
80954
80955
80958
80959
80960
80961
80962
80963
80964
80968
80969
80971
80975
80977
80979
80980
80985
80986
80988
80989
80990
80991
80994
80998
81002
81003
81004
81005
81006
81008
81009
81011
81012
81014
81016
81017
81018
81021
81023
81024
81027
81028
81032
81036
81037
81039
81040
81041
81042
81043
81044
81045
81047
81048
81050
81053
81056
81057
81061
81062
81066
81067
81068
81070
81075
81076
81078
81079
81080
81081
81084
81085
81086
81087
81094
81095
81098
81101
81102
81103
81104
81106
81108
81109
81110
81115
81116
81117
81118
81121
81124
81125
81126
81127
81128
81131
81132
81133
81134
81135
81136
81137
81138
81143
81144
81145
81147
81148
81150
81151
81152
81153
81154
81157
81158
81162
81164
81165
81167
81168
81170
81173
81174
81175
81176
81177
81178
81180
81181
81182
81184
81185
81186
81187
81188
81190
81191
81192
81194
81195
81196
81197
81198
81199
81200
81201
81203
81205
81207
81208
81213
81214
81215
81220
81221
81222
81223
81224
81225
81227
81233
81235
81240
81241
81242
81244
81245
81246
81247
81249
81250
81252
81253
81254
81255
81256
81258
81262
81263
81267
81269
81270
81272
81273
81274
81275
81276
81278
81279
81280
81282
81284
81285
81287
81289
81291
81292
81294
81298
81300
81301
81302
81303
81304
81308
81309
81310
81311
81313
81316
81317
81318
81320
81323
81324
81331
81334
81336
81340
81342
81343
81345
81349
81350
81353
81356
81360
81361
81364
81367
81368
81370
81371
81372
81374
81375
81376
81377
81381
81384
81385
81387
81388
81389
81391
81392
81394
81395
81397
81398
81400
81403
81408
81409
81410
81411
81414
81417
81421
81423
81424
81425
81426
81427
81429
81437
81438
81439
81440
81442
81444
81446
81447
81456
81458
81460
81462
81469
81470
81472
81474
81476
81477
81479
81480
81481
81482
81484
81486
81487
81489
81490
81492
81495
81496
81497
81498
81500
81501
81503
81505
81508
81509
81510
81515
81516
81518
81519
81522
81524
81527
81528
81529
81530
81531
81534
81535
81536
81537
81542
81543
81547
81548
81554
81557
81558
81561
81562
81564
81565
81566
81569
81572
81574
81575
81580
81581
81586
81591
81594
81595
81597
81598
81599
81601
81603
81604
81605
81607
81608
81610
81612
81613
81617
81618
81620
81627
81635
81636
81637
81638
81643
81645
81646
81647
81652
81653
81655
81659
81663
81667
81671
81675
81677
81684
81689
81694
81695
81699
81702
81706
81707
81710
81713
81715
81719
81723
81725
81726
81727
81728
81729
81733
81734
81735
81736
81738
81740
81743
81744
81745
81747
81754
81757
81758
81761
81765
81767
81770
81771
81772
81773
81774
81776
81777
81778
81779
81780
81783
81786
81787
81789
81791
81793
81794
81797
81799
81800
81801
81806
81809
81810
81812
81813
81815
81816
81817
81818
81819
81823
81824
81826
81827
81828
81829
81832
81833
81835
81836
81837
81839
81840
81842
81844
81847
81850
81856
81858
81860
81861
81863
81869
81873
81874
81876
81879
81883
81884
81887
81889
81893
81895
81896
81897
81899
81900
81901
81904
81906
81907
81909
81911
81912
81914
81915
81916
81919
81922
81923
81924
81926
81928
81931
81935
81940
81941
81949
81950
81951
81961
81967
81968
81973
81974
81977
81978
81979
81980
81981
81982
81983
81984
81987
81988
81991
81992
81994
81995
81998
81999
82000
82001
82007
82008
82010
82011
82012
82013
82015
82016
82018
82019
82024
82026
82027
82028
82032
82034
82047
82050
82052
82053
82055
82063
82071
82072
82078
82081
82085
82086
82087
82089
82090
82092
82096
82097
82098
82105
82106
82108
82110
82111
82113
82114
82115
82116
82117
82118
82121
82122
82125
82127
82128
82129
82130
82132
82133
82138
82142
82143
82144
82148
82155
82156
82157
82158
82159
82163
82165
82167
82169
82174
82178
82183
82184
82185
82187
82189
82190
82193
82196
82199
82205
82209
82213
82218
82220
82221
82223
82224
82230
82233
82234
82235
82237
82240
82251
82252
82253
82255
82256
82257
82258
82259
82261
82263
82264
82267
82273
82274
82275
82282
82285
82290
82291
82296
82299
82301
82302
82309
82313
82318
82321
82322
82323
82326
82327
82328
82329
82336
82338
82345
82351
82355
82360
82363
82367
82368
82375
82382
82384
82390
82397
82402
82407
82408
82412
82417
82422
82425
82430
82437
82441
82442
82444
82446
82447
82452
82453
82456
82458
82459
82460
82461
82468
82469
82472
82475
82481
82482
82485
82488
82497
82499
82503
82504
82507
82508
82515
82518
82519
82520
82522
82523
82525
82526
82528
82530
82535
82556
82557
82558
82564
82568
82572
82576
82584
82588
82589
82590
82592
82596
82597
82599
82602
82605
82608
82616
82619
82625
82629
82630
82635
82644
82651
82653
82656
82658
82660
82662
82663
82666
82676
82677
82678
82681
82685
82687
82689
82700
82705
82706
82707
82710
82718
82719
82720
82721
82727
82731
82732
82741
82749
82753
82760
82761
82763
82765
82767
82768
82769
82771
82776
82777
82785
82788
82790
82797
82798
82803
82804
82805
82810
82817
82824
82829
82836
82840
82850
82853
82861
82863
82869
82875
82876
82879
82880
82886
82887
82893
82898
82899
82900
82903
82909
82913
82920
82921
82924
82926
82933
82938
82944
82947
82950
82953
82955
82958
82960
82962
82965
82967
82970
82971
82972
82973
82974
82975
82977
82985
82988
82991
82993
82994
82995
82996
83000
83002
83003
83013
83014
83032
83034
83037
83039
83049
83054
83061
83065
83068
83075
83076
83078
83079
83082
83086
83093
83098
83102
83106
83107
83115
83126
83132
83136
83137
83140
83141
83144
83145
83151
83152
83178
83180
83186
83190
83196
83199
83203
83208
83223
83235
83238
83239
83243
83246
83262
83270
83273
83295
83302
83308
83317
83323
83327
83329
83354
83356
83374
83375
83378
83384
83389
83392
83399
83400
83402
83411
83432
83433
83436
83439
83452
83453
83456
83463
83466
83472
83475
83478
83488
83489
83493
83498
83513
83515
83520
83529
83540
83544
83555
83556
83565
83574
83581
83582
83600
83614
83625
83630
83634
83637
83647
83650
83655
83668
83669
83673
83677
83696
83697
83698
83699
83702
83707
83715
83719
83720
83727
83729
83733
83736
83738
83740
83761
83764
83770
83771
83774
83787
83795
83796
83810
83814
83828
83837
83840
83842
83863
83880
83889
83891
83896
83898
83906
83915
83916
83922
83923
83924
83926
83928
83929
83930
83932
83943
83949
83953
83955
83956
83962
83980
83985
83991
84024
84030
84033
84051
84055
84071
84072
84080
84081
84085
84089
84090
84095
84099
84112
84127
84131
84148
84152
84170
84171
84173
84185
84189
84191
84192
84199
84212
84216
84219
84229
84235
84248
84259
84270
84277
84295
84296
84312
84313
84315
84316
84334
84345
84353
84356
84361
84363
84368
84371
84380
84384
84386
84392
84398
84401
84403
84405
84422
84428
84430
84432
84437
84451
84453
84462
84466
84468
84469
84479
84482
84495
84496
84504
84507
84508
84509
84512
84517
84524
84525
84538
84540
84545
84549
84550
84562
84570
84571
84572
84577
84583
84587
84595
84598
84599
84602
84608
84609
84611
84619
84620
84622
84623
84624
84628
84637
84639
84642
84658
84663
84682
84686
84687
84697
84706
84712
84713
84728
84738
84739
84751
84762
84765
84769
84775
84793
84796
84808
84815
84819
84821
84835
84842
84843
84860
84866
84871
84877
84884
84897
84898
84909
84919
84924
84925
84928
84938
84946
84952
84958
84962
84969
84972
84978
84983
84984
84985
84988
84994
84995
84997
84998
85008
85011
85012
85017
85020
85021
85026
85027
85033
85036
85037
85040
85042
85043
85045
85046
85053
85058
85073
85074
85078
85079
85092
85100
85101
85105
85106
85107
85109
85110
85112
85113
85116
85118
85121
85127
85129
85132
85133
85140
85144
85145
85148
85150
85152
85165
85168
85171
85172
85176
85179
85180
85182
85183
85184
85201
85204
85214
85216
85221
85222
85227
85236
85237
85243
85250
85255
85257
85263
85279
85280
85281
85284
85285
85292
85298
85306
85307
85308
85313
85318
85322
85324
85325
85328
85329
85332
85336
85341
85343
85346
85352
85370
85378
85379
85381
85392
85395
85404
85415
85416
85422
85424
85438
85440
85445
85458
85482
85488
85489
85533
85541
85544
85593
85595
85598
85599
85601
85609
85612
85623
85627
85633
85634
85636
85637
85644
85649
85672
85674
85678
85697
85705
85706
85710
85720
85727
85734
85736
85738
85746
85747
85757
85763
85769
85772
85788
85803
85839
85861
85872
85876
85894
85904
85909
85933
85939
85941
85943
85966
85974
85978
85985
85989
85992
86006
86018
86034
86080
86085
86094
86098
86100
86111
86117
86120
86121
86130
86142
86144
86145
86185
86210
86211
86212
86214
86221
86225
86234
86235
86241
86243
86259
86263
86281
86284
86318
86320
86354
86355
86364
86373
86393
86423
86427
86438
86444
86453
86458
86511
86519
86533
86544
86552
86562
86564
86602
86621
86641
86661
86667
86715
86720
86726
86753
86760
86784
86826
86850
86863
86868
86959
86965
86985
86992
87019
87038
87050
87071
87072
87081
87108
87124
87135
87141
87144
87146
87173
87177
87193
87196
87198
87245
87253
87278
87285
87314
87339
87342
87344
87362
87381
87401
87408
87411
87439
87452
87459
87467
87484
87496
87509
87528
87531
87532
87547
87559
87566
87583
87596
87597
87603
87656
87671
87677
87678
87687
87722
87758
87773
87788
87791
87800
87805
87843
87844
87873
87874
87880
87892
87897
87909
87947
87951
87984
87998
88006
88089
88095
88106
88122
88125
88184
88208
88241
88278
88281
88283
88326
88343
88359
88363
88384
88389
88446
88474
88484
88511
88512
88515
88522
88554
88564
88580
88600
88616
88617
88641
88666
88688
88700
88719
88758
88771
88776
88784
88787
88797
88810
88835
88876
88891
88914
88935
88959
89005
89036
89047
89056
89062
89070
89073
89087
89114
89122
89178
89215
89234
89239
89255
89256
89258
89264
89268
89272
89359
89370
89375
89406
89416
89433
89437
89449
89450
89477
89514
89520
89566
89567
89585
89596
89773
89802
89820
89824
89854
89863
89900
89905
89932
89933
89938
89944
89954
90032
90046
90062
90096
90122
90150
90209
90246
90249
90254
90258
90305
90316
90327
90328
90350
90372
90373
90398
90418
90419
90422
90425
90471
90488
90506
90514
90518
90529
90549
90564
90579
90590
90614
90616
90620
90621
90634
90638
90648
90652
90665
90669
90677
90683
90687
90689
90691
90747
90766
90771
90807
90831
90841
90856
90874
90893
90895
90902
90935
90970
90976
91013
91028
91053
91054
91058
91060
91096
91102
91103
91110
91136
91194
91197
91254
91274
91297
91301
91311
91315
91320
91327
91412
91415
91446
91448
91469
91495
91501
91505
91541
91542
91560
91577
91598
91606
91619
91634
91663
91670
91704
91732
91739
91744
91755
91768
91786
91788
91789
91806
91807
91810
91862
91876
91887
91921
91931
91942
91944
91972
91980
91991
91994
92023
92044
92089
92092
92108
92140
92162
92189
92253
92259
92297
92303
92320
92322
92340
92343
92344
92353
92390
92399
92409
92417
92418
92421
92428
92472
92473
92474
92476
92498
92527
92528
92532
92543
92567
92574
92587
92606
92608
92611
92613
92634
92642
92678
92680
92696
92700
92732
92734
92757
92762
92774
92845
92851
92875
92882
92885
92896
92922
92955
92962
92980
92982
92984
92993
93016
93040
93042
93047
93048
93049
93051
93055
93062
93094
93103
93114
93115
93136
93140
93168
93172
93175
93188
93202
93207
93225
93229
93233
93240
93246
93247
93248
93252
93277
93291
93298
93304
93313
93338
93341
93345
93352
93353
93360
93361
93381
93383
93384
93386
93394
93399
93410
93411
93424
93427
93429
93450
93469
93474
93477
93480
93484
93491
93495
93502
93514
93550
93566
93575
93592
93596
93627
93637
93645
93658
93678
93706
93714
93716
93721
93727
93731
93732
93748
93778
93785
93794
93808
93811
93814
93820
93825
93828
93829
93833
93837
93861
93863
93880
93881
93882
93891
93904
93909
93911
93933
93942
93946
93949
93963
93967
93969
93973
93988
93989
93990
93998
94005
94021
94024
94025
94031
94039
94055
94082
94087
94099
94100
94102
94103
94104
94108
94109
94112
94117
94120
94122
94156
94161
94169
94176
94191
94195
94196
94205
94222
94225
94244
94273
94296
94298
94299
94300
94301
94310
94311
94341
94365
94367
94368
94370
94371
94373
94374
94375
94379
94386
94389
94390
94391
94392
94402
94417
94422
94429
94437
94458
94459
94465
94481
94485
94487
94490
94496
94501
94509
94513
94515
94519
94521
94531
94532
94533
94534
94546
94548
94550
94552
94557
94570
94571
94572
94573
94577
94583
94584
94589
94592
94596
94599
94602
94607
94608
94610
94611
94614
94621
94625
94628
94629
94630
94633
94634
94645
94651
94656
94670
94671
94676
94677
94678
94679
94684
94688
94690
94691
94693
94697
94699
94704
94708
94718
94724
94728
94743
94746
94770
94781
94782
94787
94789
94799
94800
94802
94811
94816
94820
94823
94827
94844
94853
94856
94859
94861
94865
94882
94886
94892
94896
94900
94902
94909
94910
94913
94925
94927
94928
94931
94940
94946
94949
94956
94960
94962
94965
94982
94986
94990
94991
94994
94999
95008
95011
95017
95020
95031
95042
95045
95051
95054
95055
95056
95060
95065
95069
95075
95078
95087
95088
95090
95092
95093
95094
95111
95113
95118
95121
95143
95149
95150
95155
95160
95163
95181
95184
95186
95187
95188
95190
95192
95197
95198
95199
95201
95204
95213
95217
95221
95222
95234
95238
95243
95244
95249
95254
95258
95259
95272
95273
95275
95276
95280
95284
95288
95289
95293
95295
95304
95309
95314
95317
95325
95328
95330
95331
95339
95345
95351
95353
95356
95359
95360
95364
95365
95369
95372
95375
95385
95402
95408
95410
95422
95427
95433
95435
95436
95440
95442
95446
95455
95461
95465
95468
95470
95476
95477
95487
95491
95492
95496
95500
95504
95514
95520
95522
95526
95528
95529
95532
95534
95542
95544
95550
95554
95557
95560
95565
95572
95574
95576
95582
95583
95587
95592
95596
95598
95599
95602
95611
95631
95633
95639
95645
95650
95655
95656
95657
95660
95666
95668
95669
95672
95685
95688
95691
95692
95695
95698
95705
95708
95710
95715
95716
95717
95718
95732
95750
95758
95764
95769
95776
95779
95784
95787
95800
95804
95805
95808
95811
95814
95817
95828
95829
95834
95837
95840
95841
95845
95849
95850
95851
95856
95862
95873
95874
95883
95893
95899
95901
95902
95908
95909
95910
95920
95922
95926
95930
95931
95939
95944
95945
95948
95950
95953
95958
95959
95963
95965
95966
95969
95970
95972
95975
95983
95985
95986
95993
95996
95999
96013
96014
96016
96018
96022
96028
96030
96032
96037
96041
96049
96050
96053
96055
96064
96069
96072
96076
96078
96086
96091
96093
96106
96108
96113
96118
96122
96126
96130
96145
96147
96148
96149
96160
96162
96163
96175
96176
96180
96183
96204
96209
96211
96216
96221
96226
96230
96231
96232
96233
96239
96242
96244
96246
96250
96257
96258
96262
96263
96266
96269
96272
96274
96275
96278
96280
96294
96297
96298
96299
96302
96304
96305
96306
96311
96314
96321
96322
96323
96324
96331
96335
96340
96342
96345
96347
96348
96353
96356
96358
96360
96362
96364
96367
96379
96383
96386
96387
96391
96392
96401
96402
96403
96412
96414
96416
96420
96421
96425
96430
96431
96435
96438
96439
96440
96443
96445
96447
96452
96455
96467
96468
96473
96474
96481
96489
96496
96504
96505
96510
96516
96519
96523
96532
96534
96535
96536
96537
96539
96540
96546
96547
96552
96554
96555
96557
96559
96565
96573
96574
96578
96581
96583
96584
96586
96593
96595
96596
96602
96603
96605
96628
96631
96632
96641
96644
96645
96652
96656
96660
96662
96663
96664
96665
96667
96670
96672
96677
96680
96681
96683
96687
96693
96696
96699
96700
96702
96708
96714
96716
96718
96730
96732
96734
96735
96737
96738
96750
96751
96755
96756
96761
96772
96778
96783
96785
96786
96789
96814
96816
96817
96819
96820
96822
96825
96827
96829
96831
96834
96835
96836
96837
96838
96853
96857
96859
96861
96863
96881
96886
96889
96893
96897
96906
96922
96926
96928
96930
96932
96936
96937
96938
96939
96943
96955
96957
96962
96968
96974
96976
96987
96992
96994
96996
96998
97004
97007
97014
97018
97021
97022
97027
97031
97033
97040
97042
97048
97051
97055
97058
97062
97067
97071
97073
97074
97076
97077
97082
97093
97094
97098
97099
97100
97101
97102
97106
97109
97110
97111
97114
97117
97118
97120
97121
97124
97125
97126
97127
97129
97130
97136
97141
97143
97149
97152
97153
97158
97168
97176
97177
97190
97193
97195
97199
97200
97204
97206
97208
97209
97210
97216
97219
97222
97224
97225
97227
97233
97234
97235
97237
97247
97248
97249
97251
97260
97261
97263
97264
97267
97270
97274
97278
97279
97280
97282
97292
97294
97295
97297
97304
97313
97314
97321
97323
97329
97331
97334
97338
97341
97343
97345
97348
97353
97360
97362
97363
97365
97376
97381
97382
97383
97387
97390
97391
97392
97395
97398
97408
97411
97414
97418
97419
97424
97426
97427
97431
97433
97434
97435
97440
97442
97443
97456
97457
97459
97462
97463
97465
97468
97470
97473
97475
97477
97478
97481
97487
97489
97495
97503
97504
97508
97511
97515
97520
97522
97528
97534
97545
97550
97551
97556
97561
97566
97579
97585
97589
97590
97591
97592
97599
97604
97608
97609
97610
97613
97614
97616
97618
97623
97627
97636
97643
97649
97659
97664
97668
97669
97670
97671
97674
97675
97676
97677
97678
97686
97690
97692
97693
97698
97699
97703
97704
97705
97707
97708
97711
97714
97719
97720
97728
97732
97738
97740
97742
97755
97758
97760
97762
97764
97765
97766
97772
97773
97775
97777
97780
97783
97784
97785
97788
97789
97792
97797
97802
97809
97811
97812
97813
97817
97822
97829
97833
97839
97843
97847
97849
97852
97855
97860
97870
97872
97876
97877
97878
97879
97881
97883
97887
97893
97900
97905
97914
97915
97920
97926
97928
97933
97934
97942
97947
97952
97968
97975
97977
97981
97985
97990
98008
98009
98010
98013
98015
98016
98017
98021
98025
98026
98031
98034
98038
98042
98052
98056
98057
98058
98060
98062
98064
98065
98078
98080
98082
98083
98085
98086
98088
98089
98090
98091
98102
98113
98115
98116
98117
98121
98123
98124
98126
98127
98130
98132
98133
98135
98140
98142
98143
98147
98148
98149
98152
98163
98164
98167
98168
98169
98170
98173
98175
98182
98199
98203
98205
98212
98213
98220
98221
98223
98224
98231
98232
98236
98238
98239
98240
98241
98243
98250
98251
98252
98253
98259
98261
98262
98266
98269
98270
98272
98274
98275
98277
98278
98279
98280
98281
98283
98300
98305
98308
98310
98311
98313
98314
98315
98316
98317
98318
98321
98323
98326
98328
98331
98333
98336
98337
98338
98341
98348
98349
98353
98355
98357
98363
98364
98371
98375
98380
98382
98383
98385
98391
98396
98402
98410
98416
98420
98422
98423
98427
98428
98432
98433
98435
98438
98440
98441
98445
98448
98450
98452
98453
98466
98468
98469
98474
98476
98483
98484
98485
98486
98488
98490
98491
98503
98505
98507
98508
98509
98512
98514
98515
98525
98526
98527
98528
98529
98531
98536
98537
98540
98546
98549
98553
98556
98559
98560
98567
98569
98571
98574
98576
98577
98584
98587
98597
98598
98603
98607
98608
98612
98614
98618
98626
98628
98629
98633
98641
98642
98643
98648
98649
98656
98657
98662
98663
98666
98668
98670
98671
98672
98681
98684
98689
98690
98696
98705
98710
98714
98718
98719
98722
98732
98733
98735
98744
98751
98755
98758
98760
98762
98763
98765
98766
98769
98771
98772
98774
98775
98780
98784
98788
98789
98791
98792
98793
98794
98796
98797
98802
98804
98808
98810
98827
98829
98832
98835
98839
98841
98849
98853
98857
98858
98861
98864
98866
98867
98871
98873
98874
98877
98879
98881
98882
98884
98886
98894
98898
98901
98904
98905
98907
98911
98916
98920
98925
98928
98929
98930
98931
98935
98936
98937
98940
98945
98948
98950
98952
98953
98954
98956
98960
98963
98964
98966
98967
98981
98984
98985
98987
98988
98991
98992
98994
98995
99000
99001
99002
99003
99004
99010
99016
99019
99029
99030
99032
99034
99035
99040
99041
99042
99043
99044
99045
99050
99051
99052
99057
99059
99066
99068
99073
99074
99078
99079
99080
99084
99090
99092
99096
99100
99101
99108
99114
99122
99123
99124
99126
99145
99146
99150
99155
99156
99157
99159
99160
99163
99164
99165
99167
99168
99172
99173
99175
99176
99177
99179
99191
99192
99194
99196
99203
99206
99208
99209
99210
99219
99223
99224
99225
99227
99230
99232
99235
99242
99245
99246
99264
99268
99270
99278
99280
99282
99286
99288
99292
99294
99298
99302
99307
99311
99313
99315
99316
99318
99329
99333
99347
99350
99353
99361
99365
99367
99368
99373
99375
99377
99380
99383
99390
99393
99396
99399
99400
99405
99406
99411
99412
99414
99418
99421
99433
99437
99441
99446
99450
99453
99457
99459
99462
99464
99468
99469
99476
99479
99481
99485
99494
99498
99503
99504
99506
99507
99513
99516
99519
99526
99527
99532
99535
99538
99542
99544
99547
99549
99560
99561
99563
99566
99568
99571
99573
99574
99583
99584
99585
99587
99593
99595
99596
99597
99603
99604
99605
99610
99612
99614
99620
99625
99628
99629
99630
99631
99633
99636
99637
99639
99643
99647
99649
99654
99658
99659
99660
99662
99666
99669
99670
99675
99681
99682
99688
99690
99693
99695
99697
99699
99704
99710
99718
99731
99735
99744
99745
99747
99748
99750
99753
99755
99759
99762
99763
99766
99767
99769
99771
99774
99777
99780
99781
99785
99787
99789
99799
99808
99809
99814
99815
99822
99826
99831
99832
99835
99837
99841
99842
99848
99849
99850
99852
99854
99855
99857
99860
99861
99863
99864
99865
99866
99868
99870
99874
99879
99884
99885
99887
99888
99895
99897
99898
99901
99904
99906
99909
99911
99916
99919
99920
99921
99925
99926
99930
99932
99942
99945
99948
99949
99950
99951
99952
99954
99956
99960
99965
99969
99970
99972
99973
99974
99975
99976
99978
99980
99982
99984
99989
99991
99992
99994
100000
100004
100005
100007
100011
100013
100019
100020
100023
100025
100029
100030
100032
100037
100041
100043
100044
100049
100060
100061
100065
100066
100072
100080
100083
100085
100086
100087
100096
100097
100100
100103
100104
100108
100119
100121
100122
100126
100130
100137
100138
100140
100146
100147
100152
100153
100155
100156
100157
100161
100164
100170
100171
100172
100178
100181
100182
100186
100192
100200
100202
100217
100223
100228
100232
100234
100245
100246
100248
100252
100254
100261
100262
100265
100267
100270
100276
100277
100278
100279
100282
100285
100290
100296
100297
100298
100301
100305
100306
100312
100314
100318
100320
100327
100329
100330
100334
100344
100345
100348
100350
100352
100358
100371
100380
100382
100384
100386
100387
100392
100396
100397
100404
100407
100409
100410
100412
100413
100414
100417
100418
100421
100423
100425
100429
100440
100443
100444
100445
100446
100454
100457
100460
100462
100465
100466
100473
100476
100485
100497
100498
100500
100501
100503
100504
100508
100510
100512
100513
100514
100517
100519
100520
100521
100527
100528
100529
100533
100534
100535
100540
100543
100547
100551
100552
100558
100563
100566
100567
100572
100573
100579
100581
100583
100586
100591
100593
100603
100605
100608
100609
100613
100631
100634
100636
100637
100639
100641
100644
100645
100649
100650
100651
100657
100660
100667
100669
100672
100673
100674
100678
100679
100681
100685
100688
100692
100694
100699
100700
100704
100710
100714
100715
100718
100719
100720
100722
100728
100733
100734
100736
100737
100739
100744
100745
100746
100747
100750
100753
100754
100757
100758
100762
100766
100773
100774
100777
100778
100787
100792
100793
100794
100801
100803
100807
100809
100810
100811
100814
100818
100819
100823
100834
100836
100838
100840
100848
100850
100852
100855
100860
100863
100866
100870
100871
100878
100879
100881
100882
100886
100887
100888
100889
100890
100891
100899
100912
100913
100919
100921
100926
100927
100928
100929
100934
100942
100944
100945
100946
100948
100953
100964
100965
100968
100974
100976
100980
100986
100989
100995
100996
100997
101003
101005
101006
101011
101015
101016
101017
101019
101023
101025
101027
101028
101029
101030
101031
101033
101039
101040
101042
101045
101049
101050
101051
101052
101054
101055
101056
101057
101061
101064
101074
101075
101087
101097
101099
101103
101106
101113
101119
101120
101121
101122
101124
101125
101126
101129
101133
101134
101142
101147
101153
101157
101160
101163
101169
101171
101174
101176
101178
101180
101186
101187
101188
101190
101192
101195
101200
101202
101203
101206
101208
101209
101210
101212
101213
101215
101219
101220
101226
101236
101238
101239
101246
101247
101250
101254
101268
101269
101272
101277
101278
101280
101281
101284
101285
101287
101289
101290
101293
101294
101299
101305
101311
101312
101321
101324
101325
101329
101337
101342
101343
101345
101354
101355
101374
101379
101380
101383
101384
101385
101390
101393
101398
101401
101402
101403
101404
101407
101410
101411
101413
101414
101416
101418
101427
101437
101446
101447
101454
101455
101465
101474
101475
101480
101481
101488
101490
101491
101493
101496
101497
101500
101501
101503
101504
101505
101514
101521
101522
101523
101524
101527
101529
101536
101542
101544
101547
101548
101549
101554
101560
101565
101571
101574
101575
101578
101579
101583
101591
101608
101610
101613
101616
101617
101621
101622
101624
101635
101636
101644
101654
101660
101663
101667
101668
101670
101680
101684
101688
101690
101692
101698
101706
101707
101709
101713
101715
101720
101724
101728
101729
101734
101737
101739
101741
101742
101743
101744
101745
101751
101755
101757
101758
101761
101765
101766
101774
101777
101780
101781
101782
101785
101793
101794
101795
101802
101807
101813
101817
101818
101819
101820
101822
101829
101830
101834
101838
101842
101844
101846
101850
101853
101859
101860
101866
101872
101874
101884
101892
101893
101895
101897
101898
101900
101901
101903
101906
101909
101911
101913
101914
101919
101922
101923
101925
101926
101927
101930
101931
101933
101934
101948
101959
101962
101964
101973
101974
101975
101981
101985
101992
101998
102001
102002
102004
102007
102009
102016
102017
102020
102023
102024
102029
102030
102032
102035
102039
102045
102052
102053
102062
102070
102074
102079
102081
102082
102083
102084
102085
102086
102090
102100
102104
102105
102106
102107
102108
102111
102114
102120
102121
102122
102123
102127
102128
102129
102132
102139
102144
102146
102152
102164
102166
102169
102173
102174
102186
102187
102191
102193
102195
102202
102203
102205
102206
102215
102216
102221
102224
102236
102237
102238
102239
102241
102243
102245
102248
102249
102252
102257
102258
102266
102271
102272
102281
102288
102291
102292
102294
102295
102303
102306
102311
102315
102316
102317
102320
102324
102326
102327
102331
102332
102333
102334
102336
102337
102340
102341
102342
102343
102348
102349
102354
102363
102364
102367
102369
102370
102372
102375
102378
102379
102386
102387
102392
102394
102402
102408
102409
102415
102416
102418
102426
102432
102437
102439
102440
102450
102452
102455
102456
102457
102466
102467
102477
102478
102481
102484
102487
102494
102498
102499
102500
102502
102503
102505
102507
102509
102510
102511
102513
102514
102519
102520
102524
102525
102526
102529
102530
102532
102534
102537
102539
102547
102548
102550
102551
102554
102556
102560
102561
102566
102567
102572
102577
102578
102582
102583
102587
102589
102591
102592
102595
102603
102605
102607
102614
102615
102622
102628
102639
102650
102652
102655
102657
102658
102660
102670
102675
102677
102679
102680
102681
102686
102691
102701
102704
102705
102706
102713
102714
102715
102716
102724
102726
102729
102733
102740
102742
102745
102749
102751
102752
102753
102754
102756
102758
102760
102762
102766
102768
102771
102774
102776
102777
102778
102785
102793
102795
102797
102802
102804
102807
102808
102817
102824
102827
102830
102833
102834
102835
102838
102840
102844
102847
102848
102850
102858
102860
102862
102869
102873
102875
102876
102881
102900
102901
102902
102915
102918
102919
102920
102924
102927
102930
102938
102948
102949
102951
102953
102954
102955
102963
102966
102968
102969
102970
102975
102977
102980
102986
102987
102994
102996
103000
103003
103005
103008
103014
103015
103016
103023
103026
103034
103035
103037
103039
103040
103052
103054
103055
103058
103063
103064
103065
103067
103079
103080
103082
103085
103087
103089
103090
103094
103096
103102
103105
103107
103110
103119
103122
103123
103125
103128
103131
103134
103135
103136
103141
103151
103157
103158
103159
103160
103170
103172
103174
103179
103181
103182
103187
103190
103192
103198
103205
103207
103209
103210
103211
103213
103225
103227
103231
103232
103233
103238
103246
103254
103255
103261
103271
103272
103276
103280
103283
103287
103291
103297
103304
103305
103313
103314
103315
103319
103320
103325
103329
103330
103334
103337
103339
103342
103344
103349
103355
103357
103358
103362
103371
103372
103374
103379
103381
103382
103383
103399
103401
103409
103422
103423
103424
103426
103429
103430
103433
103434
103435
103443
103452
103455
103456
103457
103462
103463
103464
103466
103467
103475
103481
103483
103489
103499
103500
103503
103504
103505
103507
103509
103513
103517
103518
103520
103521
103527
103529
103533
103535
103536
103537
103543
103546
103549
103552
103559
103561
103567
103582
103586
103588
103590
103591
103594
103601
103603
103604
103614
103616
103619
103620
103628
103629
103633
103635
103637
103643
103646
103647
103649
103651
103655
103668
103677
103678
103684
103686
103688
103691
103692
103693
103705
103712
103713
103714
103721
103722
103723
103724
103725
103730
103753
103755
103756
103758
103759
103765
103767
103769
103773
103778
103782
103786
103788
103789
103790
103796
103801
103806
103808
103815
103817
103819
103820
103821
103822
103824
103828
103831
103835
103837
103839
103842
103850
103854
103855
103856
103859
103860
103863
103865
103866
103873
103875
103877
103879
103885
103891
103896
103899
103906
103909
103910
103913
103920
103922
103923
103929
103931
103934
103935
103937
103940
103943
103949
103951
103960
103965
103966
103980
103983
103992
103994
103997
103998
104000
104003
104006
104007
104008
104009
104010
104018
104028
104032
104039
104043
104045
104049
104051
104054
104055
104056
104059
104062
104069
104070
104072
104076
104086
104091
104094
104100
104106
104107
104111
104113
104117
104118
104119
104123
104126
104132
104140
104141
104153
104156
104161
104165
104173
104178
104181
104187
104191
104196
104198
104202
104203
104205
104208
104209
104211
104212
104217
104221
104224
104227
104229
104230
104236
104237
104238
104240
104241
104246
104247
104250
104251
104252
104254
104261
104264
104267
104269
104273
104279
104286
104294
104295
104296
104300
104303
104304
104310
104314
104315
104319
104323
104331
104336
104340
104343
104345
104346
104353
104354
104359
104361
104366
104369
104371
104373
104377
104391
104393
104394
104395
104398
104399
104402
104410
104414
104417
104418
104425
104426
104432
104433
104437
104441
104442
104449
104450
104454
104456
104457
104460
104478
104480
104484
104487
104492
104495
104500
104503
104504
104507
104511
104512
104513
104514
104517
104520
104521
104525
104528
104533
104540
104541
104542
104544
104547
104548
104550
104555
104559
104562
104565
104567
104576
104579
104580
104582
104584
104587
104591
104592
104593
104605
104607
104608
104613
104616
104617
104618
104621
104629
104632
104634
104635
104636
104637
104639
104644
104652
104653
104654
104655
104660
104668
104669
104671
104678
104686
104690
104697
104706
104716
104727
104730
104735
104738
104741
104742
104746
104750
104752
104753
104757
104760
104761
104764
104765
104769
104771
104776
104778
104782
104783
104784
104786
104794
104797
104799
104802
104809
104814
104817
104818
104826
104828
104829
104833
104835
104842
104845
104846
104848
104851
104853
104855
104858
104862
104863
104867
104869
104870
104872
104873
104874
104876
104878
104882
104886
104888
104892
104896
104899
104900
104902
104927
104929
104931
104932
104934
104938
104939
104940
104941
104942
104947
104951
104952
104955
104957
104960
104961
104963
104964
104976
104981
104983
104984
104985
104986
104993
104994
105004
105006
105011
105013
105014
105015
105018
105021
105023
105024
105029
105030
105035
105042
105053
105058
105076
105081
105092
105093
105094
105095
105101
105110
105112
105113
105122
105127
105130
105135
105139
105142
105147
105154
105155
105156
105157
105166
105174
105177
105181
105187
105188
105189
105196
105198
105203
105207
105209
105211
105219
105220
105223
105239
105241
105244
105248
105250
105251
105254
105255
105260
105266
105273
105274
105277
105289
105294
105297
105300
105306
105307
105309
105310
105311
105319
105323
105325
105329
105330
105332
105333
105336
105337
105340
105347
105355
105357
105358
105359
105360
105365
105368
105374
105379
105382
105383
105384
105386
105388
105391
105398
105401
105405
105411
105417
105421
105422
105423
105427
105431
105434
105446
105450
105451
105453
105454
105455
105464
105465
105466
105467
105471
105473
105475
105477
105482
105483
105486
105491
105493
105501
105505
105506
105508
105516
105520
105523
105525
105526
105527
105535
105537
105539
105541
105545
105551
105560
105563
105565
105566
105571
105573
105576
105577
105581
105582
105583
105587
105590
105594
105595
105596
105600
105603
105605
105611
105612
105615
105620
105621
105623
105626
105629
105632
105634
105639
105640
105643
105651
105655
105667
105675
105678
105680
105688
105693
105694
105696
105700
105701
105703
105704
105718
105724
105727
105728
105735
105736
105742
105743
105749
105751
105757
105759
105765
105768
105771
105778
105788
105794
105799
105804
105811
105812
105815
105829
105831
105832
105835
105844
105846
105849
105850
105851
105855
105858
105859
105860
105863
105864
105868
105869
105873
105876
105878
105884
105890
105892
105897
105901
105904
105911
105912
105914
105920
105921
105928
105929
105931
105936
105938
105939
105942
105943
105944
105945
105946
105951
105952
105957
105959
105963
105966
105968
105973
105976
105985
105987
105988
105989
105990
105993
106000
106001
106005
106016
106018
106021
106025
106027
106031
106039
106042
106056
106067
106071
106079
106090
106092
106096
106097
106105
106107
106108
106109
106112
106117
106120
106121
106126
106127
106130
106131
106134
106137
106139
106147
106149
106151
106154
106155
106166
106168
106170
106172
106177
106179
106182
106183
106185
106187
106198
106200
106201
106202
106210
106213
106221
106225
106227
106232
106233
106242
106246
106252
106259
106275
106280
106281
106285
106288
106292
106295
106301
106306
106307
106308
106310
106313
106315
106317
106318
106324
106333
106336
106340
106346
106349
106351
106356
106358
106370
106373
106377
106378
106379
106381
106383
106385
106386
106389
106390
106391
106397
106399
106403
106405
106407
106408
106411
106417
106418
106430
106437
106455
106456
106458
106459
106471
106474
106478
106486
106493
106496
106506
106521
106526
106527
106539
106543
106552
106553
106554
106557
106558
106559
106573
106574
106578
106579
106581
106582
106584
106587
106598
106600
106603
106609
106611
106615
106616
106621
106626
106627
106628
106629
106630
106631
106634
106635
106643
106644
106648
106650
106652
106653
106655
106661
106663
106668
106669
106671
106674
106675
106677
106678
106681
106687
106694
106701
106703
106707
106708
106709
106711
106712
106715
106720
106724
106726
106727
106729
106734
106737
106742
106745
106746
106750
106752
106761
106762
106764
106769
106772
106778
106790
106792
106793
106794
106796
106803
106814
106819
106822
106833
106834
106835
106845
106846
106848
106849
106854
106858
106860
106863
106865
106866
106868
106869
106872
106883
106887
106888
106894
106896
106897
106898
106903
106908
106909
106910
106912
106913
106915
106920
106928
106933
106934
106937
106943
106944
106945
106946
106948
106949
106953
106958
106962
106964
106969
106978
106983
106988
106989
106992
106993
106998
106999
107000
107002
107003
107004
107014
107019
107030
107038
107041
107045
107047
107050
107055
107056
107057
107065
107077
107082
107086
107092
107095
107100
107101
107102
107103
107106
107108
107109
107111
107112
107113
107114
107115
107122
107127
107131
107139
107142
107149
107151
107153
107154
107158
107164
107166
107167
107168
107169
107170
107175
107180
107181
107186
107187
107189
107201
107204
107208
107214
107215
107218
107221
107225
107240
107241
107245
107247
107251
107255
107274
107275
107276
107278
107282
107292
107293
107295
107300
107301
107302
107308
107310
107313
107316
107319
107324
107327
107331
107338
107350
107352
107364
107365
107367
107372
107385
107391
107394
107395
107399
107401
107404
107405
107410
107411
107415
107418
107419
107422
107424
107427
107434
107438
107442
107443
107445
107449
107451
107454
107461
107467
107472
107484
107485
107486
107487
107491
107500
107501
107506
107510
107515
107516
107521
107536
107540
107544
107546
107547
107549
107550
107553
107557
107558
107559
107569
107572
107576
107584
107587
107589
107592
107599
107601
107604
107606
107612
107615
107616
107618
107619
107622
107623
107625
107628
107630
107633
107635
107636
107639
107643
107652
107662
107669
107671
107672
107675
107681
107682
107684
107688
107689
107695
107705
107712
107716
107719
107720
107727
107728
107730
107733
107734
107745
107748
107755
107762
107764
107769
107770
107773
107776
107789
107796
107800
107807
107815
107820
107824
107831
107834
107836
107839
107841
107843
107853
107864
107870
107874
107878
107880
107881
107883
107884
107902
107905
107906
107918
107919
107924
107930
107931
107935
107941
107943
107946
107954
107957
107965
107966
107972
107981
107982
107985
107986
107991
107993
107994
107995
108005
108009
108016
108017
108020
108022
108023
108030
108032
108033
108037
108040
108042
108047
108048
108050
108053
108054
108057
108074
108076
108077
108080
108084
108089
108094
108095
108099
108101
108104
108108
108111
108116
108121
108129
108131
108133
108136
108137
108141
108144
108147
108148
108153
108154
108157
108158
108160
108161
108162
108163
108164
108169
108175
108179
108183
108184
108185
108188
108189
108192
108193
108197
108198
108202
108204
108205
108206
108210
108216
108220
108226
108229
108233
108234
108235
108244
108246
108247
108254
108258
108264
108266
108268
108284
108286
108295
108298
108300
108313
108314
108317
108319
108326
108333
108334
108337
108344
108346
108347
108351
108357
108359
108367
108369
108370
108378
108382
108386
108389
108402
108403
108411
108413
108414
108415
108416
108421
108424
108425
108430
108431
108437
108438
108440
108441
108444
108453
108454
108461
108467
108491
108492
108496
108499
108502
108505
108506
108507
108508
108512
108519
108520
108525
108526
108533
108539
108546
108562
108566
108568
108569
108576
108577
108578
108588
108591
108593
108595
108596
108599
108603
108607
108612
108613
108616
108617
108620
108622
108625
108631
108633
108638
108640
108641
108642
108643
108645
108649
108651
108652
108657
108658
108682
108684
108685
108687
108689
108695
108696
108701
108704
108707
108712
108722
108725
108728
108729
108733
108739
108743
108744
108755
108764
108766
108769
108774
108793
108799
108803
108807
108808
108814
108818
108823
108828
108829
108845
108853
108855
108858
108865
108866
108869
108873
108874
108879
108881
108884
108886
108889
108891
108893
108895
108898
108899
108913
108917
108918
108920
108923
108927
108929
108930
108933
108934
108938
108942
108943
108944
108945
108951
108952
108953
108955
108959
108961
108968
108971
108973
108974
108975
108977
108979
108980
108982
108984
108985
108986
108987
108992
108995
108996
108997
108998
109003
109009
109018
109020
109022
109023
109030
109031
109042
109047
109049
109050
109051
109064
109078
109080
109081
109084
109085
109088
109090
109096
109111
109112
109124
109126
109127
109132
109134
109138
109139
109141
109142
109143
109149
109151
109155
109159
109160
109161
109165
109166
109167
109175
109176
109179
109180
109181
109186
109189
109192
109197
109202
109205
109208
109213
109214
109215
109217
109234
109236
109238
109239
109246
109249
109252
109253
109254
109256
109258
109262
109268
109270
109271
109273
109274
109279
109282
109286
109293
109294
109298
109304
109307
109315
109320
109328
109330
109334
109337
109341
109342
109345
109348
109363
109364
109366
109369
109372
109377
109378
109380
109385
109387
109388
109390
109392
109393
109394
109395
109397
109400
109404
109407
109411
109414
109416
109423
109425
109427
109431
109440
109453
109456
109457
109458
109460
109463
109467
109468
109469
109472
109476
109478
109482
109483
109486
109490
109491
109493
109498
109500
109501
109507
109511
109516
109517
109521
109523
109532
109539
109541
109543
109544
109546
109547
109548
109558
109576
109577
109578
109579
109594
109601
109605
109609
109612
109614
109615
109616
109617
109618
109627
109628
109630
109633
109636
109641
109644
109647
109649
109651
109653
109655
109658
109659
109662
109668
109669
109681
109682
109687
109688
109691
109692
109693
109696
109697
109700
109706
109716
109719
109727
109728
109729
109736
109738
109741
109742
109744
109749
109751
109755
109757
109758
109765
109768
109778
109783
109793
109796
109799
109805
109812
109816
109817
109822
109823
109827
109829
109830
109831
109838
109843
109847
109848
109857
109869
109874
109876
109878
109882
109887
109888
109890
109893
109914
109920
109926
109927
109931
109932
109934
109936
109937
109938
109941
109943
109945
109946
109948
109949
109951
109972
109976
109978
109988
109990
109998
110002
110004
110005
110008
110016
110018
110029
110031
110039
110042
110046
110053
110054
110056
110057
110058
110064
110069
110070
110076
110079
110082
110083
110090
110092
110094
110096
110097
110100
110101
110115
110116
110128
110146
110155
110156
110159
110164
110165
110169
110173
110174
110175
110178
110179
110185
110186
110198
110200
110202
110205
110207
110210
110218
110220
110221
110222
110228
110241
110242
110244
110245
110248
110249
110250
110253
110257
110258
110260
110264
110269
110271
110273
110274
110277
110279
110282
110289
110291
110299
110300
110312
110319
110320
110329
110332
110334
110336
110337
110341
110344
110347
110355
110356
110375
110377
110382
110388
110390
110391
110392
110402
110404
110411
110415
110417
110418
110419
110420
110421
110425
110428
110442
110443
110451
110453
110459
110463
110464
110467
110482
110484
110494
110504
110505
110506
110513
110519
110528
110529
110531
110533
110539
110550
110563
110565
110576
110577
110578
110587
110591
110592
110593
110594
110596
110613
110615
110621
110622
110625
110628
110634
110636
110639
110652
110653
110658
110659
110667
110668
110672
110676
110686
110698
110703
110704
110707
110708
110712
110720
110722
110723
110724
110729
110732
110733
110739
110740
110745
110748
110752
110753
110756
110758
110760
110763
110767
110778
110779
110787
110788
110789
110796
110806
110807
110811
110823
110833
110838
110847
110848
110851
110852
110853
110854
110856
110857
110861
110862
110865
110870
110871
110872
110874
110876
110877
110879
110892
110901
110904
110909
110914
110918
110920
110928
110930
110933
110934
110948
110950
110955
110958
110961
110969
110971
110977
110983
110987
110989
110991
111002
111007
111009
111011
111021
111032
111035
111037
111039
111056
111059
111061
111065
111066
111067
111069
111074
111075
111079
111081
111082
111089
111110
111117
111121
111126
111147
111150
111153
111166
111169
111188
111190
111194
111195
111209
111215
111217
111228
111232
111235
111241
111244
111256
111261
111262
111266
111269
111271
111273
111274
111277
111280
111281
111284
111287
111288
111289
111294
111295
111308
111311
111313
111325
111326
111332
111342
111345
111362
111373
111383
111384
111385
111391
111401
111403
111408
111409
111413
111414
111415
111418
111420
111421
111424
111429
111434
111437
111438
111439
111440
111442
111447
111454
111455
111460
111464
111471
111475
111479
111483
111488
111494
111496
111498
111506
111508
111510
111528
111531
111536
111549
111551
111557
111561
111562
111563
111566
111571
111573
111575
111576
111587
111588
111591
111593
111602
111615
111616
111624
111625
111636
111638
111642
111644
111645
111656
111657
111658
111661
111662
111675
111680
111683
111685
111690
111693
111703
111704
111705
111706
111710
111713
111714
111716
111723
111724
111726
111742
111747
111756
111757
111759
111770
111773
111774
111775
111784
111786
111792
111803
111805
111807
111810
111812
111815
111820
111823
111831
111838
111845
111848
111852
111859
111860
111861
111867
111868
111878
111880
111882
111885
111886
111892
111893
111906
111911
111912
111913
111916
111917
111931
111934
111953
111955
111961
111963
111969
111971
111976
111977
111978
111982
111983
111987
111994
112002
112009
112013
112020
112024
112025
112031
112033
112041
112046
112048
112049
112055
112064
112068
112071
112073
112074
112075
112079
112083
112084
112091
112093
112095
112096
112097
112101
112102
112104
112108
112110
112111
112134
112136
112137
112144
112147
112157
112161
112167
112171
112172
112177
112180
112187
112200
112203
112207
112208
112210
112215
112222
112223
112236
112239
112246
112251
112253
112254
112255
112260
112263
112267
112275
112279
112288
112303
112304
112305
112311
112313
112314
112318
112322
112327
112329
112330
112331
112338
112343
112348
112350
112354
112369
112371
112377
112380
112382
112384
112388
112389
112393
112395
112408
112411
112412
112416
112418
112420
112429
112435
112438
112442
112443
112444
112451
112457
112463
112465
112466
112494
112496
112505
112518
112520
112522
112523
112532
112535
112536
112541
112543
112546
112548
112550
112551
112552
112553
112558
112559
112560
112568
112570
112574
112577
112582
112584
112587
112595
112609
112618
112633
112635
112637
112639
112642
112644
112653
112662
112664
112669
112671
112681
112700
112703
112705
112706
112712
112715
112716
112718
112720
112726
112728
112731
112735
112744
112746
112753
112759
112761
112764
112766
112770
112774
112775
112780
112783
112788
112789
112798
112801
112821
112826
112830
112831
112840
112845
112862
112863
112872
112874
112895
112901
112902
112904
112906
112910
112919
112922
112923
112926
112935
112936
112953
112954
112958
112968
112971
112974
112977
112982
112985
112991
113003
113007
113010
113013
113019
113026
113030
113036
113038
113044
113046
113055
113078
113079
113096
113097
113126
113131
113132
113136
113139
113142
113152
113158
113176
113178
113198
113205
113208
113209
113210
113213
113215
113219
113220
113229
113237
113244
113257
113259
113266
113267
113268
113271
113275
113280
113281
113289
113290
113294
113295
113297
113299
113301
113303
113309
113312
113318
113326
113329
113333
113339
113367
113374
113377
113378
113387
113391
113392
113393
113394
113419
113422
113435
113437
113442
113444
113458
113465
113467
113475
113477
113480
113481
113484
113491
113493
113496
113497
113502
113506
113510
113513
113516
113533
113534
113539
113541
113543
113546
113557
113568
113571
113572
113573
113578
113579
113589
113593
113597
113602
113604
113607
113617
113621
113622
113627
113628
113629
113632
113636
113641
113643
113646
113647
113663
113668
113674
113677
113678
113683
113684
113686
113690
113694
113715
113734
113737
113744
113751
113763
113776
113777
113779
113783
113788
113798
113801
113802
113804
113808
113809
113816
113817
113828
113833
113837
113841
113847
113848
113855
113864
113869
113872
113875
113880
113888
113898
113908
113914
113915
113931
113935
113945
113946
113953
113954
113961
113967
113983
113989
113990
113998
114006
114007
114009
114021
114025
114029
114038
114047
114048
114051
114058
114061
114062
114066
114070
114074
114079
114082
114089
114090
114094
114100
114108
114118
114119
114122
114124
114127
114133
114134
114139
114160
114165
114168
114169
114173
114176
114177
114191
114197
114198
114199
114202
114203
114207
114210
114211
114212
114225
114228
114235
114239
114241
114245
114247
114254
114259
114260
114263
114266
114268
114270
114275
114279
114291
114294
114296
114310
114329
114331
114333
114339
114341
114343
114356
114359
114364
114366
114368
114369
114371
114382
114383
114387
114390
114396
114399
114400
114404
114408
114414
114415
114418
114420
114422
114424
114427
114428
114435
114440
114457
114466
114482
114483
114488
114499
114501
114503
114510
114518
114519
114527
114532
114538
114541
114546
114567
114585
114596
114597
114598
114599
114600
114604
114606
114607
114630
114633
114636
114640
114647
114658
114671
114675
114677
114692
114694
114695
114696
114699
114708
114709
114710
114711
114714
114731
114735
114740
114750
114751
114758
114762
114765
114769
114776
114780
114781
114801
114809
114824
114827
114849
114856
114860
114864
114868
114890
114908
114910
114920
114958
114959
114961
114962
114966
114968
114971
114975
114986
114992
115007
115020
115029
115036
115040
115042
115043
115046
115052
115056
115091
115118
115123
115132
115138
115141
115142
115145
115148
115151
115161
115162
115182
115187
115193
115197
115204
115211
115217
115230
115231
115232
115239
115240
115242
115264
115266
115268
115269
115272
115274
115277
115282
115283
115292
115328
115329
115343
115361
115364
115374
115376
115377
115378
115387
115389
115393
115394
115396
115401
115404
115405
115410
115415
115418
115423
115424
115434
115441
115445
115452
115475
115480
115482
115496
115497
115498
115512
115514
115523
115543
115545
115547
115548
115556
115562
115572
115580
115593
115603
115606
115616
115624
115631
115634
115647
115668
115670
115674
115681
115683
115686
115687
115690
115696
115714
115715
115717
115718
115723
115731
115733
115737
115739
115743
115753
115759
115760
115762
115779
115792
115793
115802
115803
115805
115808
115815
115823
115831
115836
115847
115853
115854
115857
115862
115866
115869
115875
115877
115891
115892
115899
115905
115933
115939
115944
115946
115955
115959
115971
115975
115984
115986
115988
115996
116011
116023
116025
116030
116040
116041
116042
116064
116068
116072
116078
116083
116090
116104
116129
116137
116141
116149
116151
116157
116161
116167
116168
116173
116174
116195
116197
116206
116209
116211
116216
116242
116248
116255
116261
116264
116269
116272
116275
116295
116304
116308
116309
116315
116338
116340
116371
116376
116396
116402
116418
116424
116433
116453
116455
116462
116469
116482
116483
116493
116536
116543
116544
116545
116550
116554
116562
116563
116577
116592
116621
116625
116629
116641
116655
116656
116664
116672
116687
116692
116698
116718
116741
116754
116756
116787
116789
116794
116796
116797
116798
116805
116806
116814
116820
116821
116825
116829
116865
116871
116874
116881
116891
116901
116906
116914
116919
116923
116924
116928
116944
116949
116957
116961
116962
116965
116968
116977
116978
116989
116991
116995
117010
117022
117025
117049
117052
117057
117059
117070
117084
117087
117097
117100
117102
117114
117116
117127
117132
117137
117151
117177
117179
117195
117201
117211
117219
117243
117266
117274
117332
117336
117339
117344
117372
117375
117382
117384
117386
117393
117442
117454
117464
117465
117474
117482
117483
117497
117504
117509
117549
117554
117564
117568
117572
117590
117591
117592
117596
117602
117603
117613
117614
117622
117624
117627
117630
117634
117647
117649
117656
117659
117662
117681
117683
117686
117694
117707
117715
117718
117722
117723
117724
117726
117731
117742
117747
117758
117759
117763
117770
117772
117774
117785
117787
117790
117796
117807
117813
117814
117819
117822
117823
117826
117827
117829
117838
117844
117857
117859
117860
117870
117877
117895
117918
117919
117926
117927
117930
117954
117961
117971
117986
117990
117991
117992
118008
118009
118012
118016
118046
118049
118057
118071
118078
118083
118084
118087
118114
118116
118140
118141
118147
118176
118188
118193
118200
118201
118208
118218
118232
118249
118253
118254
118257
118261
118267
118278
118279
118283
118288
118301
118303
118311
118321
118322
118330
118332
118339
118344
118345
118355
118358
118363
118379
118385
118391
118398
118410
118417
118429
118432
118438
118440
118444
118452
118457
118471
118488
118500
118504
118522
118526
118531
118536
118546
118549
118577
118586
118590
118593
118609
118610
118642
118645
118647
118665
118678
118684
118685
118695
118701
118702
118704
118708
118717
118719
118723
118733
118736
118748
118749
118753
118770
118772
118773
118774
118779
118781
118784
118789
118796
118799
118812
118827
118832
118848
118849
118850
118857
118860
118878
118879
118885
118890
118893
118905
118910
118915
118916
118925
118949
118965
118971
118984
118995
119000
119003
119005
119020
119029
119041
119049
119063
119065
119068
119069
119075
119100
119113
119116
119118
119123
119130
119137
119140
119142
119155
119159
119162
119165
119183
119186
119204
119208
119226
119250
119252
119259
119273
119286
119293
119297
119328
119333
119334
119335
119395
119404
119420
119425
119434
119438
119440
119448
119459
119463
119474
119478
119487
119488
119496
119500
119507
119515
119519
119520
119530
119547
119548
119584
119586
119596
119629
119632
119633
119640
119644
119646
119647
119664
119668
119674
119694
119697
119718
119720
119721
119738
119759
119790
119811
119813
119827
119830
119831
119850
119851
119854
119857
119860
119874
119891
119893
119894
119899
119904
119925
119934
119936
119957
119966
119967
119992
119993
120031
120033
120044
120050
120052
120054
120062
120063
120073
120085
120086
120092
120105
120140
120145
120153
120164
120176
120185
120189
120193
120200
120214
120223
120228
120231
120283
120289
120290
120293
120295
120297
120309
120315
120316
120318
120319
120331
120342
120365
120374
120379
120382
120383
120398
120413
120419
120424
120426
120427
120438
120443
120445
120446
120454
120462
120481
120487
120489
120496
120500
120501
120503
120509
120529
120537
120549
120554
120570
120574
120589
120592
120594
120596
120601
120606
120608
120612
120626
120635
120639
120640
120641
120648
120659
120670
120673
120677
120683
120694
120703
120706
120716
120728
120732
120746
120749
120758
120760
120766
120771
120788
120800
120805
120806
120807
120811
120812
120817
120821
120824
120827
120845
120849
120850
120851
120854
120856
120862
120865
120868
120873
120874
120876
120882
120887
120893
120896
120905
120923
120931
120939
120947
120969
120971
120981
120982
121003
121023
121030
121034
121039
121042
121046
121047
121048
121054
121059
121060
121061
121063
121070
121076
121080
121088
121089
121095
121104
121113
121117
121120
121128
121133
121134
121135
121137
121156
121158
121161
121162
121166
121171
121172
121175
121176
121177
121190
121197
121199
121205
121209
121210
121212
121218
121228
121229
121235
121236
121247
121251
121264
121268
121279
121282
121283
121288
121291
121294
121296
121306
121307
121309
121310
121311
121326
121332
121334
121336
121337
121360
121364
121370
121371
121394
121396
121397
121410
121411
121413
121419
121431
121433
121436
121441
121449
121454
121456
121457
121459
121462
121489
121492
121493
121494
121495
121504
121513
121516
121518
121528
121531
121540
121548
121564
121576
121577
121581
121582
121583
121586
121590
121602
121604
121606
121608
121615
121635
121644
121649
121657
121659
121664
121674
121676
121683
121694
121695
121700
121709
121720
121722
121726
121733
121735
121741
121742
121754
121765
121770
121771
121772
121773
121785
121793
121794
121798
121802
121806
121808
121814
121822
121831
121838
121844
121845
121848
121850
121862
121863
121871
121879
121881
121896
121901
121902
121930
121939
121941
121947
121960
121972
121973
121975
121985
121998
122006
122013
122014
122021
122023
122027
122047
122058
122059
122063
122064
122065
122088
122094
122100
122101
122110
122126
122129
122133
122144
122152
122158
122160
122163
122168
122169
122191
122193
122196
122209
122215
122218
122224
122225
122226
122232
122234
122245
122247
122252
122257
122264
122272
122273
122279
122284
122303
122312
122314
122317
122333
122338
122343
122344
122347
122348
122350
122354
122359
122360
122364
122366
122367
122376
122377
122380
122385
122391
122394
122395
122398
122409
122417
122419
122423
122432
122434
122437
122438
122441
122444
122459
122460
122464
122465
122471
122474
122498
122499
122500
122502
122503
122509
122540
122543
122548
122551
122552
122553
122556
122561
122563
122566
122567
122569
122570
122571
122572
122576
122582
122588
122598
122601
122602
122605
122607
122608
122610
122617
122624
122625
122627
122629
122634
122635
122637
122640
122641
122643
122644
122650
122659
122668
122669
122672
122673
122674
122675
122701
122713
122716
122717
122720
122721
122726
122727
122731
122732
122733
122738
122739
122745
122746
122749
122755
122762
122770
122777
122785
122790
122791
122800
122802
122803
122804
122811
122813
122817
122820
122822
122824
122828
122829
122832
122834
122837
122839
122840
122845
122846
122847
122849
122854
122864
122865
122866
122876
122879
122882
122885
122887
122896
122897
122898
122901
122907
122909
122913
122916
122924
122927
122928
122941
122945
122946
122949
122951
122957
122966
122968
122974
122976
122988
122997
123000
123002
123003
123007
123010
123011
123012
123013
123015
123048
123054
123056
123063
123064
123069
123072
123073
123078
123084
123087
123090
123091
123094
123098
123106
123107
123108
123121
123126
123136
123137
123143
123145
123151
123156
123157
123159
123160
123166
123167
123186
123188
123189
123190
123193
123194
123195
123213
123214
123217
123218
123223
123224
123225
123227
123228
123232
123237
123254
123270
123272
123274
123279
123282
123284
123293
123312
123315
123317
123318
123320
123321
123334
123344
123347
123350
123351
123352
123356
123364
123368
123375
123387
123390
123392
123398
123400
123406
123418
123419
123430
123438
123443
123445
123446
123452
123456
123457
123460
123464
123475
123476
123477
123485
123486
123492
123494
123496
123498
123499
123500
123502
123509
123514
123525
123527
123530
123532
123533
123539
123540
123549
123551
123556
123560
123562
123566
123574
123575
123576
123591
123592
123600
123601
123610
123611
123612
123613
123616
123617
123628
123633
123638
123642
123650
123655
123659
123663
123664
123676
123682
123693
123709
123710
123712
123718
123720
123723
123735
123736
123737
123741
123744
123745
123754
123755
123756
123771
123776
123777
123780
123781
123786
123787
123792
123795
123798
123806
123823
123827
123834
123835
123839
123845
123847
123856
123857
123861
123866
123871
123878
123886
123893
123894
123895
123899
123906
123907
123908
123921
123929
123932
123935
123946
123954
123965
123967
123968
123970
123985
123995
124000
124004
124010
124014
124015
124019
124020
124025
124028
124032
124039
124040
124047
124050
124051
124053
124057
124065
124068
124070
124080
124093
124098
124103
124108
124109
124118
124119
124124
124130
124132
124133
124134
124139
124149
124154
124155
124156
124158
124162
124165
124168
124169
124176
124192
124193
124200
124209
124218
124225
124227
124229
124237
124240
124241
124245
124247
124249
124256
124259
124271
124296
124297
124298
124299
124314
124315
124317
124332
124341
124342
124349
124351
124353
124356
124359
124360
124362
124368
124369
124371
124377
124378
124385
124386
124387
124393
124394
124396
124403
124404
124405
124407
124408
124411
124412
124414
124418
124424
124425
124430
124431
124434
124443
124444
124445
124446
124455
124460
124468
124469
124472
124477
124482
124485
124487
124490
124491
124492
124494
124496
124500
124508
124525
124531
124532
124538
124545
124551
124553
124554
124555
124557
124558
124562
124567
124570
124572
124574
124578
124582
124583
124587
124588
124591
124592
124601
124602
124603
124605
124606
124612
124621
124624
124626
124627
124628
124631
124632
124633
124634
124642
124643
124644
124646
124647
124649
124653
124655
124657
124658
124659
124660
124661
124665
124669
124674
124675
124683
124686
124689
124694
124704
124712
124718
124720
124729
124737
124738
124739
124740
124758
124759
124761
124764
124765
124766
124776
124778
124791
124792
124797
124798
124799
124800
124801
124802
124808
124818
124819
124824
124826
124828
124831
124833
124836
124837
124847
124848
124849
124850
124852
124860
124868
124870
124875
124880
124888
124895
124900
124908
124915
124930
124931
124933
124937
124938
124939
124943
124944
124945
124946
124947
124948
124951
124960
124962
124972
124974
124975
124976
124977
124979
124981
124983
124984
124986
124991
124994
124999
125004
125012
125013
125015
125016
125026
125028
125035
125039
125041
125042
125046
125047
125054
125055
125060
125073
125077
125081
125087
125088
125089
125092
125102
125104
125108
125111
125113
125120
125121
125122
125131
125136
125137
125141
125144
125147
125149
125152
125155
125156
125167
125170
125174
125176
125177
125179
125196
125201
125203
125205
125211
125212
125218
125220
125225
125227
125228
125229
125234
125237
125238
125241
125245
125258
125260
125264
125266
125269
125270
125272
125280
125281
125283
125285
125287
125288
125292
125293
125297
125301
125302
125311
125316
125317
125320
125322
125331
125332
125335
125336
125338
125344
125346
125350
125351
125353
125354
125355
125357
125362
125369
125371
125374
125375
125376
125382
125390
125394
125396
125397
125398
125402
125406
125407
125412
125415
125424
125425
125428
125429
125430
125432
125435
125444
125447
125449
125451
125455
125461
125462
125466
125467
125469
125471
125472
125476
125477
125478
125479
125480
125481
125486
125489
125493
125496
125502
125503
125504
125509
125510
125511
125516
125522
125528
125530
125537
125544
125545
125552
125553
125556
125561
125563
125565
125566
125567
125570
125571
125576
125581
125582
125583
125585
125588
125592
125597
125599
125600
125610
125612
125614
125619
125620
125621
125623
125631
125632
125636
125638
125643
125646
125648
125658
125663
125666
125667
125670
125672
125677
125686
125687
125688
125691
125694
125697
125701
125702
125711
125712
125714
125716
125718
125719
125726
125727
125731
125737
125738
125741
125744
125753
125759
125760
125763
125765
125766
125767
125768
125769
125779
125780
125781
125782
125783
125786
125787
125789
125793
125795
125796
125797
125801
125803
125808
125809
125815
125821
125822
125823
125825
125828
125830
125831
125833
125835
125837
125842
125847
125849
125850
125854
125855
125857
125858
125859
125861
125863
125866
125867
125868
125871
125873
125874
125875
125877
125879
125888
125897
125899
125900
125904
125905
125906
125914
125917
125921
125924
125925
125926
125927
125929
125934
125940
125942
125944
125945
125947
125948
125952
125954
125956
125957
125958
125959
125962
125963
125967
125968
125969
125975
125977
125979
125982
125984
125985
125988
125989
125990
125992
125996
125997
125999
126000
126007
126008
126012
126013
126014
126016
126017
126020
126023
126024
126032
126033
126035
126039
126040
126045
126046
126054
126057
126064
126068
126069
126072
126073
126074
126077
126078
126079
126081
126083
126084
126089
126092
126096
126099
126100
126102
126103
126105
126106
126108
126111
126112
126117
126118
126119
126121
126122
126124
126129
126133
126134
126136
126137
126138
126144
126148
126149
126151
126152
126153
126163
126164
126170
126174
126176
126177
126181
126182
126190
126191
126194
126196
126197
126199
126200
126203
126204
126208
126209
126211
126213
126218
126220
126223
126224
126226
126229
126231
126232
126234
126238
126252
126253
126254
126255
126259
126260
126263
126268
126269
126270
126274
126276
126277
126287
126290
126293
126294
126305
126310
126318
126319
126322
126323
126325
126328
126330
126333
126334
126335
126337
126339
126340
126342
126346
126348
126351
126352
126359
126360
126362
126365
126366
126371
126380
126381
126382
126383
126384
126385
126387
126390
126393
126394
126396
126397
126402
126403
126404
126405
126412
126413
126414
126416
126420
126422
126424
126428
126431
126432
126433
126434
126435
126436
126438
126441
126446
126447
126449
126450
126455
126456
126461
126462
126466
126469
126473
126474
126477
126479
126482
126485
126486
126487
126488
126489
126492
126494
126503
126507
126508
126515
126517
126518
126520
126521
126522
126523
126527
126533
126535
126536
126539
126540
126547
126548
126550
126551
126552
126555
126556
126561
126562
126566
126572
126578
126579
126580
126581
126582
126584
126589
126591
126592
126594
126595
126596
126597
126598
126600
126603
126606
126609
126610
126614
126616
126617
126619
126620
126621
126631
126632
126637
126638
126646
126648
126650
126652
126654
126655
126656
126657
126660
126661
126663
126664
126665
126669
126670
126671
126673
126677
126680
126682
126683
126684
126693
126695
126696
126697
126701
126702
126706
126707
126709
126712
126719
126722
126724
126725
126730
126734
126747
126748
126749
126753
126758
126759
126761
126763
126764
126775
126781
126782
126784
126785
126786
126788
126789
126792
126793
126795
126796
126797
126798
126799
126802
126803
126805
126806
126809
126810
126812
126813
126815
126816
126817
126821
126823
126824
126826
126828
126829
126830
126832
126837
126838
126843
126845
126848
126849
126850
126855
126856
126858
126859
126860
126861
126862
126866
126867
126870
126872
126877
126878
126885
126887
126889
126891
126892
126893
126894
126897
126902
126904
126905
126909
126910
126912
126914
126917
126918
126921
126924
126925
126927
126931
126932
126933
126934
126937
126939
126943
126946
126950
126953
126954
126955
126960
126961
126962
126963
126965
126971
126975
126977
126978
126980
126982
126983
126986
126989
126993
126999
127001
127003
127007
127010
127012
127013
127018
127020
127021
127022
127023
127025
127026
127027
127031
127034
127037
127038
127042
127045
127046
127047
127051
127052
127054
127056
127058
127059
127063
127064
127066
127067
127068
127069
127072
127073
127074
127076
127078
127079
127083
127084
127088
127089
127091
127096
127101
127104
127106
127107
127108
127110
127111
127112
127121
127122
127123
127127
127130
127131
127134
127135
127138
127139
127140
127142
127143
127144
127145
127147
127148
127149
127151
127153
127155
127156
127157
127158
127162
127163
127164
127166
127168
127169
127170
127173
127177
127180
127182
127183
127184
127186
127191
127193
127196
127197
127200
127201
127204
127205
127206
127209
127210
127217
127218
127219
127224
127225
127228
127231
127232
127233
127234
127235
127236
127240
127241
127242
127244
127247
127253
127254
127255
127257
127259
127261
127262
127265
127266
127267
127272
127273
127276
127277
127278
127279
127280
127281
127282
127286
127287
127289
127293
127296
127299
127300
127301
127302
127303
127306
127307
127308
127309
127310
127311
127312
127313
127314
127315
127318
127326
127332
127334
127335
127341
127343
127346
127347
127350
127357
127358
127365
127367
127377
127378
127385
127387
127389
127390
127393
127394
127395
127400
127401
127402
127409
127410
127414
127416
127417
127419
127421
127429
127432
127433
127437
127439
127445
127446
127449
127455
127458
127469
127472
127478
127482
127483
127484
127488
127494
127495
127500
127504
127512
127514
127524
127533
127537
127539
127540
127543
127551
127553
127564
127566
127567
127569
127572
127577
127578
127579
127581
127582
127584
127586
127587
127600
127603
127604
127609
127615
127625
127627
127630
127634
127635
127644
127645
127653
127659
127660
127662
127663
127665
127667
127668
127669
127676
127680
127685
127688
127689
127691
127700
127702
127705
127715
127717
127724
127725
127732
127739
127741
127750
127755
127756
127758
127759
127775
127778
127779
127781
127782
127784
127786
127793
127798
127799
127800
127803
127809
127810
127811
127814
127816
127819
127822
127824
127830
127831
127837
127838
127843
127844
127848
127849
127858
127861
127863
127864
127867
127869
127872
127877
127882
127889
127891
127892
127893
127894
127895
127896
127897
127907
127908
127911
127915
127916
127917
127921
127923
127938
127939
127943
127944
127945
127946
127949
127959
127964
127971
127972
127973
127975
127977
127981
127984
127986
127987
127991
127992
127994
127996
128001
128002
128004
128007
128008
128013
128016
128019
128022
128026
128032
128034
128035
128036
128038
128042
128045
128047
128052
128054
128057
128059
128064
128066
128072
128074
128077
128081
128082
128083
128092
128094
128095
128098
128100
128104
128106
128111
128115
128116
128117
128119
128122
128124
128131
128132
128136
128138
128141
128143
128153
128160
128165
128167
128168
128173
128175
128178
128179
128182
128183
128186
128192
128193
128196
128200
128206
128215
128218
128221
128222
128223
128225
128237
128238
128245
128250
128260
128261
128263
128268
128270
128273
128274
128277
128278
128283
128285
128290
128292
128293
128296
128301
128303
128305
128313
128320
128321
128325
128332
128334
128344
128349
128351
128352
128354
128355
128357
128358
128367
128371
128372
128386
128391
128394
128403
128407
128409
128412
128413
128417
128424
128425
128426
128429
128432
128441
128442
128444
128445
128447
128448
128449
128452
128454
128455
128457
128460
128466
128468
128471
128474
128479
128481
128486
128487
128489
128491
128493
128495
128499
128505
128506
128514
128515
128519
128524
128529
128532
128539
128541
128548
128553
128560
128562
128564
128565
128569
128571
128574
128577
128578
128579
128580
128583
128584
128586
128596
128597
128605
128606
128607
128608
128609
128617
128618
128621
128623
128625
128626
128629
128635
128636
128637
128638
128646
128657
128660
128665
128673
128676
128684
128686
128689
128693
128694
128701
128702
128704
128706
128713
128715
128718
128721
128722
128724
128731
128734
128737
128739
128752
128755
128757
128759
128760
128766
128772
128778
128781
128785
128786
128787
128792
128800
128802
128805
128806
128812
128815
128818
128829
128830
128832
128833
128834
128837
128838
128839
128845
128846
128847
128850
128852
128854
128855
128864
128867
128881
128884
128886
128890
128898
128900
128903
128904
128907
128908
128911
128914
128916
128917
128918
128921
128922
128923
128926
128931
128934
128935
128936
128938
128943
128944
128947
128950
128951
128953
128960
128962
128963
128964
128973
128975
128978
128979
128991
128995
129003
129008
129011
129014
129017
129020
129022
129024
129027
129033
129035
129040
129041
129046
129051
129053
129055
129056
129058
129060
129062
129063
129066
129071
129074
129075
129076
129077
129079
129080
129085
129088
129096
129097
129098
129102
129104
129112
129118
129120
129126
129129
129133
129134
129140
129142
129143
129144
129145
129147
129154
129156
129157
129158
129161
129163
129164
129168
129169
129172
129174
129175
129179
129181
129183
129184
129186
129188
129195
129197
129198
129199
129201
129203
129205
129207
129208
129214
129220
129222
129224
129227
129228
129235
129236
129238
129240
129241
129242
129243
129252
129255
129257
129258
129259
129261
129266
129269
129272
129282
129283
129284
129285
129292
129293
129294
129296
129298
129299
129301
129304
129305
129308
129311
129313
129317
129320
129324
129327
129329
129332
129335
129336
129338
129341
129346
129349
129356
129357
129358
129359
129361
129365
129369
129370
129371
129377
129382
129383
129397
129399
129401
129403
129406
129409
129410
129411
129413
129416
129417
129420
129421
129427
129428
129429
129431
129434
129435
129441
129443
129444
129450
129451
129452
129454
129458
129459
129460
129463
129468
129470
129472
129474
129475
129478
129481
129486
129488
129489
129490
129494
129496
129499
129501
129503
129504
129507
129510
129511
129512
129515
129516
129517
129521
129529
129534
129538
129539
129542
129543
129552
129554
129558
129559
129560
129562
129567
129570
129573
129575
129578
129579
129580
129581
129583
129586
129589
129593
129595
129596
129599
129600
129606
129608
129609
129610
129611
129616
129618
129620
129623
129626
129630
129633
129638
129639
129641
129645
129648
129649
129654
129657
129658
129663
129666
129667
129670
129671
129672
129673
129675
129677
129678
129680
129682
129685
129688
129692
129694
129699
129700
129701
129705
129706
129717
129719
129721
129722
129725
129726
129729
129730
129733
129734
129735
129738
129740
129742
129747
129749
129755
129761
129764
129765
129767
129772
129773
129781
129782
129784
129786
129788
129790
129791
129794
129795
129797
129799
129803
129804
129805
129806
129807
129810
129811
129813
129814
129819
129822
129826
129828
129830
129832
129836
129839
129844
129845
129851
129854
129855
129856
129859
129864
129872
129875
129878
129881
129884
129885
129886
129890
129891
129893
129896
129897
129904
129910
129916
129919
129920
129921
129929
129934
129935
129942
129943
129944
129946
129949
129950
129954
129956
129957
129958
129961
129962
129967
129969
129971
129973
129974
129975
129976
129979
129983
129985
129987
129995
129999
130001
130013
130014
130017
130018
130019
130033
130034
130039
130040
130042
130043
130045
130052
130057
130060
130061
130064
130069
130072
130075
130076
130078
130082
130084
130086
130088
130093
130099
130103
130106
130107
130111
130114
130116
130126
130132
130133
130135
130137
130138
130140
130141
130144
130145
130148
130149
130153
130154
130158
130160
130162
130164
130167
130168
130177
130182
130183
130184
130186
130187
130192
130193
130194
130196
130199
130209
130215
130217
130222
130225
130228
130230
130237
130240
130247
130250
130253
130254
130258
130261
130270
130272
130279
130280
130289
130293
130296
130297
130299
130300
130304
130305
130307
130308
130313
130314
130316
130318
130321
130322
130326
130328
130329
130330
130331
130337
130339
130344
130347
130348
130351
130352
130353
130355
130356
130362
130363
130365
130368
130374
130375
130378
130380
130381
130393
130394
130396
130397
130401
130404
130412
130416
130419
130424
130426
130432
130438
130439
130441
130443
130445
130448
130449
130450
130451
130452
130453
130454
130455
130456
130460
130463
130469
130474
130476
130477
130478
130480
130481
130489
130494
130503
130506
130507
130510
130511
130512
130513
130518
130520
130521
130522
130528
130530
130531
130536
130537
130538
130540
130541
130545
130548
130549
130553
130555
130556
130559
130560
130562
130563
130569
130572
130574
130577
130581
130582
130584
130591
130593
130594
130598
130601
130602
130614
130617
130620
130621
130623
130625
130626
130627
130630
130636
130639
130640
130646
130647
130650
130652
130654
130656
130662
130664
130665
130666
130670
130671
130676
130678
130680
130683
130684
130686
130688
130689
130691
130693
130694
130703
130705
130710
130716
130719
130721
130724
130726
130730
130731
130732
130737
130741
130743
130746
130750
130756
130760
130761
130765
130769
130770
130772
130774
130779
130784
130785
130786
130787
130800
130802
130804
130805
130809
130812
130818
130823
130826
130828
130840
130841
130845
130846
130849
130851
130858
130860
130862
130866
130868
130871
130878
130880
130881
130884
130890
130891
130892
130894
130898
130899
130900
130902
130903
130907
130913
130914
130916
130922
130926
130931
130932
130935
130939
130943
130948
130955
130956
130959
130960
130973
130978
130979
130980
130983
130985
130988
130990
130997
131001
131002
131003
131008
131015
131017
131018
131022
131025
131031
131034
131037
131040
131042
131043
131045
131047
131050
131054
131055
131056
131057
131059
131060
131072
131073
131079
131080
131081
131084
131086
131090
131092
131093
131095
131097
131098
131099
131102
131105
131107
131108
131110
131112
131116
131117
131121
131122
131126
131129
131130
131134
131135
131138
131140
131143
131144
131147
131148
131152
131155
131156
131157
131160
131161
131164
131166
131167
131169
131170
131171
131176
131180
131185
131188
131190
131191
131195
131198
131204
131205
131217
131219
131221
131222
131225
131226
131229
131230
131231
131232
131234
131235
131236
131238
131244
131247
131249
131251
131256
131258
131263
131267
131268
131270
131272
131273
131281
131284
131285
131286
131287
131289
131290
131297
131299
131300
131304
131305
131307
131309
131313
131314
131316
131318
131320
131323
131325
131326
131327
131331
131334
131336
131337
131339
131342
131343
131353
131360
131361
131362
131363
131368
131372
131375
131380
131383
131384
131388
131392
131394
131396
131400
131403
131405
131406
131408
131409
131411
131416
131419
131420
131421
131424
131425
131426
131428
131429
131433
131438
131439
131441
131445
131447
131448
131452
131458
131459
131461
131463
131466
131467
131469
131470
131472
131476
131478
131479
131480
131481
131482
131484
131485
131486
131490
131492
131496
131500
131507
131508
131511
131517
131518
131519
131520
131521
131522
131524
131525
131530
131534
131535
131540
131541
131545
131548
131551
131554
131557
131560
131561
131567
131572
131575
131579
131580
131582
131587
131592
131594
131595
131596
131598
131601
131602
131603
131609
131611
131613
131614
131623
131629
131630
131632
131633
131634
131636
131639
131642
131653
131655
131656
131657
131660
131666
131667
131669
131673
131674
131676
131677
131679
131689
131690
131691
131698
131700
131708
131709
131710
131712
131718
131719
131723
131725
131728
131733
131735
131742
131744
131745
131746
131748
131749
131761
131763
131764
131767
131768
131771
131775
131779
131782
131789
131793
131794
131796
131801
131802
131806
131808
131810
131811
131813
131814
131816
131819
131820
131822
131825
131826
131830
131835
131838
131842
131843
131847
131848
131850
131852
131858
131866
131868
131871
131872
131874
131880
131881
131883
131885
131890
131894
131896
131899
131902
131905
131907
131911
131912
131913
131916
131918
131928
131929
131930
131933
131938
131942
131943
131964
131966
131968
131973
131974
131976
131978
131980
131982
131983
131985
131988
131996
132000
132006
132010
132011
132015
132016
132018
132019
132020
132023
132028
132030
132037
132038
132041
132050
132053
132055
132056
132057
132058
132061
132062
132070
132071
132072
132077
132081
132092
132099
132100
132103
132104
132110
132112
132114
132119
132122
132133
132134
132137
132139
132141
132144
132148
132149
132153
132156
132158
132160
132161
132172
132175
132176
132177
132180
132182
132183
132184
132185
132196
132200
132201
132202
132203
132204
132208
132210
132211
132212
132213
132218
132220
132224
132225
132230
132232
132242
132245
132246
132251
132262
132263
132270
132271
132274
132278
132280
132281
132284
132292
132293
132294
132298
132300
132301
132302
132305
132306
132309
132313
132316
132319
132322
132327
132328
132333
132340
132344
132347
132350
132351
132352
132357
132358
132362
132363
132366
132367
132370
132372
132373
132374
132375
132385
132389
132390
132391
132393
132396
132400
132406
132407
132411
132417
132419
132421
132424
132425
132432
132435
132436
132437
132438
132445
132449
132453
132455
132458
132459
132465
132471
132484
132485
132487
132489
132492
132494
132502
132507
132514
132520
132521
132522
132523
132525
132529
132530
132531
132532
132543
132544
132545
132547
132550
132552
132559
132560
132563
132566
132577
132583
132591
132597
132598
132605
132609
132618
132621
132624
132626
132633
132634
132641
132642
132647
132648
132652
132656
132657
132666
132678
132681
132683
132685
132688
132689
132690
132699
132701
132702
132703
132705
132706
132713
132717
132719
132722
132724
132725
132726
132728
132734
132736
132737
132739
132740
132744
132749
132751
132755
132756
132757
132759
132760
132763
132765
132768
132771
132774
132776
132777
132782
132787
132789
132794
132796
132799
132800
132805
132806
132809
132815
132818
132819
132821
132824
132828
132829
132832
132834
132835
132838
132844
132851
132852
132853
132854
132860
132861
132863
132866
