2
3
4
5
6
7
8
12
13
14
16
17
20
22
23
28
29
30
31
33
34
35
37
39
40
41
44
46
47
49
50
52
53
56
59
60
63
64
65
69
70
72
73
74
75
76
77
79
83
94
95
99
102
104
105
106
107
109
110
112
117
119
122
123
124
125
127
128
129
133
135
136
137
138
140
142
143
144
145
149
151
153
154
155
162
165
166
167
168
169
171
172
174
175
176
177
178
181
184
187
188
189
191
193
194
195
196
197
199
200
201
202
203
204
205
206
209
210
212
218
220
221
225
229
230
231
233
237
239
241
248
249
251
252
253
256
258
262
263
266
268
269
272
273
275
280
281
284
285
287
288
289
290
291
294
297
298
299
300
301
302
303
304
305
306
307
309
310
313
314
315
316
317
318
319
320
322
323
325
326
328
329
333
334
335
337
338
343
344
345
346
347
348
349
350
351
352
353
356
357
359
361
362
363
364
367
369
370
371
373
374
376
378
381
382
386
388
391
392
398
399
400
401
402
405
406
408
409
410
411
413
415
418
419
421
423
424
425
428
431
434
435
436
439
440
442
449
454
455
458
459
460
462
463
464
466
467
468
469
471
472
474
477
478
480
485
486
490
492
493
494
495
497
498
499
500
501
502
503
505
506
507
508
509
513
514
515
516
518
519
520
522
523
524
526
527
528
529
530
531
532
534
535
536
537
538
539
540
541
546
547
548
551
553
555
556
557
559
560
561
562
563
564
565
566
567
568
569
570
571
573
574
575
577
578
580
581
582
584
589
592
597
598
599
600
603
605
608
609
610
611
612
613
614
617
618
620
621
623
624
627
628
629
630
631
632
633
634
637
638
639
640
641
642
643
644
645
646
647
649
650
651
656
658
659
660
661
662
663
664
665
668
669
670
671
674
676
677
679
680
681
682
687
689
690
691
692
694
695
696
697
698
699
700
701
703
705
706
707
711
712
714
715
716
717
719
723
724
725
727
728
729
730
732
733
736
737
738
740
743
744
745
746
747
751
752
753
754
755
756
757
763
765
767
772
774
775
778
779
781
782
783
784
785
786
787
789
790
791
794
795
796
798
802
803
805
808
812
814
816
817
818
819
821
823
824
825
826
827
828
829
832
833
835
837
838
839
840
842
843
845
846
849
850
851
852
853
855
856
860
863
864
865
866
867
868
869
870
872
873
877
879
882
883
884
887
894
897
899
901
902
903
904
906
907
908
910
911
915
917
918
919
921
923
925
926
930
931
932
933
934
935
936
937
938
939
940
941
942
944
945
946
948
954
955
956
957
959
960
961
962
964
966
967
968
969
970
971
972
974
975
976
978
979
980
981
982
983
984
986
987
988
989
991
993
994
995
996
998
1000
1001
1002
1003
1004
1005
1006
1009
1010
1011
1013
1014
1017
1019
1020
1021
1024
1026
1027
1028
1029
1030
1031
1032
1035
1037
1038
1039
1041
1042
1043
1044
1048
1049
1050
1051
1052
1053
1055
1056
1057
1058
1059
1060
1061
1062
1063
1065
1066
1067
1068
1069
1071
1073
1075
1077
1078
1079
1080
1081
1082
1083
1084
1085
1086
1088
1089
1094
1096
1097
1099
1101
1102
1103
1104
1105
1106
1109
1110
1112
1113
1114
1115
1116
1117
1119
1120
1122
1123
1124
1125
1126
1128
1130
1131
1133
1134
1135
1136
1137
1138
1139
1140
1141
1143
1144
1145
1146
1148
1149
1150
1151
1152
1153
1154
1155
1156
1157
1158
1159
1164
1165
1166
1167
1168
1170
1171
1173
1174
1175
1178
1179
1180
1183
1184
1186
1189
1190
1191
1193
1195
1197
1199
1200
1202
1203
1204
1205
1206
1207
1210
1213
1218
1219
1220
1221
1223
1224
1225
1227
1228
1229
1230
1231
1232
1236
1237
1238
1240
1241
1242
1246
1247
1249
1250
1252
1254
1255
1257
1258
1259
1260
1262
1263
1265
1266
1268
1269
1270
1271
1272
1273
1274
1277
1278
1279
1280
1281
1282
1283
1285
1287
1288
1289
1290
1291
1292
1293
1294
1295
1296
1297
1299
1300
1302
1303
1304
1307
1308
1309
1311
1312
1313
1314
1315
1316
1317
1318
1320
1322
1325
1328
1329
1332
1333
1334
1335
1337
1339
1341
1343
1344
1345
1348
1349
1350
1352
1353
1355
1357
1358
1359
1365
1367
1369
1370
1371
1372
1373
1374
1376
1377
1379
1380
1381
1382
1386
1388
1389
1390
1391
1394
1397
1398
1399
1400
1402
1403
1405
1408
1409
1410
1413
1415
1417
1418
1419
1420
1421
1422
1423
1424
1425
1429
1431
1432
1436
1437
1438
1439
1440
1441
1442
1443
1444
1445
1446
1447
1448
1449
1450
1452
1455
1456
1457
1458
1459
1461
1463
1465
1466
1468
1469
1470
1471
1472
1473
1474
1477
1479
1480
1481
1482
1483
1484
1485
1486
1487
1488
1491
1492
1493
1494
1497
1498
1499
1500
1501
1502
1504
1506
1510
1511
1512
1513
1514
1515
1516
1517
1519
1520
1521
1522
1524
1525
1527
1528
1531
1532
1534
1536
1539
1540
1542
1543
1544
1545
1549
1552
1555
1557
1558
1560
1561
1563
1564
1565
1566
1567
1569
1570
1572
1573
1574
1575
1576
1577
1578
1579
1581
1582
1584
1589
1590
1591
1592
1593
1595
1596
1597
1598
1599
1600
1602
1603
1604
1605
1606
1609
1611
1612
1613
1614
1615
1618
1619
1621
1622
1624
1625
1626
1627
1628
1629
1630
1631
1632
1633
1635
1637
1638
1641
1642
1643
1644
1646
1647
1648
1649
1650
1651
1652
1654
1655
1657
1659
1661
1663
1664
1665
1666
1667
1668
1670
1671
1672
1674
1675
1676
1679
1680
1681
1682
1684
1685
1688
1689
1690
1692
1693
1695
1696
1697
1698
1699
1700
1701
1702
1703
1704
1705
1706
1707
1710
1711
1712
1713
1714
1717
1718
1720
1723
1724
1725
1726
1729
1731
1732
1734
1737
1738
1739
1740
1741
1742
1744
1745
1746
1747
1748
1750
1753
1755
1756
1757
1758
1759
1760
1762
1764
1765
1766
1768
1769
1770
1771
1773
1774
1776
1777
1778
1779
1780
1782
1783
1784
1785
1787
1789
1790
1791
1793
1795
1796
1797
1798
1799
1800
1802
1803
1804
1805
1808
1809
1810
1811
1813
1816
1819
1820
1822
1823
1824
1826
1827
1828
1829
1830
1831
1835
1837
1838
1839
1840
1843
1847
1848
1849
1850
1851
1852
1854
1857
1858
1859
1861
1863
1864
1865
1866
1867
1868
1869
1871
1872
1873
1875
1876
1878
1879
1881
1882
1884
1886
1887
1888
1890
1892
1893
1894
1895
1897
1900
1901
1902
1903
1905
1906
1907
1908
1910
1911
1913
1914
1916
1917
1918
1919
1920
1922
1923
1925
1927
1928
1929
1930
1932
1933
1934
1935
1936
1937
1939
1940
1941
1942
1943
1945
1946
1950
1951
1955
1956
1957
1959
1961
1962
1964
1965
1966
1968
1969
1970
1972
1973
1974
1975
1977
1978
1980
1981
1982
1984
1989
1990
1991
1992
1993
1996
1997
1998
1999
2000
2001
2003
2007
2008
2010
2011
2012
2014
2015
2016
2017
2018
2020
2021
2022
2023
2025
2026
2028
2030
2031
2033
2034
2036
2037
2038
2039
2040
2042
2043
2044
2045
2046
2048
2049
2050
2051
2052
2054
2057
2058
2060
2061
2062
2063
2065
2067
2068
2069
2071
2072
2074
2075
2076
2078
2080
2081
2082
2083
2084
2085
2086
2088
2092
2094
2095
2096
2097
2098
2099
2100
2102
2103
2105
2110
2112
2115
2116
2119
2120
2121
2122
2123
2124
2125
2126
2128
2129
2135
2136
2138
2139
2142
2143
2145
2146
2147
2149
2150
2152
2154
2155
2156
2157
2158
2159
2160
2161
2164
2165
2166
2167
2168
2169
2170
2171
2173
2174
2175
2176
2177
2178
2179
2181
2182
2184
2186
2189
2190
2191
2192
2196
2197
2198
2199
2200
2202
2203
2204
2205
2209
2210
2211
2212
2213
2214
2215
2218
2220
2221
2222
2225
2226
2228
2230
2231
2232
2233
2234
2235
2236
2237
2238
2240
2241
2242
2243
2245
2247
2248
2249
2250
2251
2252
2253
2254
2255
2256
2257
2258
2259
2260
2261
2263
2264
2266
2267
2268
2269
2271
2278
2279
2282
2283
2284
2285
2287
2288
2289
2290
2292
2293
2294
2295
2298
2299
2300
2301
2302
2303
2306
2307
2312
2313
2315
2318
2320
2321
2322
2324
2326
2328
2332
2334
2335
2336
2338
2342
2343
2344
2347
2348
2356
2357
2359
2361
2363
2364
2365
2366
2368
2369
2370
2371
2372
2373
2374
2376
2380
2381
2382
2383
2384
2385
2386
2387
2388
2390
2392
2393
2394
2395
2402
2403
2404
2405
2408
2409
2410
2411
2412
2413
2414
2417
2419
2420
2421
2423
2424
2425
2426
2427
2430
2431
2432
2433
2434
2435
2437
2438
2440
2441
2442
2443
2448
2449
2452
2453
2454
2455
2460
2462
2463
2464
2465
2467
2468
2471
2472
2476
2479
2481
2483
2484
2488
2489
2490
2492
2493
2494
2495
2496
2498
2499
2503
2505
2507
2510
2511
2513
2514
2516
2520
2522
2523
2525
2533
2534
2536
2537
2539
2540
2542
2543
2544
2545
2546
2548
2549
2550
2553
2555
2556
2557
2558
2559
2562
2563
2564
2565
2566
2567
2568
2570
2571
2572
2573
2575
2577
2578
2580
2581
2583
2584
2586
2588
2589
2592
2593
2594
2595
2596
2597
2598
2599
2600
2601
2603
2604
2606
2608
2609
2610
2612
2613
2614
2616
2617
2618
2619
2620
2622
2624
2625
2628
2631
2632
2633
2634
2635
2636
2638
2640
2641
2643
2644
2645
2646
2648
2649
2650
2651
2654
2655
2656
2659
2660
2661
2662
2663
2665
2666
2669
2670
2671
2672
2673
2674
2675
2676
2677
2678
2679
2680
2681
2682
2683
2685
2686
2690
2691
2692
2693
2695
2696
2697
2700
2701
2704
2706
2709
2710
2714
2716
2717
2719
2720
2721
2723
2725
2727
2728
2729
2730
2731
2732
2733
2736
2739
2740
2741
2742
2747
2748
2749
2750
2753
2754
2756
2757
2759
2760
2762
2763
2764
2766
2767
2768
2769
2772
2773
2777
2778
2779
2780
2781
2782
2785
2787
2788
2789
2791
2792
2793
2796
2797
2800
2802
2803
2805
2806
2807
2808
2809
2810
2811
2812
2814
2815
2816
2817
2818
2819
2820
2823
2824
2826
2827
2832
2835
2836
2837
2838
2839
2840
2841
2842
2843
2845
2846
2847
2848
2849
2850
2851
2853
2854
2855
2857
2858
2860
2862
2865
2866
2867
2868
2869
2870
2871
2872
2873
2874
2875
2876
2877
2878
2879
2880
2882
2884
2885
2888
2889
2891
2892
2893
2895
2898
2899
2900
2904
2905
2906
2907
2908
2911
2912
2916
2917
2918
2919
2921
2922
2923
2924
2927
2928
2929
2930
2931
2932
2936
2937
2941
2943
2944
2945
2947
2949
2950
2953
2954
2955
2957
2958
2962
2963
2964
2965
2966
2967
2968
2972
2974
2975
2977
2978
2979
2983
2984
2985
2986
2988
2989
2990
2991
2992
2993
2995
2996
2997
2998
2999
3000
3001
3003
3005
3006
3008
3010
3011
3013
3014
3015
3016
3017
3020
3022
3025
3027
3028
3029
3030
3033
3035
3036
3037
3039
3040
3041
3042
3043
3044
3045
3047
3048
3050
3051
3052
3053
3055
3057
3058
3061
3062
3063
3064
3065
3066
3068
3069
3070
3071
3072
3074
3077
3078
3080
3082
3083
3084
3085
3086
3087
3088
3089
3090
3091
3094
3095
3096
3097
3098
3102
3103
3104
3105
3106
3109
3111
3113
3115
3117
3118
3119
3120
3123
3124
3125
3126
3127
3128
3129
3133
3134
3135
3137
3138
3139
3140
3142
3143
3144
3146
3147
3148
3149
3150
3152
3153
3155
3158
3159
3163
3166
3168
3169
3171
3173
3175
3176
3177
3178
3179
3180
3181
3188
3189
3190
3192
3193
3194
3195
3196
3199
3201
3202
3203
3204
3205
3209
3210
3211
3214
3215
3216
3217
3218
3219
3221
3222
3224
3225
3226
3227
3228
3229
3232
3233
3234
3236
3238
3239
3240
3244
3247
3250
3253
3254
3256
3257
3258
3259
3260
3262
3263
3264
3266
3270
3271
3272
3273
3274
3275
3276
3277
3278
3282
3283
3284
3285
3286
3287
3288
3289
3290
3292
3293
3294
3295
3296
3297
3298
3300
3301
3302
3306
3307
3308
3309
3310
3311
3313
3314
3315
3317
3319
3320
3321
3322
3324
3325
3326
3327
3329
3330
3331
3332
3334
3336
3337
3338
3340
3341
3343
3344
3345
3348
3350
3351
3354
3355
3356
3359
3360
3361
3362
3363
3364
3367
3368
3369
3372
3373
3374
3375
3377
3379
3382
3383
3384
3386
3387
3389
3391
3392
3393
3394
3397
3398
3399
3400
3402
3403
3404
3405
3406
3411
3413
3416
3419
3420
3421
3424
3426
3427
3429
3430
3433
3435
3436
3438
3439
3440
3442
3446
3448
3449
3451
3452
3454
3455
3456
3457
3460
3461
3465
3466
3467
3471
3473
3474
3481
3482
3483
3484
3485
3486
3487
3491
3492
3493
3494
3495
3496
3497
3500
3501
3502
3504
3507
3509
3510
3513
3516
3517
3519
3520
3522
3527
3530
3531
3532
3533
3534
3535
3536
3537
3538
3539
3540
3543
3545
3546
3547
3548
3550
3552
3555
3556
3557
3558
3560
3561
3562
3563
3564
3565
3568
3569
3571
3573
3574
3576
3577
3579
3582
3583
3584
3587
3588
3589
3591
3593
3594
3595
3597
3598
3600
3601
3602
3603
3605
3606
3608
3612
3613
3614
3617
3618
3621
3622
3623
3624
3625
3627
3628
3629
3631
3632
3633
3634
3635
3636
3640
3642
3643
3644
3647
3648
3649
3651
3652
3653
3655
3656
3657
3659
3660
3661
3662
3664
3666
3668
3669
3670
3671
3673
3674
3675
3676
3677
3679
3681
3682
3683
3684
3686
3689
3691
3692
3696
3698
3700
3701
3702
3703
3705
3706
3707
3708
3709
3710
3711
3713
3714
3715
3717
3719
3720
3721
3723
3724
3725
3727
3728
3729
3730
3731
3732
3735
3737
3739
3743
3747
3748
3749
3751
3752
3755
3756
3759
3760
3763
3764
3766
3769
3770
3772
3773
3774
3776
3779
3781
3787
3788
3793
3794
3795
3797
3798
3800
3801
3803
3804
3805
3806
3808
3809
3810
3812
3813
3814
3815
3817
3819
3820
3821
3822
3824
3827
3828
3829
3830
3832
3834
3835
3836
3838
3843
3845
3846
3847
3848
3849
3850
3851
3852
3853
3855
3858
3859
3860
3861
3862
3868
3869
3870
3873
3877
3878
3879
3880
3881
3882
3885
3887
3889
3890
3891
3893
3895
3897
3898
3899
3900
3901
3902
3903
3905
3908
3909
3910
3911
3913
3914
3917
3919
3920
3921
3922
3923
3924
3925
3926
3927
3930
3932
3933
3935
3936
3937
3939
3940
3943
3944
3945
3947
3948
3951
3952
3954
3955
3956
3957
3958
3960
3961
3962
3963
3964
3965
3966
3969
3971
3972
3974
3975
3976
3977
3978
3980
3981
3982
3983
3984
3985
3986
3988
3989
3990
3991
3992
3996
3997
3998
3999
4000
4001
4002
4003
4004
4005
4007
4009
4011
4012
4013
4014
4016
4017
4019
4021
4022
4024
4025
4027
4028
4029
4030
4031
4033
4036
4037
4038
4040
4043
4044
4045
4047
4048
4051
4052
4053
4054
4056
4057
4061
4064
4065
4068
4069
4070
4071
4073
4074
4076
4081
4085
4086
4087
4088
4089
4090
4092
4093
4095
4096
4097
4098
4101
4102
4103
4104
4105
4106
4107
4109
4111
4112
4113
4114
4119
4120
4121
4122
4124
4125
4126
4128
4129
4131
4132
4134
4135
4136
4137
4140
4141
4142
4143
4148
4149
4151
4152
4154
4156
4157
4159
4160
4161
4162
4165
4167
4168
4172
4174
4176
4177
4178
4180
4181
4184
4185
4186
4189
4191
4192
4194
4196
4198
4207
4208
4210
4211
4212
4213
4214
4216
4217
4218
4220
4221
4223
4224
4225
4227
4229
4230
4231
4233
4234
4235
4236
4237
4242
4243
4244
4249
4251
4254
4255
4256
4257
4258
4259
4264
4266
4267
4268
4270
4271
4273
4275
4278
4281
4283
4286
4287
4288
4289
4291
4292
4300
4301
4302
4303
4304
4306
4310
4311
4312
4313
4314
4315
4316
4317
4318
4322
4323
4324
4325
4326
4328
4329
4331
4332
4333
4335
4336
4337
4340
4342
4346
4348
4352
4353
4359
4360
4361
4363
4365
4367
4368
4369
4370
4371
4372
4373
4374
4375
4378
4379
4380
4382
4385
4386
4387
4388
4389
4391
4394
4395
4398
4399
4400
4401
4403
4405
4408
4410
4411
4414
4415
4416
4417
4420
4421
4424
4425
4426
4427
4429
4431
4432
4433
4437
4438
4439
4441
4442
4444
4445
4450
4452
4453
4454
4457
4458
4459
4461
4462
4463
4464
4466
4467
4468
4470
4472
4473
4474
4475
4476
4479
4480
4481
4483
4484
4485
4486
4487
4488
4491
4492
4496
4497
4498
4499
4500
4502
4503
4506
4507
4509
4512
4513
4515
4516
4517
4518
4522
4523
4524
4527
4528
4529
4530
4531
4532
4533
4534
4535
4539
4540
4541
4542
4543
4544
4545
4546
4549
4550
4551
4552
4553
4554
4555
4558
4559
4561
4563
4565
4569
4570
4572
4573
4574
4575
4576
4579
4582
4583
4584
4585
4586
4587
4588
4592
4593
4594
4595
4596
4597
4598
4601
4602
4603
4604
4606
4607
4608
4609
4610
4612
4613
4614
4616
4617
4618
4622
4623
4624
4625
4626
4627
4629
4630
4632
4633
4636
4637
4639
4642
4644
4645
4647
4648
4649
4650
4652
4653
4654
4655
4656
4657
4659
4663
4664
4665
4666
4667
4669
4672
4674
4675
4676
4678
4682
4684
4686
4687
4689
4690
4691
4693
4695
4696
4697
4698
4699
4705
4714
4715
4717
4718
4719
4720
4721
4722
4724
4725
4727
4730
4731
4732
4733
4735
4736
4740
4743
4745
4746
4747
4748
4750
4751
4752
4754
4755
4756
4757
4759
4760
4763
4764
4765
4766
4767
4768
4772
4773
4774
4777
4779
4781
4782
4783
4784
4785
4786
4787
4788
4789
4791
4792
4793
4795
4796
4798
4799
4803
4805
4806
4807
4808
4809
4811
4814
4815
4816
4817
4818
4820
4821
4822
4823
4824
4825
4826
4829
4830
4831
4833
4835
4836
4837
4840
4842
4843
4844
4845
4846
4847
4848
4850
4853
4855
4856
4858
4862
4863
4865
4866
4868
4869
4870
4871
4872
4873
4874
4875
4876
4877
4878
4879
4880
4881
4882
4884
4885
4886
4887
4888
4890
4891
4892
4893
4894
4895
4896
4897
4898
4899
4901
4902
4903
4905
4906
4907
4910
4912
4914
4915
4916
4918
4920
4921
4925
4927
4928
4929
4932
4934
4935
4936
4937
4938
4939
4941
4945
4947
4952
4953
4955
4957
4958
4959
4960
4962
4963
4964
4966
4969
4970
4971
4972
4974
4976
4977
4978
4979
4980
4982
4983
4984
4985
4986
4987
4988
4989
4990
4991
4993
4994
4995
4996
4997
4999
5001
5002
5003
5004
5005
5008
5010
5012
5015
5016
5017
5019
5021
5023
5024
5025
5027
5028
5029
5030
5031
5033
5034
5039
5040
5041
5042
5043
5044
5046
5047
5048
5049
5051
5052
5055
5058
5062
5066
5067
5068
5069
5070
5073
5075
5078
5080
5081
5082
5083
5084
5089
5091
5092
5093
5094
5096
5098
5099
5100
5103
5104
5107
5109
5110
5111
5112
5113
5114
5115
5116
5118
5119
5120
5124
5125
5127
5129
5130
5131
5133
5135
5138
5140
5141
5142
5143
5145
5146
5147
5148
5149
5150
5153
5154
5159
5164
5165
5166
5168
5169
5170
5173
5174
5175
5177
5178
5179
5180
5186
5190
5191
5192
5194
5196
5198
5200
5202
5205
5207
5208
5211
5212
5213
5215
5216
5219
5220
5221
5224
5226
5227
5228
5230
5232
5233
5234
5237
5238
5239
5240
5241
5242
5243
5246
5249
5250
5251
5252
5254
5256
5259
5262
5263
5264
5265
5266
5267
5268
5270
5273
5274
5275
5276
5277
5282
5284
5285
5288
5289
5290
5291
5292
5293
5294
5295
5300
5301
5302
5304
5305
5307
5308
5309
5312
5314
5315
5316
5317
5318
5319
5320
5324
5331
5332
5333
5334
5335
5336
5337
5338
5339
5340
5341
5342
5343
5344
5345
5347
5351
5352
5353
5354
5355
5356
5357
5358
5360
5361
5362
5364
5365
5367
5369
5370
5374
5375
5378
5379
5380
5381
5382
5385
5387
5389
5391
5394
5395
5396
5400
5402
5403
5404
5406
5407
5410
5411
5412
5415
5416
5419
5422
5423
5425
5426
5428
5430
5432
5433
5434
5435
5436
5437
5440
5442
5443
5444
5445
5446
5448
5449
5451
5453
5454
5455
5456
5458
5459
5460
5461
5462
5463
5464
5465
5466
5468
5471
5472
5474
5475
5477
5479
5480
5481
5483
5485
5489
5490
5491
5492
5495
5498
5499
5500
5501
5504
5505
5507
5509
5511
5512
5515
5516
5518
5519
5521
5522
5523
5525
5526
5530
5531
5532
5533
5534
5536
5538
5539
5540
5542
5543
5546
5548
5549
5550
5552
5553
5556
5557
5561
5564
5565
5567
5568
5570
5572
5573
5575
5576
5577
5580
5582
5583
5584
5587
5588
5589
5590
5591
5592
5593
5595
5596
5597
5598
5600
5601
5602
5603
5604
5605
5608
5613
5615
5616
5617
5619
5621
5622
5623
5626
5627
5628
5631
5632
5633
5634
5635
5636
5637
5640
5642
5644
5645
5648
5650
5651
5654
5655
5656
5657
5658
5660
5661
5662
5663
5664
5665
5666
5668
5669
5671
5672
5673
5674
5675
5677
5678
5680
5682
5684
5685
5686
5687
5688
5689
5690
5692
5696
5697
5698
5699
5702
5703
5704
5705
5706
5709
5710
5712
5715
5716
5721
5723
5724
5725
5726
5727
5728
5729
5730
5731
5732
5733
5737
5738
5739
5740
5741
5742
5744
5746
5748
5749
5751
5752
5754
5755
5756
5757
5758
5760
5761
5763
5766
5768
5769
5771
5772
5774
5776
5777
5780
5781
5783
5784
5785
5786
5789
5790
5791
5792
5793
5797
5800
5801
5802
5804
5807
5809
5811
5812
5813
5815
5817
5818
5820
5821
5822
5823
5826
5827
5831
5832
5836
5838
5839
5840
5843
5844
5846
5847
5849
5850
5851
5852
5854
5856
5857
5858
5859
5861
5862
5865
5869
5871
5872
5873
5875
5877
5878
5880
5882
5884
5885
5887
5888
5891
5893
5894
5895
5897
5898
5899
5900
5901
5902
5904
5905
5906
5907
5908
5909
5910
5911
5912
5913
5914
5915
5918
5919
5920
5923
5924
5925
5926
5927
5928
5931
5932
5935
5938
5940
5941
5942
5943
5944
5945
5947
5949
5952
5953
5954
5955
5957
5958
5959
5961
5962
5963
5965
5966
5968
5969
5970
5972
5974
5975
5979
5980
5983
5984
5986
5990
5991
5992
5994
5996
6000
6003
6006
6007
6008
6009
6012
6014
6015
6019
6020
6022
6023
6027
6029
6033
6034
6036
6038
6039
6040
6041
6042
6043
6046
6047
6048
6049
6051
6052
6053
6056
6059
6062
6063
6064
6065
6068
6069
6071
6072
6076
6077
6078
6079
6083
6084
6085
6087
6088
6090
6095
6097
6098
6100
6101
6102
6103
6105
6106
6108
6110
6113
6114
6115
6116
6117
6118
6119
6120
6121
6123
6128
6132
6133
6134
6135
6137
6138
6146
6148
6149
6151
6153
6154
6157
6159
6160
6162
6163
6164
6165
6166
6173
6175
6176
6177
6186
6187
6190
6191
6192
6194
6195
6196
6197
6198
6199
6205
6207
6209
6211
6212
6213
6214
6215
6217
6218
6219
6220
6221
6224
6225
6226
6229
6230
6235
6236
6237
6238
6239
6242
6243
6244
6246
6247
6250
6251
6253
6254
6256
6257
6258
6260
6262
6264
6265
6266
6268
6269
6270
6271
6273
6274
6276
6277
6278
6284
6289
6290
6291
6292
6294
6295
6297
6300
6301
6302
6304
6306
6311
6312
6313
6314
6315
6319
6322
6326
6328
6329
6333
6335
6338
6339
6340
6341
6343
6345
6346
6348
6349
6350
6351
6352
6353
6355
6356
6359
6363
6366
6368
6370
6371
6373
6374
6377
6379
6380
6383
6384
6386
6388
6389
6392
6396
6397
6399
6400
6401
6402
6403
6405
6413
6414
6415
6417
6418
6419
6421
6422
6426
6429
6431
6432
6433
6435
6436
6437
6438
6447
6450
6451
6452
6455
6460
6462
6463
6465
6466
6468
6470
6471
6472
6476
6484
6485
6488
6489
6491
6492
6493
6500
6501
6502
6504
6505
6507
6511
6512
6513
6514
6515
6517
6524
6526
6528
6529
6531
6532
6533
6536
6541
6547
6548
6551
6552
6553
6558
6559
6560
6561
6564
6568
6569
6572
6573
6575
6576
6579
6584
6585
6588
6589
6590
6591
6592
6593
6594
6596
6597
6600
6601
6603
6604
6605
6606
6608
6610
6612
6615
6617
6618
6619
6620
6622
6624
6626
6627
6629
6630
6631
6632
6633
6634
6637
6638
6639
6640
6643
6644
6645
6647
6649
6650
6653
6654
6655
6657
6658
6660
6662
6666
6667
6668
6670
6673
6674
6675
6676
6679
6681
6683
6687
6689
6691
6692
6693
6694
6695
6700
6702
6703
6704
6705
6706
6707
6708
6709
6711
6712
6714
6715
6716
6717
6718
6719
6722
6725
6726
6727
6730
6731
6732
6735
6736
6737
6739
6741
6742
6743
6745
6746
6751
6752
6754
6755
6759
6760
6762
6763
6764
6765
6767
6768
6769
6770
6772
6773
6774
6776
6777
6778
6779
6780
6781
6785
6787
6788
6789
6793
6798
6799
6800
6802
6804
6806
6807
6809
6817
6819
6820
6822
6823
6825
6829
6830
6834
6837
6839
6840
6843
6846
6848
6849
6854
6855
6856
6857
6862
6863
6864
6865
6866
6869
6872
6875
6876
6877
6878
6879
6881
6883
6884
6885
6886
6891
6892
6893
6895
6896
6897
6899
6904
6905
6906
6907
6908
6910
6911
6912
6914
6916
6918
6920
6921
6924
6925
6926
6928
6930
6931
6932
6934
6935
6940
6946
6947
6948
6950
6952
6953
6954
6955
6956
6961
6962
6963
6965
6966
6968
6970
6972
6973
6974
6975
6976
6982
6986
6987
6988
6989
6990
6991
6992
6993
6995
6996
6997
6998
7000
7001
7002
7004
7005
7006
7008
7010
7012
7013
7014
7016
7018
7019
7020
7021
7022
7023
7024
7025
7026
7029
7030
7032
7033
7037
7038
7040
7042
7045
7046
7049
7050
7051
7053
7054
7056
7059
7062
7063
7065
7066
7068
7069
7071
7076
7077
7078
7079
7080
7081
7082
7083
7085
7087
7088
7090
7092
7098
7099
7100
7101
7103
7104
7105
7106
7107
7111
7112
7114
7115
7116
7119
7120
7121
7123
7126
7129
7131
7132
7133
7134
7136
7138
7139
7140
7141
7143
7145
7146
7147
7148
7149
7150
7154
7156
7158
7159
7160
7162
7163
7165
7166
7168
7169
7170
7171
7173
7175
7176
7177
7178
7182
7184
7185
7186
7187
7191
7192
7194
7195
7196
7197
7198
7199
7200
7205
7208
7211
7212
7215
7219
7221
7222
7225
7226
7228
7229
7231
7233
7234
7235
7236
7239
7241
7242
7245
7248
7250
7251
7252
7253
7254
7255
7257
7261
7263
7264
7267
7270
7271
7272
7274
7275
7277
7279
7283
7285
7286
7287
7288
7289
7290
7291
7293
7294
7295
7296
7298
7300
7301
7302
7303
7308
7312
7313
7314
7316
7318
7319
7321
7322
7323
7325
7326
7330
7332
7333
7334
7340
7341
7342
7343
7348
7349
7350
7351
7353
7354
7356
7357
7358
7359
7360
7362
7364
7366
7367
7368
7369
7371
7372
7373
7374
7376
7377
7378
7379
7380
7381
7384
7385
7386
7387
7391
7395
7396
7399
7400
7401
7406
7408
7411
7414
7416
7417
7418
7419
7420
7423
7424
7426
7427
7428
7430
7432
7433
7435
7436
7437
7438
7439
7442
7444
7448
7450
7451
7452
7454
7456
7460
7461
7462
7463
7464
7466
7468
7469
7470
7471
7473
7475
7477
7478
7479
7480
7482
7485
7486
7487
7488
7489
7490
7492
7493
7494
7495
7496
7499
7500
7501
7503
7504
7509
7510
7512
7515
7516
7517
7521
7522
7523
7525
7526
7529
7530
7532
7535
7536
7537
7539
7540
7542
7543
7545
7546
7547
7549
7553
7554
7557
7558
7559
7560
7561
7565
7566
7567
7569
7570
7571
7572
7573
7575
7576
7579
7580
7581
7583
7584
7585
7591
7592
7593
7598
7599
7600
7604
7605
7608
7609
7610
7611
7612
7613
7614
7615
7616
7617
7619
7621
7622
7623
7625
7626
7627
7628
7629
7631
7632
7634
7635
7637
7638
7639
7641
7642
7644
7647
7649
7655
7657
7658
7659
7661
7664
7665
7667
7670
7673
7676
7677
7678
7680
7681
7682
7683
7684
7687
7688
7693
7694
7695
7696
7698
7699
7700
7701
7702
7704
7705
7710
7711
7713
7714
7715
7718
7719
7720
7722
7724
7725
7726
7728
7730
7733
7734
7735
7738
7740
7742
7743
7744
7747
7748
7750
7752
7754
7755
7758
7759
7761
7762
7763
7765
7766
7769
7774
7775
7776
7777
7778
7781
7783
7784
7786
7787
7789
7791
7793
7794
7795
7796
7797
7798
7801
7804
7806
7810
7811
7814
7815
7816
7817
7818
7820
7825
7827
7830
7831
7833
7834
7835
7836
7838
7839
7840
7841
7842
7843
7844
7845
7846
7847
7848
7849
7850
7851
7852
7854
7856
7859
7861
7863
7864
7865
7866
7867
7872
7873
7874
7875
7876
7877
7878
7881
7882
7888
7889
7890
7891
7895
7897
7899
7903
7904
7906
7907
7909
7910
7911
7912
7917
7918
7921
7923
7925
7928
7929
7930
7932
7934
7937
7938
7940
7941
7942
7943
7945
7946
7951
7952
7953
7954
7955
7957
7958
7959
7960
7962
7963
7966
7968
7969
7972
7974
7975
7976
7977
7979
7980
7981
7982
7984
7985
7987
7988
7991
7992
7993
7995
7996
7997
7999
8002
8003
8004
8005
8008
8009
8010
8011
8012
8014
8015
8018
8023
8024
8026
8028
8029
8030
8032
8033
8034
8035
8036
8038
8041
8044
8045
8047
8048
8049
8051
8053
8054
8055
8056
8057
8058
8059
8062
8064
8066
8067
8068
8069
8071
8072
8073
8076
8077
8078
8080
8081
8085
8086
8088
8089
8090
8091
8092
8093
8096
8100
8102
8103
8104
8105
8106
8107
8108
8109
8110
8111
8113
8115
8117
8118
8119
8124
8126
8129
8130
8134
8135
8136
8137
8138
8139
8140
8141
8143
8144
8147
8148
8149
8150
8151
8152
8154
8156
8157
8159
8160
8162
8163
8165
8166
8168
8171
8173
8174
8175
8177
8179
8180
8184
8185
8187
8188
8189
8190
8191
8193
8194
8195
8196
8199
8200
8202
8203
8204
8207
8209
8210
8213
8214
8215
8217
8219
8220
8221
8222
8223
8224
8226
8228
8229
8230
8231
8235
8238
8239
8240
8241
8242
8243
8245
8249
8250
8251
8252
8253
8255
8256
8259
8260
8262
8268
8269
8270
8272
8273
8275
8276
8277
8278
8279
8280
8281
8283
8286
8287
8288
8290
8292
8293
8294
8297
8298
8301
8302
8305
8306
8307
8309
8311
8315
8316
8318
8320
8321
8323
8325
8327
8330
8331
8334
8336
8339
8340
8343
8345
8347
8348
8349
8350
8352
8353
8354
8355
8356
8362
8363
8364
8367
8368
8369
8370
8372
8373
8374
8376
8380
8383
8385
8386
8390
8391
8392
8393
8394
8396
8397
8400
8401
8403
8404
8405
8406
8408
8409
8410
8413
8415
8417
8418
8419
8421
8423
8426
8427
8428
8430
8431
8433
8437
8439
8440
8442
8443
8444
8446
8449
8453
8455
8456
8459
8462
8463
8465
8466
8471
8476
8477
8478
8479
8480
8481
8484
8488
8489
8494
8497
8498
8499
8501
8502
8504
8508
8509
8512
8514
8515
8516
8517
8518
8520
8522
8523
8524
8525
8526
8527
8529
8530
8533
8534
8535
8538
8539
8540
8542
8543
8545
8547
8548
8549
8550
8551
8553
8554
8555
8556
8557
8558
8560
8562
8565
8567
8569
8574
8576
8578
8584
8590
8591
8592
8594
8595
8596
8599
8601
8604
8607
8610
8613
8614
8615
8618
8622
8625
8626
8627
8629
8631
8632
8636
8638
8642
8643
8645
8650
8652
8653
8656
8658
8659
8662
8666
8667
8670
8672
8674
8679
8681
8682
8684
8685
8686
8687
8689
8690
8691
8693
8694
8695
8696
8697
8699
8700
8701
8702
8704
8705
8706
8708
8709
8712
8714
8721
8722
8725
8728
8729
8730
8731
8733
8734
8735
8736
8737
8738
8739
8743
8744
8745
8746
8747
8748
8750
8753
8755
8757
8758
8760
8761
8763
8765
8767
8768
8770
8771
8774
8775
8778
8779
8782
8783
8786
8787
8788
8789
8792
8793
8794
8795
8798
8801
8804
8809
8810
8812
8815
8816
8820
8821
8823
8824
8826
8827
8828
8831
8832
8833
8834
8835
8837
8840
8842
8844
8846
8847
8848
8849
8850
8852
8853
8855
8857
8859
8862
8867
8868
8869
8870
8871
8872
8873
8875
8879
8880
8881
8882
8883
8884
8885
8886
8888
8890
8891
8892
8893
8896
8897
8900
8903
8905
8909
8910
8912
8913
8914
8917
8920
8923
8925
8926
8927
8928
8929
8930
8934
8935
8939
8940
8941
8942
8945
8946
8949
8951
8955
8958
8960
8961
8963
8964
8966
8968
8970
8971
8973
8974
8976
8979
8980
8981
8983
8986
8987
8988
8989
8990
8991
8992
8998
8999
9001
9002
9003
9004
9007
9009
9012
9013
9014
9015
9018
9019
9020
9022
9028
9029
9030
9032
9036
9037
9038
9040
9041
9043
9044
9045
9046
9050
9052
9053
9055
9056
9058
9059
9060
9061
9062
9063
9064
9065
9067
9073
9075
9078
9079
9081
9082
9083
9084
9085
9086
9089
9090
9091
9092
9094
9096
9097
9098
9100
9101
9102
9104
9110
9111
9112
9115
9116
9119
9120
9121
9122
9123
9126
9129
9130
9131
9133
9135
9136
9139
9141
9143
9145
9146
9149
9150
9152
9153
9158
9159
9160
9161
9163
9164
9165
9166
9167
9168
9169
9170
9171
9173
9178
9179
9181
9182
9184
9185
9186
9187
9188
9192
9195
9197
9198
9199
9202
9204
9207
9208
9209
9210
9215
9216
9219
9222
9223
9224
9227
9228
9231
9232
9234
9235
9236
9237
9238
9239
9240
9242
9243
9245
9246
9247
9248
9249
9250
9253
9254
9255
9258
9259
9261
9268
9269
9271
9273
9275
9277
9279
9280
9282
9283
9284
9286
9287
9291
9293
9296
9298
9303
9306
9307
9309
9311
9312
9313
9314
9316
9317
9319
9321
9326
9327
9328
9331
9336
9338
9340
9342
9343
9344
9347
9348
9349
9350
9353
9354
9356
9357
9358
9362
9368
9369
9371
9372
9375
9376
9377
9381
9383
9385
9386
9388
9389
9390
9391
9393
9395
9398
9401
9402
9406
9407
9408
9409
9410
9412
9413
9414
9415
9416
9418
9419
9420
9421
9422
9423
9427
9428
9429
9430
9432
9433
9434
9437
9440
9442
9444
9447
9449
9450
9452
9453
9454
9455
9456
9459
9460
9462
9463
9464
9465
9467
9468
9469
9475
9476
9485
9488
9491
9492
9493
9498
9500
9501
9502
9503
9508
9509
9510
9511
9512
9513
9514
9515
9517
9518
9519
9522
9524
9525
9526
9527
9528
9530
9531
9535
9536
9538
9539
9541
9542
9544
9546
9547
9550
9551
9555
9556
9557
9558
9560
9561
9563
9567
9568
9570
9571
9572
9574
9575
9576
9577
9579
9580
9581
9582
9586
9587
9588
9589
9590
9591
9593
9596
9598
9602
9604
9609
9612
9614
9617
9618
9619
9620
9622
9625
9626
9627
9629
9630
9631
9632
9633
9634
9635
9636
9638
9639
9640
9642
9645
9648
9649
9651
9652
9653
9654
9661
9662
9663
9667
9668
9670
9672
9673
9674
9676
9682
9684
9687
9688
9689
9690
9691
9693
9696
9698
9699
9700
9701
9704
9705
9706
9709
9710
9713
9714
9715
9716
9717
9719
9720
9721
9722
9723
9726
9727
9728
9732
9733
9736
9741
9742
9743
9744
9746
9747
9749
9750
9751
9753
9758
9761
9762
9764
9766
9768
9771
9773
9775
9776
9778
9780
9782
9783
9784
9786
9787
9788
9789
9790
9791
9792
9793
9796
9797
9798
9799
9800
9802
9803
9804
9805
9806
9808
9810
9812
9813
9814
9816
9817
9819
9820
9822
9824
9829
9830
9833
9835
9838
9839
9841
9842
9844
9845
9847
9848
9850
9855
9856
9857
9858
9860
9861
9864
9865
9866
9868
9869
9870
9876
9878
9879
9880
9883
9884
9885
9887
9888
9889
9890
9892
9893
9894
9895
9898
9899
9901
9905
9906
9907
9909
9910
9912
9913
9914
9915
9916
9917
9919
9920
9921
9922
9923
9924
9925
9926
9928
9931
9932
9933
9934
9935
9936
9937
9938
9941
9943
9945
9947
9949
9951
9952
9953
9954
9956
9957
9958
9960
9961
9965
9967
9968
9969
9970
9971
9974
9979
9981
9983
9984
9985
9986
9987
9989
9993
9996
9997
10001
10003
10004
10005
10006
10007
10008
10009
10010
10011
10014
10015
10017
10022
10023
10024
10025
10026
10027
10028
10029
10030
10031
10037
10040
10042
10043
10044
10045
10047
10048
10049
10050
10053
10054
10055
10056
10058
10059
10060
10062
10063
10067
10071
10073
10074
10075
10077
10078
10082
10083
10084
10085
10086
10087
10089
10090
10092
10094
10096
10098
10100
10101
10104
10105
10108
10109
10110
10112
10113
10115
10118
10119
10121
10122
10123
10124
10125
10127
10131
10133
10134
10135
10136
10138
10139
10140
10141
10142
10143
10144
10145
10146
10147
10149
10151
10152
10155
10157
10158
10161
10162
10163
10164
10166
10168
10170
10171
10173
10174
10175
10176
10177
10178
10179
10182
10183
10184
10185
10187
10188
10190
10191
10192
10194
10197
10199
10200
10201
10202
10204
10206
10207
10208
10209
10210
10211
10213
10215
10216
10217
10218
10220
10227
10228
10229
10230
10231
10232
10234
10235
10236
10238
10239
10240
10244
10245
10246
10251
10252
10255
10258
10260
10261
10265
10267
10268
10269
10270
10271
10272
10273
10274
10275
10277
10278
10280
10281
10282
10283
10284
10286
10289
10291
10292
10293
10294
10296
10297
10298
10299
10300
10301
10302
10303
10305
10307
10308
10309
10310
10311
10313
10314
10315
10316
10317
10321
10322
10324
10325
10328
10329
10331
10332
10333
10336
10338
10339
10340
10342
10343
10345
10346
10347
10348
10353
10355
10357
10358
10359
10360
10361
10363
10364
10367
10368
10369
10375
10376
10377
10378
10379
10380
10381
10384
10386
10387
10390
10391
10392
10394
10397
10398
10400
10401
10402
10403
10405
10406
10408
10409
10410
10411
10413
10414
10415
10417
10419
10420
10421
10422
10423
10425
10427
10428
10429
10432
10433
10434
10435
10436
10438
10439
10440
10442
10443
10444
10445
10447
10448
10449
10450
10451
10452
10453
10455
10457
10458
10460
10461
10462
10463
10464
10465
10469
10473
10474
10475
10477
10478
10481
10483
10484
10485
10486
10490
10493
10495
10496
10501
10502
10503
10504
10505
10507
10508
10513
10514
10515
10516
10517
10519
10520
10521
10522
10525
10526
10529
10531
10536
10537
10538
10539
10541
10543
10544
10546
10547
10549
10551
10553
10554
10556
10557
10559
10561
10562
10563
10564
10566
10567
10569
10570
10572
10573
10575
10576
10577
10578
10579
10580
10584
10586
10588
10589
10590
10591
10593
10594
10595
10596
10597
10601
10604
10605
10607
10609
10610
10611
10613
10614
10616
10617
10620
10621
10622
10624
10625
10627
10628
10629
10630
10631
10635
10636
10637
10639
10640
10641
10642
10644
10647
10649
10650
10651
10652
10653
10654
10656
10657
10658
10659
10660
10661
10663
10667
10668
10670
10671
10672
10673
10674
10675
10676
10678
10680
10682
10683
10684
10685
10686
10688
10689
10692
10693
10695
10697
10698
10699
10700
10702
10703
10704
10705
10706
10707
10709
10712
10714
10715
10716
10717
10718
10720
10722
10723
10724
10725
10726
10730
10732
10734
10735
10736
10740
10742
10743
10744
10745
10746
10747
10748
10749
10750
10752
10753
10754
10755
10757
10759
10760
10762
10765
10766
10767
10768
10769
10770
10771
10772
10773
10774
10775
10777
10778
10781
10782
10783
10785
10786
10788
10789
10790
10792
10795
10796
10797
10799
10800
10801
10802
10803
10804
10806
10807
10808
10811
10812
10813
10814
10815
10816
10818
10821
10822
10823
10825
10827
10829
10830
10831
10834
10835
10836
10837
10839
10841
10842
10845
10846
10847
10848
10850
10852
10853
10854
10856
10857
10859
10860
10861
10862
10865
10868
10869
10870
10871
10872
10873
10874
10875
10876
10878
10879
10880
10882
10884
10887
10888
10893
10894
10896
10898
10899
10902
10905
10906
10907
10910
10911
10914
10915
10916
10917
10919
10920
10924
10925
10927
10928
10930
10932
10934
10935
10936
10938
10939
10940
10942
10944
10945
10946
10948
10952
10955
10956
10957
10958
10959
10960
10961
10962
10963
10964
10965
10966
10967
10969
10971
10972
10973
10974
10976
10980
10982
10983
10984
10985
10986
10987
10988
10989
10990
10993
10994
10996
10997
10998
10999
11000
11002
11003
11004
11005
11006
11007
11008
11009
11015
11016
11018
11019
11020
11021
11022
11024
11026
11027
11028
11029
11031
11032
11033
11034
11035
11037
11039
11040
11042
11043
11045
11046
11050
11052
11054
11058
11061
11063
11065
11066
11067
11069
11071
11072
11073
11074
11075
11079
11080
11081
11082
11085
11087
11088
11090
11094
11098
11100
11101
11102
11105
11106
11112
11113
11114
11115
11116
11117
11119
11121
11122
11123
11125
11126
11127
11128
11129
11131
11132
11134
11136
11137
11138
11140
11142
11144
11146
11151
11152
11153
11154
11155
11159
11160
11161
11162
11163
11166
11167
11168
11169
11170
11171
11172
11175
11176
11177
11179
11181
11183
11184
11185
11186
11187
11190
11192
11193
11194
11195
11196
11197
11200
11201
11202
11203
11205
11206
11208
11209
11210
11212
11214
11215
11216
11217
11218
11219
11221
11223
11224
11225
11227
11229
11230
11233
11236
11237
11242
11243
11247
11254
11257
11258
11259
11260
11261
11263
11264
11266
11268
11271
11274
11276
11278
11279
11280
11282
11283
11286
11288
11290
11292
11294
11297
11298
11299
11301
11302
11305
11307
11308
11310
11313
11314
11316
11317
11318
11319
11320
11321
11323
11324
11325
11329
11331
11333
11336
11338
11339
11340
11341
11342
11343
11347
11348
11350
11351
11352
11353
11354
11356
11357
11358
11359
11360
11361
11362
11366
11368
11370
11371
11373
11375
11376
11379
11380
11382
11384
11385
11388
11389
11392
11394
11395
11397
11399
11402
11403
11404
11406
11409
11410
11412
11415
11416
11417
11418
11419
11420
11422
11423
11424
11428
11429
11430
11434
11437
11438
11442
11443
11445
11446
11447
11448
11450
11452
11453
11454
11456
11460
11461
11462
11463
11466
11467
11468
11470
11473
11474
11475
11476
11477
11478
11480
11483
11484
11485
11486
11488
11492
11493
11496
11498
11499
11500
11502
11503
11504
11505
11506
11507
11508
11510
11511
11512
11513
11514
11518
11519
11520
11523
11526
11528
11529
11531
11533
11534
11536
11537
11538
11542
11544
11546
11547
11548
11549
11551
11552
11553
11556
11557
11558
11559
11560
11561
11562
11563
11564
11565
11567
11568
11570
11571
11572
11573
11574
11576
11578
11579
11580
11581
11582
11583
11585
11587
11588
11590
11593
11596
11599
11600
11601
11602
11603
11607
11609
11610
11612
11614
11616
11617
11618
11619
11620
11621
11622
11624
11627
11628
11629
11630
11631
11633
11634
11635
11636
11637
11638
11642
11643
11645
11646
11650
11651
11652
11653
11654
11655
11656
11657
11659
11662
11663
11664
11665
11666
11668
11669
11670
11673
11674
11677
11679
11680
11682
11684
11685
11687
11688
11689
11690
11691
11692
11693
11694
11695
11698
11699
11700
11701
11702
11703
11704
11709
11711
11712
11713
11715
11717
11718
11720
11721
11722
11723
11724
11725
11726
11727
11728
11729
11731
11733
11734
11735
11737
11740
11741
11743
11747
11750
11751
11752
11756
11757
11758
11759
11760
11762
11766
11767
11768
11769
11771
11772
11773
11774
11775
11777
11778
11779
11780
11782
11784
11786
11787
11791
11792
11795
11796
11797
11798
11799
11800
11801
11802
11807
11810
11812
11813
11814
11815
11817
11821
11822
11823
11824
11828
11829
11832
11833
11834
11835
11836
11837
11838
11840
11843
11844
11845
11847
11848
11852
11856
11857
11858
11859
11860
11863
11864
11868
11870
11872
11873
11874
11875
11876
11877
11878
11879
11883
11884
11886
11890
11891
11892
11894
11895
11899
11900
11902
11903
11904
11905
11906
11911
11912
11913
11914
11915
11916
11918
11921
11922
11923
11925
11926
11927
11929
11931
11932
11933
11934
11935
11936
11939
11940
11941
11944
11945
11946
11948
11949
11950
11951
11953
11954
11955
11957
11960
11961
11962
11965
11967
11969
11970
11971
11975
11977
11980
11982
11984
11985
11987
11988
11989
11990
11992
11993
11995
11996
11997
11999
12003
12005
12006
12007
12008
12010
12011
12014
12017
12018
12019
12021
12022
12023
12024
12025
12026
12027
12028
12030
12031
12033
12034
12035
12036
12037
12038
12039
12040
12041
12043
12044
12046
12047
12048
12049
12050
12051
12053
12055
12057
12058
12061
12063
12065
12067
12069
12072
12073
12075
12076
12079
12080
12081
12083
12085
12086
12087
12090
12091
12092
12094
12095
12097
12098
12099
12103
12110
12112
12114
12117
12118
12119
12120
12121
12122
12125
12126
12129
12131
12132
12135
12137
12139
12140
12142
12143
12145
12147
12149
12150
12151
12153
12154
12156
12158
12161
12166
12167
12171
12172
12173
12174
12175
12177
12178
12181
12182
12183
12184
12186
12190
12191
12192
12195
12196
12197
12198
12199
12202
12203
12204
12206
12208
12209
12210
12212
12214
12215
12217
12219
12220
12221
12223
12227
12230
12231
12235
12236
12237
12238
12239
12240
12241
12242
12243
12244
12249
12250
12253
12255
12256
12257
12260
12261
12262
12263
12264
12265
12266
12267
12269
12271
12272
12275
12278
12279
12280
12282
12284
12286
12289
12291
12292
12296
12298
12300
12302
12303
12304
12308
12309
12310
12313
12314
12315
12316
12317
12318
12319
12320
12321
12322
12323
12326
12328
12329
12330
12331
12332
12337
12338
12339
12340
12342
12343
12346
12348
12349
12350
12351
12352
12353
12356
12358
12359
12361
12362
12364
12366
12369
12370
12371
12373
12375
12376
12377
12381
12382
12383
12386
12387
12388
12390
12391
12396
12397
12398
12399
12400
12401
12402
12403
12404
12407
12410
12411
12412
12413
12414
12418
12419
12420
12421
12422
12423
12426
12430
12431
12432
12435
12436
12439
12442
12443
12444
12447
12449
12452
12454
12455
12456
12457
12458
12460
12461
12463
12465
12466
12467
12468
12471
12472
12473
12475
12476
12479
12480
12481
12482
12484
12485
12488
12489
12491
12495
12496
12498
12502
12503
12504
12505
12508
12514
12518
12519
12520
12521
12523
12524
12525
12526
12529
12531
12532
12534
12535
12537
12543
12546
12548
12550
12551
12552
12553
12556
12557
12558
12559
12561
12562
12563
12571
12573
12574
12575
12577
12578
12579
12580
12581
12583
12585
12587
12589
12590
12591
12595
12596
12599
12600
12601
12602
12605
12606
12607
12609
12610
12611
12612
12613
12615
12616
12617
12618
12619
12621
12622
12623
12626
12627
12628
12629
12631
12633
12635
12636
12638
12639
12640
12641
12644
12645
12647
12649
12650
12651
12652
12653
12654
12656
12657
12659
12660
12664
12666
12667
12668
12670
12671
12672
12673
12680
12685
12687
12688
12692
12693
12701
12702
12703
12706
12709
12710
12712
12715
12717
12718
12721
12724
12727
12728
12729
12730
12731
12732
12733
12735
12736
12737
12738
12739
12740
12742
12743
12747
12748
12750
12751
12754
12755
12757
12759
12760
12762
12764
12765
12766
12767
12769
12774
12775
12776
12777
12778
12779
12782
12784
12785
12787
12788
12790
12791
12792
12794
12795
12796
12800
12801
12802
12804
12805
12807
12809
12810
12814
12815
12816
12817
12818
12819
12820
12821
12823
12827
12828
12829
12830
12831
12832
12834
12836
12837
12838
12840
12843
12845
12847
12848
12851
12852
12853
12854
12857
12859
12860
12864
12865
12866
12867
12868
12869
12870
12871
12872
12873
12874
12875
12876
12877
12878
12879
12882
12883
12885
12886
12887
12889
12891
12892
12893
12894
12897
12898
12899
12901
12902
12904
12905
12908
12911
12912
12913
12915
12921
12927
12929
12930
12931
12932
12933
12936
12937
12939
12940
12942
12945
12946
12947
12948
12949
12950
12951
12952
12953
12955
12956
12957
12959
12960
12961
12962
12963
12964
12965
12969
12970
12972
12973
12974
12975
12976
12977
12978
12979
12980
12982
12983
12985
12986
12989
12991
12993
12998
12999
13001
13003
13007
13010
13011
13014
13015
13016
13017
13018
13020
13021
13024
13025
13026
13027
13028
13030
13035
13036
13038
13039
13040
13042
13043
13044
13046
13047
13049
13054
13056
13058
13063
13065
13067
13072
13074
13075
13079
13080
13081
13082
13084
13085
13086
13088
13089
13090
13091
13092
13093
13094
13095
13096
13098
13100
13102
13104
13108
13109
13110
13111
13113
13114
13115
13118
13119
13120
13121
13122
13123
13125
13128
13129
13130
13132
13134
13135
13137
13138
13140
13141
13143
13144
13145
13149
13150
13152
13153
13155
13157
13158
13159
13160
13161
13162
13163
13164
13165
13166
13170
13172
13173
13174
13175
13176
13177
13179
13181
13183
13184
13185
13187
13188
13190
13192
13194
13196
13198
13199
13200
13205
13207
13209
13210
13213
13215
13216
13217
13218
13219
13220
13222
13223
13227
13228
13229
13230
13232
13234
13235
13236
13239
13240
13241
13242
13243
13244
13245
13248
13249
13250
13254
13258
13259
13260
13264
13265
13266
13267
13268
13270
13273
13274
13275
13276
13278
13279
13280
13281
13282
13283
13287
13288
13289
13290
13296
13297
13299
13301
13302
13303
13305
13307
13311
13313
13318
13319
13322
13323
13324
13328
13329
13337
13339
13341
13342
13344
13345
13346
13348
13349
13351
13352
13354
13356
13358
13359
13360
13361
13362
13363
13364
13365
13366
13370
13371
13373
13378
13379
13381
13382
13387
13389
13391
13392
13393
13394
13396
13397
13398
13399
13400
13401
13402
13403
13404
13408
13411
13415
13416
13419
13420
13421
13423
13424
13427
13428
13431
13432
13433
13435
13436
13437
13439
13440
13441
13443
13447
13448
13449
13450
13451
13452
13453
13454
13455
13456
13458
13460
13464
13465
13468
13472
13473
13474
13475
13476
13478
13479
13480
13483
13484
13485
13487
13488
13489
13496
13497
13498
13499
13500
13501
13502
13504
13505
13506
13507
13508
13509
13510
13511
13513
13516
13517
13519
13521
13523
13525
13527
13530
13531
13533
13534
13535
13536
13541
13543
13545
13547
13548
13550
13552
13554
13555
13556
13561
13562
13563
13564
13565
13567
13568
13569
13571
13572
13573
13576
13578
13579
13580
13581
13583
13584
13585
13586
13592
13594
13596
13597
13599
13600
13602
13605
13607
13608
13609
13611
13613
13614
13615
13616
13618
13620
13622
13627
13629
13631
13634
13638
13640
13644
13645
13646
13649
13651
13652
13653
13654
13655
13658
13659
13661
13663
13667
13668
13669
13670
13671
13674
13675
13676
13679
13683
13687
13688
13689
13690
13693
13695
13696
13697
13698
13699
13700
13705
13706
13708
13712
13714
13718
13719
13720
13722
13723
13724
13725
13727
13728
13729
13731
13732
13733
13734
13735
13739
13740
13742
13746
13747
13748
13751
13753
13754
13757
13760
13762
13763
13768
13769
13770
13771
13772
13774
13775
13777
13780
13781
13783
13784
13786
13787
13788
13789
13790
13791
13795
13798
13799
13801
13802
13804
13806
13808
13809
13810
13811
13814
13816
13817
13818
13819
13821
13822
13823
13826
13828
13830
13831
13833
13834
13836
13837
13840
13841
13842
13845
13848
13849
13850
13853
13854
13856
13857
13858
13859
13860
13861
13862
13864
13865
13868
13870
13871
13873
13875
13876
13879
13880
13882
13883
13884
13885
13886
13888
13889
13891
13892
13893
13897
13898
13900
13901
13902
13903
13907
13909
13910
13913
13916
13917
13918
13921
13923
13924
13925
13927
13928
13929
13930
13932
13933
13934
13936
13937
13938
13941
13943
13945
13946
13949
13950
13951
13952
13955
13956
13958
13960
13961
13963
13965
13966
13968
13969
13970
13971
13972
13974
13975
13976
13979
13980
13983
13984
13986
13988
13989
13996
13998
13999
14000
14001
14002
14004
14005
14006
14009
14010
14011
14014
14016
14018
14020
14022
14024
14025
14026
14027
14028
14030
14032
14033
14035
14042
14043
14045
14046
14048
14049
14050
14051
14052
14053
14054
14055
14056
14057
14058
14059
14060
14061
14062
14063
14068
14069
14070
14071
14072
14073
14074
14077
14079
14080
14081
14082
14083
14086
14087
14089
14091
14092
14094
14096
14097
14098
14099
14100
14103
14104
14105
14110
14111
14112
14113
14119
14121
14122
14125
14126
14133
14134
14137
14138
14139
14142
14143
14144
14147
14148
14149
14152
14153
14155
14156
14157
14159
14161
14163
14164
14165
14167
14171
14172
14173
14174
14175
14179
14180
14181
14184
14185
14188
14190
14192
14193
14194
14196
14197
14200
14202
14204
14206
14207
14208
14210
14211
14212
14213
14214
14218
14219
14220
14222
14223
14225
14226
14227
14228
14229
14231
14235
14236
14237
14239
14240
14241
14242
14244
14245
14249
14250
14251
14253
14254
14255
14256
14257
14258
14261
14262
14264
14268
14269
14272
14275
14281
14289
14293
14295
14300
14304
14305
14308
14309
14310
14313
14315
14317
14318
14322
14323
14324
14325
14326
14328
14329
14330
14331
14332
14333
14334
14335
14337
14339
14342
14343
14344
14346
14348
14349
14350
14351
14352
14353
14355
14358
14360
14361
14364
14367
14369
14370
14374
14375
14376
14377
14378
14380
14381
14382
14384
14386
14388
14390
14393
14394
14396
14397
14398
14401
14403
14405
14406
14408
14409
14410
14411
14412
14413
14415
14416
14418
14419
14420
14421
14422
14423
14424
14426
14427
14428
14429
14430
14432
14435
14436
14437
14438
14439
14440
14441
14445
14446
14447
14449
14453
14454
14456
14458
14462
14463
14465
14466
14467
14469
14470
14471
14472
14473
14474
14476
14477
14478
14485
14486
14487
14489
14490
14493
14494
14495
14496
14498
14500
14503
14506
14508
14511
14513
14514
14515
14516
14517
14518
14519
14521
14523
14524
14525
14528
14529
14530
14531
14533
14535
14536
14539
14540
14542
14545
14546
14548
14549
14550
14551
14554
14556
14557
14559
14560
14563
14566
14567
14572
14573
14574
14575
14579
14580
14582
14587
14592
14593
14596
14597
14599
14600
14602
14603
14604
14605
14606
14609
14610
14611
14612
14615
14618
14620
14623
14624
14625
14626
14629
14630
14631
14632
14633
14635
14643
14647
14648
14649
14654
14657
14659
14661
14662
14667
14668
14670
14671
14672
14673
14677
14678
14682
14683
14684
14686
14687
14688
14689
14692
14693
14694
14696
14697
14700
14701
14703
14706
14707
14708
14709
14710
14711
14714
14715
14716
14717
14718
14719
14720
14721
14724
14725
14727
14728
14729
14730
14732
14739
14741
14744
14745
14747
14748
14750
14751
14752
14755
14756
14758
14759
14760
14762
14764
14767
14770
14771
14772
14773
14774
14775
14776
14777
14778
14779
14781
14782
14784
14787
14788
14789
14792
14794
14796
14797
14798
14799
14800
14803
14808
14810
14812
14813
14814
14815
14819
14820
14821
14822
14823
14824
14825
14826
14827
14828
14829
14831
14832
14833
14837
14839
14840
14841
14842
14845
14847
14849
14850
14851
14852
14854
14857
14860
14861
14862
14864
14865
14866
14868
14869
14870
14871
14874
14878
14880
14881
14882
14883
14884
14885
14886
14887
14889
14892
14894
14895
14896
14897
14899
14900
14902
14904
14905
14906
14907
14909
14910
14911
14913
14914
14915
14916
14917
14918
14919
14920
14921
14922
14925
14926
14927
14928
14931
14932
14933
14935
14936
14937
14938
14940
14943
14944
14947
14950
14956
14960
14962
14963
14964
14965
14966
14967
14968
14969
14973
14976
14977
14980
14982
14984
14985
14986
14987
14989
14990
14993
14994
14995
14996
14997
14998
14999
15000
15002
15006
15007
15008
15009
15011
15012
15013
15017
15018
15019
15023
15024
15026
15028
15029
15033
15034
15037
15039
15041
15042
15044
15046
15048
15050
15054
15055
15060
15066
15067
15068
15071
15072
15073
15074
15075
15076
15077
15078
15080
15082
15083
15084
15085
15086
15087
15088
15089
15090
15092
15096
15097
15098
15099
15102
15103
15107
15108
15109
15110
15112
15114
15115
15116
15118
15119
15120
15127
15128
15129
15131
15132
15133
15134
15135
15137
15138
15139
15140
15141
15143
15144
15145
15146
15147
15148
15150
15151
15154
15155
15156
15157
15159
15161
15164
15168
15169
15170
15171
15172
15173
15174
15175
15176
15178
15180
15182
15187
15188
15189
15190
15191
15193
15195
15197
15200
15202
15203
15205
15209
15212
15213
15214
15215
15219
15225
15230
15231
15234
15235
15238
15239
15240
15241
15244
15248
15249
15250
15255
15256
15257
15258
15261
15263
15264
15265
15266
15269
15270
15271
15272
15276
15279
15281
15284
15287
15289
15290
15292
15293
15294
15297
15300
15301
15303
15304
15306
15310
15313
15314
15316
15322
15323
15325
15329
15331
15332
15333
15337
15339
15341
15343
15344
15346
15347
15348
15349
15352
15355
15356
15357
15358
15362
15363
15366
15369
15371
15373
15375
15376
15378
15379
15382
15383
15384
15385
15390
15391
15397
15400
15401
15404
15405
15406
15408
15409
15411
15412
15413
15416
15417
15418
15419
15421
15422
15424
15427
15428
15430
15434
15437
15439
15441
15442
15443
15446
15448
15449
15451
15452
15454
15455
15456
15460
15461
15463
15464
15466
15470
15472
15481
15482
15483
15485
15486
15489
15492
15494
15496
15497
15498
15499
15500
15501
15502
15507
15508
15509
15510
15511
15512
15513
15517
15518
15522
15524
15525
15532
15535
15537
15538
15539
15548
15549
15550
15551
15553
15554
15557
15558
15561
15562
15563
15564
15565
15572
15573
15574
15577
15578
15579
15583
15584
15587
15589
15590
15593
15595
15599
15600
15603
15604
15605
15607
15608
15609
15613
15618
15619
15623
15624
15626
15628
15629
15630
15634
15635
15636
15639
15640
15641
15643
15646
15647
15651
15653
15655
15656
15658
15659
15661
15662
15664
15667
15670
15676
15679
15680
15682
15683
15684
15686
15695
15697
15698
15702
15705
15707
15708
15709
15710
15714
15715
15716
15718
15720
15721
15722
15725
15729
15734
15735
15739
15741
15742
15751
15752
15754
15755
15756
15760
15762
15764
15765
15766
15767
15768
15769
15770
15771
15775
15777
15779
15781
15782
15784
15786
15789
15797
15798
15801
15802
15805
15806
15807
15811
15812
15814
15815
15816
15817
15821
15822
15824
15826
15827
15829
15831
15833
15834
15835
15837
15844
15846
15848
15849
15850
15855
15856
15857
15858
15860
15865
15866
15867
15869
15871
15874
15875
15877
15878
15879
15880
15883
15885
15888
15890
15892
15893
15894
15896
15899
15901
15902
15904
15906
15907
15908
15909
15912
15913
15914
15915
15917
15919
15921
15922
15925
15927
15929
15932
15933
15936
15937
15938
15940
15942
15946
15947
15949
15950
15951
15953
15954
15957
15958
15961
15963
15966
15967
15968
15971
15972
15973
15974
15976
15978
15985
15987
15989
15990
15992
15993
15995
15997
16000
16001
16003
16004
16005
16007
16009
16012
16013
16014
16015
16023
16024
16025
16029
16031
16032
16033
16034
16036
16037
16038
16040
16041
16045
16046
16049
16050
16055
16057
16058
16061
16063
16064
16065
16066
16067
16070
16071
16072
16075
16076
16078
16079
16080
16081
16086
16089
16093
16095
16096
16097
16098
16102
16103
16106
16111
16114
16115
16117
16118
16119
16120
16124
16126
16128
16131
16132
16133
16135
16137
16138
16139
16141
16143
16144
16145
16147
16148
16149
16151
16152
16154
16155
16156
16157
16160
16163
16165
16167
16168
16169
16170
16171
16181
16183
16184
16185
16189
16190
16192
16194
16197
16198
16202
16204
16207
16210
16211
16212
16214
16216
16217
16218
16219
16223
16224
16226
16228
16229
16230
16231
16232
16235
16236
16237
16238
16240
16242
16243
16244
16246
16249
16250
16252
16253
16254
16256
16258
16259
16260
16261
16265
16267
16269
16270
16271
16272
16273
16274
16278
16281
16282
16283
16286
16287
16289
16292
16294
16297
16299
16301
16302
16305
16307
16309
16310
16311
16314
16315
16318
16320
16322
16324
16325
16328
16329
16333
16334
16335
16336
16338
16339
16341
16342
16343
16345
16347
16351
16352
16353
16355
16359
16360
16361
16362
16363
16365
16369
16370
16373
16378
16379
16383
16384
16386
16387
16388
16391
16392
16393
16394
16395
16396
16400
16401
16403
16407
16408
16409
16413
16415
16416
16418
16422
16425
16426
16428
16429
16430
16433
16434
16435
16436
16438
16439
16440
16443
16444
16446
16447
16449
16450
16451
16453
16455
16456
16457
16460
16466
16467
16468
16469
16474
16480
16483
16485
16488
16491
16492
16493
16494
16495
16497
16498
16499
16500
16503
16504
16507
16509
16510
16511
16512
16513
16515
16517
16519
16525
16526
16527
16530
16532
16533
16534
16537
16539
16541
16542
16544
16545
16546
16549
16550
16553
16554
16555
16556
16558
16562
16564
16568
16569
16570
16571
16572
16575
16576
16577
16582
16584
16585
16587
16589
16590
16591
16593
16594
16595
16596
16601
16602
16605
16606
16611
16616
16617
16618
16622
16623
16625
16629
16632
16634
16638
16639
16641
16643
16645
16646
16647
16649
16652
16656
16657
16658
16659
16662
16664
16665
16667
16669
16670
16672
16673
16674
16676
16677
16679
16681
16684
16685
16686
16687
16690
16691
16692
16697
16698
16699
16700
16703
16704
16705
16706
16707
16713
16714
16717
16720
16721
16722
16724
16725
16726
16728
16729
16730
16731
16738
16739
16745
16746
16747
16748
16749
16750
16751
16752
16753
16754
16756
16759
16762
16764
16767
16770
16771
16773
16778
16780
16782
16784
16785
16786
16789
16790
16791
16792
16797
16799
16800
16802
16804
16805
16807
16811
16812
16813
16816
16817
16818
16819
16822
16824
16829
16831
16833
16834
16836
16837
16841
16844
16848
16849
16852
16853
16854
16855
16857
16859
16862
16864
16865
16866
16868
16869
16871
16872
16875
16877
16879
16880
16886
16888
16890
16892
16893
16894
16895
16896
16899
16903
16907
16908
16910
16911
16917
16918
16922
16923
16924
16925
16927
16928
16929
16932
16935
16936
16937
16939
16940
16941
16943
16944
16945
16946
16949
16950
16954
16961
16963
16965
16966
16969
16973
16974
16976
16977
16979
16982
16983
16984
16985
16988
16989
16990
16991
16993
16994
16995
16996
17000
17001
17003
17008
17009
17010
17011
17013
17014
17016
17018
17020
17022
17024
17026
17027
17030
17031
17032
17033
17034
17036
17038
17039
17045
17046
17048
17049
17050
17051
17053
17054
17055
17057
17059
17062
17064
17067
17068
17070
17072
17073
17074
17075
17076
17081
17082
17084
17086
17088
17094
17098
17100
17110
17115
17116
17117
17118
17119
17120
17122
17123
17124
17125
17127
17128
17129
17130
17131
17132
17134
17136
17137
17138
17139
17140
17141
17142
17143
17144
17147
17148
17149
17150
17151
17152
17155
17156
17157
17159
17161
17166
17167
17173
17174
17175
17180
17184
17185
17186
17189
17192
17193
17195
17199
17200
17201
17203
17206
17208
17209
17210
17212
17215
17216
17221
17222
17224
17225
17227
17228
17229
17233
17235
17238
17242
17244
17245
17246
17248
17250
17251
17252
17253
17254
17259
17260
17261
17262
17263
17266
17268
17269
17270
17275
17276
17277
17279
17280
17281
17282
17283
17285
17286
17289
17290
17291
17293
17294
17295
17296
17297
17300
17301
17302
17303
17304
17305
17306
17307
17309
17310
17312
17313
17315
17320
17321
17322
17325
17326
17327
17328
17329
17330
17331
17332
17333
17334
17335
17338
17340
17343
17345
17346
17348
17349
17351
17352
17356
17357
17358
17360
17361
17363
17365
17366
17368
17371
17372
17373
17376
17377
17379
17380
17381
17382
17388
17391
17392
17395
17396
17397
17399
17402
17405
17406
17408
17409
17410
17411
17412
17413
17414
17417
17418
17419
17422
17423
17424
17425
17426
17431
17433
17434
17436
17440
17441
17442
17446
17448
17450
17451
17452
17453
17455
17456
17457
17462
17464
17467
17469
17470
17471
17472
17477
17478
17479
17480
17483
17486
17488
17490
17493
17494
17496
17499
17500
17501
17503
17508
17512
17514
17515
17516
17518
17521
17522
17525
17527
17531
17533
17535
17536
17537
17540
17542
17544
17545
17546
17548
17549
17550
17551
17553
17554
17556
17557
17558
17559
17562
17563
17566
17567
17569
17571
17572
17575
17576
17577
17578
17579
17580
17581
17582
17585
17587
17588
17589
17591
17593
17595
17596
17597
17599
17600
17604
17605
17608
17610
17612
17613
17615
17616
17617
17620
17621
17626
17627
17628
17631
17633
17638
17641
17649
17650
17651
17653
17655
17657
17661
17662
17665
17666
17667
17669
17671
17674
17675
17676
17677
17678
17682
17685
17686
17689
17690
17693
17695
17696
17700
17704
17707
17710
17713
17714
17719
17727
17728
17730
17731
17732
17733
17735
17736
17737
17738
17739
17740
17741
17745
17746
17753
17755
17758
17761
17763
17765
17767
17768
17769
17770
17771
17772
17778
17782
17785
17787
17789
17790
17792
17794
17795
17800
17804
17805
17806
17808
17810
17812
17813
17815
17816
17817
17819
17820
17822
17823
17826
17827
17830
17831
17832
17834
17835
17837
17838
17839
17842
17844
17845
17846
17850
17851
17853
17854
17856
17857
17860
17862
17863
17865
17867
17873
17875
17876
17878
17880
17881
17885
17886
17888
17889
17890
17893
17894
17896
17900
17901
17907
17910
17911
17912
17916
17917
17919
17921
17923
17925
17930
17931
17933
17934
17937
17939
17940
17942
17944
17947
17953
17955
17956
17959
17960
17961
17964
17966
17969
17970
17974
17980
17981
17982
17983
17984
17986
17988
17989
17992
17995
17996
17998
18000
18003
18011
18012
18013
18015
18018
18019
18020
18021
18024
18026
18028
18029
18030
18032
18035
18037
18038
18042
18043
18044
18048
18049
18051
18054
18056
18058
18060
18061
18065
18069
18070
18071
18075
18076
18078
18079
18080
18081
18082
18083
18085
18086
18087
18089
18093
18099
18101
18102
18103
18104
18106
18107
18109
18110
18113
18114
18117
18122
18124
18130
18132
18133
18135
18136
18144
18146
18148
18149
18153
18154
18158
18160
18161
18162
18163
18164
18167
18170
18172
18174
18175
18176
18177
18179
18183
18184
18185
18188
18189
18190
18191
18193
18201
18202
18204
18205
18207
18208
18209
18210
18211
18212
18216
18221
18223
18224
18228
18234
18236
18238
18239
18240
18242
18243
18244
18246
18249
18250
18253
18254
18256
18258
18265
18267
18270
18271
18272
18276
18277
18278
18279
18280
18281
18282
18283
18284
18285
18286
18287
18288
18290
18291
18292
18294
18295
18297
18299
18300
18301
18303
18304
18306
18308
18309
18310
18311
18313
18314
18316
18322
18326
18327
18330
18331
18332
18335
18336
18343
18345
18348
18350
18351
18353
18356
18358
18363
18364
18367
18369
18371
18372
18374
18375
18376
18377
18379
18380
18381
18382
18387
18388
18389
18392
18395
18396
18397
18400
18401
18404
18406
18408
18410
18412
18415
18418
18421
18422
18423
18424
18425
18426
18427
18428
18429
18432
18434
18435
18436
18437
18439
18441
18445
18446
18448
18450
18451
18452
18456
18458
18460
18462
18463
18465
18466
18467
18469
18470
18472
18473
18477
18478
18481
18484
18486
18487
18488
18491
18493
18494
18496
18500
18501
18502
18503
18505
18506
18508
18509
18514
18517
18518
18519
18520
18525
18527
18531
18532
18533
18534
18537
18540
18541
18546
18547
18548
18550
18552
18554
18555
18559
18560
18566
18567
18568
18569
18570
18571
18574
18576
18578
18579
18581
18582
18587
18588
18589
18590
18591
18597
18601
18602
18603
18604
18607
18608
18609
18615
18619
18622
18625
18626
18628
18629
18630
18633
18635
18637
18642
18643
18646
18647
18648
18649
18650
18653
18655
18656
18657
18661
18663
18669
18675
18677
18680
18684
18685
18690
18692
18695
18696
18697
18698
18700
18701
18703
18704
18708
18709
18711
18712
18713
18716
18717
18718
18719
18725
18729
18733
18735
18742
18744
18745
18748
18749
18750
18751
18752
18753
18754
18756
18758
18759
18760
18763
18766
18769
18770
18772
18774
18777
18778
18779
18781
18782
18783
18785
18786
18789
18791
18792
18793
18795
18796
18800
18801
18802
18803
18804
18807
18810
18813
18814
18815
18816
18820
18823
18824
18832
18833
18835
18837
18838
18839
18844
18847
18850
18851
18852
18855
18860
18861
18862
18863
18865
18869
18873
18874
18876
18877
18878
18879
18881
18882
18883
18884
18886
18887
18888
18894
18896
18897
18898
18900
18901
18903
18905
18906
18907
18909
18910
18911
18914
18916
18917
18919
18925
18926
18927
18928
18931
18936
18937
18939
18943
18947
18949
18950
18955
18957
18958
18961
18964
18968
18971
18973
18974
18979
18985
18986
18990
18991
18992
18994
18996
18997
18999
19000
19001
19006
19008
19009
19010
19013
19014
19017
19023
19025
19029
19030
19031
19034
19038
19039
19040
19047
19048
19049
19050
19053
19054
19057
19058
19059
19062
19063
19066
19068
19072
19073
19076
19077
19078
19079
19081
19085
19086
19087
19088
19090
19093
19095
19096
19097
19098
19101
19104
19105
19106
19108
19110
19111
19113
19114
19118
19121
19122
19123
19125
19127
19128
19131
19132
19137
19138
19145
19147
19148
19150
19154
19155
19156
19161
19162
19164
19165
19166
19167
19171
19172
19177
19179
19181
19183
19184
19185
19186
19187
19188
19189
19192
19195
19196
19198
19201
19202
19204
19206
19209
19210
19211
19215
19217
19218
19219
19220
19221
19222
19223
19228
19229
19230
19231
19232
19234
19237
19239
19240
19241
19245
19246
19248
19255
19256
19260
19262
19263
19264
19265
19266
19268
19271
19273
19275
19276
19280
19281
19282
19283
19284
19285
19286
19288
19291
19299
19300
19304
19305
19306
19307
19308
19309
19313
19314
19315
19316
19318
19321
19322
19323
19324
19325
19326
19327
19333
19334
19336
19339
19340
19343
19347
19351
19353
19354
19357
19360
19361
19363
19364
19365
19369
19371
19372
19376
19377
19379
19380
19382
19383
19384
19385
19386
19388
19393
19395
19396
19398
19402
19404
19406
19409
19410
19413
19414
19421
19423
19424
19427
19430
19431
19433
19436
19440
19441
19444
19445
19448
19449
19450
19453
19454
19455
19457
19458
19460
19461
19464
19466
19468
19470
19472
19473
19477
19479
19483
19484
19485
19487
19489
19491
19493
19494
19495
19497
19498
19499
19502
19505
19506
19508
19509
19514
19515
19519
19520
19524
19525
19526
19528
19530
19535
19537
19538
19539
19543
19547
19550
19552
19553
19559
19560
19561
19562
19563
19566
19567
19571
19572
19573
19574
19575
19578
19579
19581
19582
19584
19585
19586
19588
19591
19592
19595
19597
19600
19601
19603
19604
19605
19608
19611
19612
19615
19616
19618
19620
19621
19626
19631
19635
19636
19637
19640
19647
19650
19651
19652
19653
19655
19657
19658
19659
19660
19661
19662
19663
19665
19667
19669
19670
19671
19676
19680
19681
19682
19683
19685
19687
19688
19689
19690
19691
19698
19699
19700
19701
19702
19704
19705
19707
19708
19709
19710
19711
19722
19724
19726
19729
19730
19731
19733
19742
19745
19748
19749
19752
19753
19755
19756
19757
19762
19763
19765
19768
19769
19774
19777
19778
19781
19782
19785
19787
19789
19790
19791
19796
19797
19799
19801
19802
19804
19810
19813
19815
19818
19819
19820
19821
19822
19827
19830
19831
19832
19833
19836
19837
19840
19841
19844
19846
19849
19850
19851
19855
19856
19858
19860
19862
19863
19864
19867
19868
19871
19872
19873
19875
19880
19882
19883
19885
19887
19892
19893
19895
19896
19900
19901
19902
19903
19904
19905
19907
19911
19912
19913
19916
19917
19924
19925
19928
19931
19932
19935
19940
19941
19944
19945
19946
19947
19950
19952
19954
19955
19956
19957
19959
19960
19962
19966
19969
19970
19975
19976
19978
19979
19981
19982
19984
19989
19993
19995
19998
19999
20001
20003
20006
20008
20009
20010
20012
20013
20014
20017
20019
20021
20023
20024
20026
20027
20028
20029
20031
20032
20035
20038
20039
20041
20043
20044
20045
20047
20048
20049
20051
20053
20054
20062
20064
20067
20068
20069
20070
20073
20074
20076
20077
20079
20082
20083
20084
20086
20087
20088
20091
20092
20093
20094
20097
20098
20100
20102
20104
20107
20112
20113
20114
20121
20122
20123
20124
20128
20130
20131
20132
20139
20140
20142
20144
20145
20147
20149
20156
20157
20160
20161
20162
20164
20169
20171
20172
20173
20175
20181
20183
20184
20185
20186
20187
20189
20192
20193
20195
20197
20200
20201
20203
20207
20208
20209
20210
20211
20214
20216
20218
20219
20220
20222
20224
20226
20228
20229
20232
20234
20235
20236
20238
20240
20242
20243
20245
20246
20248
20250
20251
20253
20255
20256
20258
20260
20261
20264
20265
20266
20269
20274
20277
20278
20279
20280
20281
20282
20285
20286
20287
20288
20293
20296
20297
20299
20301
20302
20304
20307
20308
20312
20314
20315
20316
20317
20319
20322
20324
20328
20330
20331
20332
20333
20334
20335
20336
20340
20342
20344
20347
20348
20349
20351
20352
20355
20361
20363
20364
20365
20368
20371
20372
20379
20381
20385
20386
20387
20388
20389
20390
20391
20392
20397
20398
20400
20401
20402
20403
20404
20405
20407
20409
20410
20414
20416
20420
20421
20422
20424
20429
20432
20433
20435
20436
20437
20438
20442
20445
20446
20447
20448
20450
20451
20453
20454
20456
20458
20459
20461
20462
20463
20464
20466
20467
20468
20469
20473
20474
20477
20478
20479
20480
20481
20483
20484
20487
20488
20490
20491
20492
20493
20497
20498
20501
20502
20503
20504
20505
20507
20509
20511
20512
20514
20522
20524
20526
20529
20533
20534
20537
20540
20541
20542
20543
20544
20546
20549
20550
20551
20552
20555
20557
20559
20561
20562
20563
20565
20567
20569
20570
20571
20575
20581
20583
20585
20587
20588
20589
20591
20592
20593
20594
20595
20596
20597
20598
20599
20601
20602
20606
20607
20609
20610
20612
20613
20614
20617
20618
20619
20624
20627
20628
20630
20634
20636
20640
20645
20647
20648
20651
20652
20653
20654
20657
20658
20660
20662
20666
20670
20671
20672
20675
20676
20677
20679
20680
20683
20684
20687
20688
20689
20690
20693
20694
20695
20698
20704
20706
20707
20710
20711
20713
20714
20717
20720
20721
20722
20727
20728
20729
20730
20733
20735
20736
20738
20739
20741
20744
20746
20747
20749
20751
20756
20758
20759
20762
20766
20767
20772
20775
20776
20777
20781
20785
20786
20787
20789
20792
20793
20794
20798
20799
20808
20809
20811
20812
20814
20815
20816
20818
20819
20820
20825
20826
20828
20829
20833
20834
20837
20839
20842
20846
20848
20849
20850
20853
20854
20858
20862
20865
20867
20872
20873
20874
20876
20877
20878
20879
20880
20881
20884
20886
20889
20890
20891
20893
20894
20897
20898
20900
20903
20907
20908
20909
20910
20911
20912
20913
20914
20915
20916
20917
20919
20924
20927
20929
20935
20937
20938
20941
20942
20943
20945
20947
20948
20950
20951
20953
20956
20957
20959
20960
20961
20962
20963
20964
20965
20967
20968
20969
20970
20971
20972
20973
20974
20977
20981
20986
20987
20988
20991
20992
20993
20995
20996
20999
21002
21003
21004
21006
21009
21010
21011
21012
21015
21016
21019
21020
21021
21022
21024
21025
21026
21027
21029
21030
21032
21033
21037
21038
21039
21041
21042
21045
21046
21050
21054
21055
21057
21058
21059
21061
21062
21065
21067
21068
21070
21072
21075
21076
21077
21082
21083
21084
21085
21086
21088
21093
21096
21098
21101
21102
21106
21107
21109
21110
21113
21115
21117
21119
21120
21121
21122
21123
21124
21125
21128
21130
21131
21132
21134
21135
21136
21138
21139
21141
21145
21150
21151
21152
21154
21155
21159
21160
21162
21164
21167
21170
21173
21174
21176
21177
21179
21180
21181
21182
21185
21187
21191
21192
21193
21194
21196
21200
21201
21202
21205
21209
21211
21212
21214
21216
21218
21219
21221
21223
21224
21226
21228
21229
21231
21234
21235
21236
21237
21238
21241
21243
21245
21247
21248
21249
21251
21252
21254
21255
21262
21264
21267
21268
21269
21270
21273
21274
21276
21278
21281
21285
21288
21289
21293
21294
21295
21297
21298
21300
21303
21304
21305
21306
21307
21308
21309
21310
21311
21315
21316
21319
21322
21323
21325
21326
21328
21329
21330
21331
21332
21333
21334
21336
21337
21343
21344
21345
21348
21349
21350
21351
21352
21354
21355
21356
21360
21362
21363
21364
21365
21366
21368
21372
21375
21377
21380
21384
21387
21388
21391
21392
21393
21397
21401
21402
21403
21410
21411
21412
21416
21418
21421
21423
21424
21426
21427
21428
21429
21430
21431
21433
21435
21436
21442
21443
21447
21448
21449
21451
21452
21453
21454
21455
21458
21462
21463
21464
21465
21466
21467
21468
21472
21473
21474
21476
21477
21479
21481
21483
21485
21486
21488
21489
21494
21496
21497
21498
21499
21501
21502
21503
21507
21511
21513
21514
21515
21516
21521
21523
21524
21526
21527
21529
21536
21537
21539
21540
21541
21542
21543
21544
21545
21546
21547
21549
21550
21554
21557
21558
21560
21562
21563
21567
21569
21570
21573
21574
21576
21577
21579
21580
21582
21583
21585
21588
21589
21590
21591
21593
21595
21597
21600
21601
21602
21604
21605
21606
21607
21608
21609
21612
21613
21617
21620
21621
21623
21624
21625
21626
21627
21628
21630
21631
21636
21637
21638
21639
21643
21644
21647
21651
21654
21655
21660
21662
21664
21667
21669
21671
21672
21673
21674
21675
21676
21677
21678
21680
21684
21685
21689
21692
21693
21694
21695
21696
21697
21700
21701
21702
21703
21706
21707
21715
21716
21717
21719
21720
21721
21722
21723
21724
21726
21730
21733
21734
21736
21738
21739
21743
21745
21747
21749
21750
21752
21755
21759
21763
21764
21766
21767
21768
21770
21771
21776
21778
21779
21781
21786
21789
21793
21794
21796
21797
21798
21801
21802
21803
21804
21805
21806
21807
21809
21811
21813
21814
21816
21818
21820
21823
21824
21827
21831
21834
21835
21836
21839
21840
21841
21844
21845
21846
21848
21849
21851
21853
21855
21860
21861
21863
21864
21865
21866
21872
21873
21874
21875
21876
21881
21882
21883
21884
21886
21888
21890
21892
21893
21894
21896
21897
21899
21900
21901
21902
21903
21904
21908
21910
21912
21915
21920
21921
21922
21923
21924
21925
21927
21933
21934
21935
21936
21939
21940
21942
21948
21950
21951
21952
21956
21957
21958
21959
21961
21963
21967
21969
21971
21972
21973
21975
21976
21977
21979
21980
21981
21982
21984
21985
21987
21988
21990
21991
21992
21993
21994
21995
21997
21998
22000
22002
22003
22005
22007
22013
22014
22015
22016
22020
22021
22025
22026
22027
22028
22029
22031
22032
22033
22035
22037
22038
22043
22045
22048
22051
22052
22053
22056
22057
22058
22059
22060
22062
22063
22064
22069
22070
22071
22073
22074
22077
22078
22080
22083
22088
22090
22095
22099
22100
22102
22103
22104
22106
22107
22108
22111
22116
22117
22118
22119
22122
22131
22132
22133
22134
22135
22138
22139
22141
22146
22148
22149
22150
22151
22154
22156
22157
22159
22160
22161
22163
22164
22165
22166
22167
22168
22170
22171
22178
22179
22180
22181
22182
22186
22187
22191
22194
22198
22206
22209
22210
22212
22216
22217
22218
22220
22221
22222
22224
22227
22228
22229
22231
22232
22233
22236
22238
22239
22241
22242
22247
22250
22252
22253
22254
22255
22256
22257
22260
22262
22264
22265
22268
22269
22271
22273
22275
22278
22280
22281
22285
22286
22288
22289
22290
22294
22296
22297
22298
22299
22301
22308
22309
22310
22311
22313
22315
22316
22317
22319
22320
22321
22324
22325
22326
22327
22328
22329
22331
22332
22333
22334
22335
22336
22337
22338
22340
22342
22347
22352
22354
22357
22358
22359
22360
22363
22364
22366
22369
22370
22371
22374
22375
22376
22377
22378
22379
22384
22387
22388
22389
22391
22392
22393
22394
22395
22397
22400
22402
22403
22404
22405
22406
22408
22409
22410
22412
22413
22415
22416
22417
22418
22419
22420
22421
22422
22423
22426
22427
22428
22430
22431
22432
22433
22436
22437
22438
22441
22442
22445
22446
22447
22448
22450
22451
22452
22457
22458
22459
22460
22464
22466
22467
22469
22470
22471
22473
22474
22476
22478
22479
22480
22481
22482
22484
22485
22489
22490
22493
22494
22495
22498
22499
22501
22503
22508
22509
22511
22515
22517
22518
22521
22524
22526
22528
22531
22535
22536
22537
22539
22540
22543
22545
22548
22549
22553
22558
22559
22561
22562
22563
22564
22566
22573
22574
22576
22577
22578
22584
22588
22594
22597
22598
22600
22601
22604
22605
22607
22611
22615
22619
22621
22624
22625
22629
22630
22638
22640
22641
22643
22644
22647
22648
22649
22651
22653
22654
22655
22657
22661
22662
22663
22664
22665
22669
22670
22671
22672
22673
22675
22676
22677
22682
22685
22686
22687
22689
22690
22691
22693
22696
22697
22701
22702
22704
22705
22706
22707
22708
22712
22714
22716
22717
22720
22721
22725
22727
22729
22730
22732
22733
22735
22738
22740
22741
22742
22744
22745
22746
22753
22754
22755
22757
22759
22760
22762
22763
22764
22765
22766
22768
22769
22772
22773
22776
22777
22778
22779
22780
22781
22783
22786
22787
22788
22789
22791
22794
22796
22797
22799
22801
22803
22807
22808
22812
22813
22814
22815
22816
22817
22819
22820
22823
22824
22827
22828
22830
22831
22832
22834
22836
22837
22839
22840
22842
22843
22844
22845
22847
22848
22849
22852
22853
22854
22855
22857
22858
22863
22864
22865
22866
22867
22868
22869
22872
22874
22877
22878
22882
22883
22885
22887
22888
22889
22893
22895
22896
22897
22899
22900
22901
22904
22906
22907
22908
22909
22911
22913
22914
22915
22916
22917
22918
22921
22923
22924
22925
22928
22930
22933
22937
22938
22939
22940
22943
22944
22946
22947
22949
22950
22951
22952
22953
22956
22957
22959
22960
22961
22963
22966
22968
22969
22970
22971
22973
22974
22975
22976
22979
22981
22982
22983
22987
22988
22989
22992
22993
22995
22997
22999
23002
23003
23004
23008
23009
23010
23011
23015
23018
23022
23025
23026
23027
23028
23033
23034
23035
23040
23044
23046
23049
23053
23061
23062
23064
23067
23069
23071
23072
23074
23082
23084
23090
23091
23092
23095
23096
23097
23099
23101
23105
23109
23111
23112
23113
23115
23116
23117
23118
23119
23120
23123
23125
23127
23129
23130
23131
23132
23133
23134
23136
23138
23139
23141
23143
23148
23149
23151
23153
23154
23155
23156
23157
23158
23160
23161
23165
23168
23169
23170
23171
23172
23173
23174
23177
23178
23179
23180
23181
23184
23186
23187
23188
23191
23197
23199
23200
23202
23203
23204
23205
23206
23207
23208
23209
23210
23211
23213
23214
23216
23218
23220
23221
23223
23224
23227
23228
23229
23230
23231
23233
23235
23236
23238
23239
23241
23243
23245
23246
23250
23252
23253
23259
23260
23263
23264
23268
23269
23271
23272
23273
23274
23275
23276
23278
23284
23285
23286
23288
23290
23293
23295
23296
23298
23300
23305
23310
23311
23316
23317
23318
23321
23323
23324
23325
23326
23327
23332
23333
23334
23335
23340
23342
23345
23347
23349
23350
23351
23352
23355
23356
23357
23359
23361
23362
23363
23365
23368
23369
23373
23374
23375
23379
23383
23385
23386
23391
23392
23396
23397
23400
23401
23404
23405
23408
23410
23411
23412
23413
23414
23418
23420
23421
23422
23428
23430
23433
23434
23436
23437
23438
23439
23440
23443
23445
23447
23449
23451
23452
23454
23455
23456
23457
23458
23461
23463
23465
23466
23467
23468
23469
23470
23471
23472
23473
23474
23477
23478
23480
23481
23482
23483
23484
23485
23486
23487
23488
23489
23490
23491
23492
23493
23498
23499
23500
23501
23502
23504
23505
23506
23507
23509
23510
23511
23512
23516
23517
23518
23519
23521
23522
23523
23524
23529
23530
23531
23532
23537
23542
23544
23545
23547
23548
23549
23551
23552
23553
23554
23556
23557
23558
23560
23563
23565
23567
23568
23571
23572
23573
23574
23577
23580
23581
23587
23589
23595
23597
23600
23604
23605
23608
23609
23610
23611
23612
23614
23616
23617
23618
23621
23622
23623
23624
23625
23626
23627
23629
23631
23632
23634
23637
23640
23641
23642
23644
23647
23648
23650
23651
23654
23655
23662
23663
23664
23665
23666
23667
23668
23669
23670
23671
23672
23677
23680
23683
23685
23687
23690
23691
23692
23693
23697
23700
23704
23706
23707
23709
23710
23711
23712
23713
23715
23716
23719
23720
23721
23722
23728
23732
23734
23739
23741
23743
23744
23745
23746
23748
23749
23753
23754
23756
23757
23761
23763
23765
23767
23768
23769
23770
23772
23773
23774
23777
23780
23782
23783
23787
23788
23789
23790
23791
23793
23796
23797
23800
23804
23805
23806
23808
23809
23810
23811
23813
23816
23817
23818
23819
23823
23827
23828
23830
23831
23833
23834
23836
23837
23838
23839
23841
23842
23843
23844
23845
23846
23848
23849
23851
23852
23853
23854
23855
23856
23858
23859
23860
23861
23862
23866
23867
23871
23873
23876
23877
23878
23879
23881
23884
23886
23888
23889
23891
23892
23893
23895
23898
23900
23902
23903
23906
23908
23910
23911
23912
23913
23914
23915
23916
23917
23918
23919
23920
23921
23922
23923
23924
23926
23928
23930
23931
23932
23934
23935
23936
23939
23940
23941
23942
23944
23946
23948
23949
23950
23951
23953
23954
23955
23957
23960
23962
23963
23964
23966
23967
23968
23969
23971
23972
23973
23975
23976
23979
23984
23987
23990
23992
23994
23995
23996
23997
23998
23999
24000
24001
24004
24010
24012
24013
24014
24015
24016
24018
24020
24021
24022
24023
24025
24026
24027
24030
24031
24032
24034
24037
24039
24041
24044
24045
24046
24048
24049
24050
24051
24053
24054
24055
24056
24057
24059
24063
24065
24069
24072
24073
24074
24076
24077
24081
24082
24084
24086
24087
24088
24092
24094
24095
24096
24098
24101
24102
24103
24105
24106
24110
24112
24115
24116
24117
24118
24122
24128
24130
24131
24132
24133
24134
24137
24138
24140
24141
24142
24143
24146
24148
24150
24153
24155
24156
24157
24160
24161
24162
24163
24164
24168
24169
24170
24173
24174
24175
24177
24179
24180
24181
24184
24185
24189
24190
24191
24192
24194
24195
24196
24197
24198
24201
24202
24203
24204
24205
24206
24207
24208
24209
24210
24213
24214
24215
24218
24219
24221
24222
24225
24229
24230
24233
24234
24235
24236
24237
24238
24239
24243
24244
24246
24247
24249
24250
24251
24252
24255
24256
24258
24259
24261
24263
24264
24265
24267
24269
24271
24272
24273
24274
24275
24276
24277
24278
24280
24281
24283
24285
24288
24292
24294
24295
24296
24297
24299
24300
24301
24304
24307
24308
24309
24313
24315
24317
24319
24322
24323
24324
24325
24326
24328
24331
24332
24333
24334
24335
24336
24339
24340
24342
24343
24344
24346
24347
24348
24349
24350
24352
24354
24356
24357
24358
24359
24360
24363
24366
24368
24370
24371
24372
24373
24374
24376
24380
24383
24385
24386
24390
24392
24397
24398
24400
24401
24402
24404
24407
24408
24412
24413
24414
24416
24418
24419
24422
24423
24424
24425
24428
24429
24430
24431
24433
24434
24435
24440
24445
24446
24448
24451
24454
24455
24456
24457
24459
24461
24462
24463
24464
24468
24469
24470
24475
24476
24479
24480
24481
24483
24486
24487
24488
24489
24490
24494
24495
24496
24497
24501
24503
24504
24507
24511
24513
24514
24515
24516
24518
24521
24524
24525
24527
24528
24536
24537
24538
24540
24541
24544
24548
24551
24552
24554
24556
24558
24559
24560
24561
24562
24565
24566
24567
24569
24571
24576
24577
24578
24579
24580
24581
24582
24583
24586
24587
24589
24592
24596
24598
24599
24602
24604
24605
24606
24607
24609
24610
24611
24612
24613
24615
24616
24618
24619
24620
24623
24624
24626
24627
24629
24634
24636
24637
24641
24642
24643
24645
24647
24650
24653
24654
24655
24657
24659
24661
24662
24666
24667
24668
24669
24670
24672
24674
24675
24676
24677
24678
24680
24682
24684
24687
24688
24689
24690
24691
24693
24695
24696
24698
24702
24704
24707
24709
24711
24712
24714
24716
24718
24720
24721
24723
24724
24726
24727
24728
24730
24731
24732
24734
24735
24737
24739
24740
24741
24744
24745
24747
24748
24750
24752
24753
24758
24759
24761
24762
24763
24764
24765
24766
24767
24772
24773
24775
24776
24777
24778
24780
24781
24782
24784
24785
24786
24789
24791
24793
24794
24796
24797
24798
24802
24803
24804
24805
24806
24807
24808
24809
24810
24813
24814
24818
24819
24820
24823
24824
24827
24829
24831
24833
24834
24836
24839
24840
24844
24845
24847
24848
24849
24852
24853
24855
24856
24860
24861
24862
24866
24868
24869
24870
24872
24873
24874
24876
24877
24878
24879
24880
24883
24884
24886
24889
24890
24892
24894
24896
24898
24900
24901
24906
24912
24917
24919
24920
24921
24922
24923
24928
24929
24930
24931
24934
24935
24936
24939
24941
24944
24945
24946
24948
24949
24952
24954
24955
24956
24957
24958
24960
24961
24962
24963
24964
24967
24968
24970
24972
24973
24974
24977
24978
24979
24981
24983
24986
24989
24990
24991
24994
24995
24997
24998
24999
25003
25004
25006
25008
25009
25011
25012
25014
25015
25016
25017
25018
25020
25021
25025
25026
25027
25030
25031
25032
25033
25035
25036
25038
25040
25041
25043
25045
25047
25049
25050
25052
25054
25055
25056
25058
25059
25060
25062
25066
25067
25068
25069
25070
25073
25075
25076
25077
25078
25080
25081
25084
25085
25087
25090
25091
25093
25095
25096
25098
25103
25104
25105
25106
25109
25110
25113
25114
25116
25117
25119
25120
25121
25123
25125
25127
25128
25129
25132
25134
25137
25139
25140
25142
25143
25144
25145
25146
25147
25148
25149
25150
25151
25152
25154
25156
25158
25160
25163
25164
25167
25169
25172
25175
25177
25178
25179
25180
25181
25182
25183
25184
25186
25187
25188
25189
25193
25194
25196
25197
25198
25199
25200
25202
25204
25205
25206
25207
25209
25211
25212
25213
25216
25217
25218
25220
25224
25225
25228
25229
25231
25232
25233
25236
25237
25238
25240
25241
25242
25243
25244
25246
25248
25249
25250
25252
25255
25259
25260
25267
25268
25270
25274
25275
25279
25280
25281
25282
25283
25286
25288
25289
25292
25294
25295
25297
25298
25301
25302
25303
25304
25305
25306
25307
25309
25310
25312
25313
25315
25316
25318
25319
25320
25322
25323
25326
25327
25332
25333
25337
25341
25342
25343
25348
25350
25352
25353
25354
25355
25356
25358
25360
25361
25363
25364
25365
25366
25369
25370
25371
25372
25373
25375
25378
25381
25382
25383
25384
25385
25386
25387
25388
25389
25391
25392
25393
25394
25398
25401
25402
25403
25404
25406
25408
25410
25412
25413
25414
25417
25418
25419
25420
25421
25422
25424
25425
25426
25427
25428
25429
25431
25433
25435
25436
25437
25439
25442
25443
25444
25446
25450
25451
25453
25455
25457
25458
25459
25460
25461
25462
25464
25465
25466
25471
25474
25477
25479
25480
25481
25482
25484
25485
25487
25488
25489
25490
25491
25492
25493
25494
25495
25496
25498
25499
25500
25501
25503
25506
25509
25510
25511
25512
25515
25516
25517
25518
25520
25522
25523
25526
25528
25529
25531
25533
25534
25535
25537
25539
25541
25544
25545
25546
25550
25552
25553
25554
25556
25557
25560
25561
25565
25567
25569
25570
25571
25572
25575
25579
25580
25581
25582
25583
25585
25586
25590
25591
25594
25595
25596
25597
25598
25599
25600
25602
25603
25606
25608
25611
25614
25616
25620
25621
25623
25624
25626
25627
25630
25633
25634
25636
25638
25639
25640
25641
25642
25644
25645
25646
25647
25650
25652
25653
25654
25655
25657
25661
25662
25663
25665
25666
25667
25668
25670
25671
25673
25674
25679
25681
25683
25684
25687
25688
25689
25691
25692
25693
25694
25695
25696
25698
25699
25700
25701
25702
25705
25707
25710
25712
25717
25719
25720
25721
25722
25723
25724
25725
25726
25727
25728
25729
25731
25732
25741
25743
25744
25745
25747
25749
25750
25751
25756
25758
25759
25764
25766
25767
25769
25770
25771
25772
25773
25775
25776
25777
25779
25780
25781
25782
25784
25785
25786
25787
25788
25790
25796
25798
25799
25801
25803
25804
25805
25806
25808
25809
25810
25814
25815
25816
25818
25819
25820
25821
25823
25824
25825
25826
25830
25833
25835
25838
25841
25843
25844
25845
25846
25847
25848
25849
25857
25858
25859
25861
25862
25863
25864
25865
25866
25867
25870
25873
25874
25875
25876
25877
25878
25879
25880
25881
25883
25886
25887
25889
25890
25891
25892
25893
25897
25899
25901
25902
25903
25907
25910
25913
25916
25917
25918
25919
25920
25922
25924
25927
25929
25930
25931
25932
25933
25937
25938
25940
25942
25943
25944
25945
25946
25947
25948
25952
25953
25954
25955
25958
25959
25961
25962
25963
25966
25968
25969
25971
25973
25975
25977
25980
25981
25983
25984
25985
25988
25989
25991
25993
25995
25997
25998
25999
26000
26001
26002
26003
26006
26007
26010
26011
26013
26015
26016
26018
26019
26020
26021
26025
26026
26027
26030
26031
26033
26035
26036
26037
26039
26041
26044
26045
26047
26050
26051
26052
26053
26056
26057
26058
26059
26061
26064
26065
26066
26067
26068
26071
26073
26075
26076
26077
26078
26079
26081
26082
26083
26084
26086
26087
26090
26092
26094
26095
26096
26098
26101
26103
26104
26106
26107
26110
26111
26112
26114
26119
26122
26124
26126
26127
26128
26129
26130
26131
26132
26133
26134
26135
26136
26137
26139
26140
26141
26142
26144
26145
26146
26147
26148
26149
26150
26152
26154
26156
26158
26160
26162
26163
26164
26168
26169
26170
26171
26173
26174
26175
26176
26177
26178
26179
26180
26181
26182
26184
26185
26188
26191
26192
26193
26195
26196
26197
26198
26201
26202
26204
26207
26209
26210
26213
26214
26215
26216
26220
26222
26224
26226
26228
26229
26230
26231
26238
26239
26240
26241
26242
26243
26244
26245
26250
26253
26254
26258
26259
26260
26263
26265
26266
26267
26269
26270
26271
26272
26274
26275
26276
26278
26280
26281
26282
26283
26284
26288
26294
26295
26296
26298
26299
26302
26303
26305
26308
26309
26310
26311
26314
26317
26320
26321
26322
26324
26325
26327
26329
26330
26332
26333
26334
26335
26341
26342
26343
26344
26345
26346
26348
26349
26350
26351
26352
26353
26355
26356
26360
26361
26362
26363
26365
26367
26368
26371
26372
26374
26375
26376
26377
26378
26380
26383
26385
26386
26387
26388
26390
26393
26394
26395
26396
26397
26399
26400
26402
26403
26404
26405
26406
26407
26408
26409
26410
26412
26413
26415
26416
26417
26419
26424
26425
26428
26429
26430
26432
26435
26436
26437
26438
26439
26441
26442
26445
26446
26447
26450
26451
26454
26455
26456
26461
26462
26463
26464
26465
26466
26471
26472
26473
26478
26479
26483
26484
26486
26488
26491
26493
26496
26497
26498
26499
26500
26502
26503
26504
26505
26506
26507
26508
26511
26512
26516
26518
26519
26520
26521
26524
26525
26526
26527
26528
26529
26530
26532
26534
26538
26539
26540
26541
26542
26544
26546
26547
26548
26549
26550
26551
26555
26558
26560
26561
26562
26563
26566
26569
26570
26572
26575
26577
26580
26581
26583
26584
26587
26589
26590
26591
26594
26595
26597
26598
26599
26601
26602
26603
26604
26606
26607
26608
26610
26611
26616
26617
26620
26621
26623
26624
26625
26626
26627
26628
26630
26632
26636
26638
26639
26641
26644
26645
26646
26647
26648
26650
26651
26652
26653
26656
26657
26659
26660
26662
26663
26664
26665
26667
26668
26670
26671
26672
26673
26674
26676
26677
26683
26684
26686
26687
26690
26691
26694
26697
26699
26702
26703
26704
26707
26708
26709
26710
26713
26714
26718
26719
26724
26727
26729
26730
26731
26734
26735
26737
26738
26739
26740
26743
26747
26752
26755
26757
26758
26759
26760
26761
26762
26763
26764
26765
26766
26769
26771
26772
26774
26775
26777
26778
26779
26781
26782
26783
26786
26787
26788
26792
26793
26794
26796
26798
26800
26802
26803
26806
26807
26808
26809
26811
26816
26818
26820
26821
26822
26823
26824
26825
26826
26829
26831
26832
26833
26834
26835
26836
26838
26840
26841
26842
26843
26847
26849
26850
26851
26852
26854
26855
26856
26857
26859
26861
26862
26865
26866
26868
26870
26871
26873
26877
26878
26879
26880
26881
26882
26883
26884
26885
26886
26887
26891
26892
26893
26894
26895
26896
26898
26899
26901
26904
26905
26906
26907
26908
26912
26913
26915
26923
26924
26926
26927
26928
26929
26930
26932
26933
26934
26936
26937
26939
26942
26945
26946
26948
26953
26955
26956
26957
26958
26959
26960
26961
26962
26964
26965
26970
26971
26972
26973
26974
26975
26978
26979
26980
26981
26982
26983
26984
26988
26989
26990
26992
26993
26994
26996
26997
26999
27000
27003
27004
27005
27007
27008
27009
27010
27011
27013
27014
27018
27019
27020
27023
27024
27025
27026
27027
27028
27029
27032
27034
27035
27037
27039
27042
27043
27044
27045
27046
27047
27048
27050
27051
27052
27054
27056
27058
27059
27060
27061
27062
27063
27064
27065
27066
27069
27071
27072
27073
27074
27075
27076
27077
27078
27079
27082
27083
27084
27085
27090
27091
27092
27093
27094
27095
27096
27097
27098
27099
27100
27101
27102
27103
27105
27106
27109
27110
27111
27113
27115
27117
27118
27120
27122
27123
27124
27125
27127
27128
27129
27130
27134
27135
27136
27137
27138
27139
27140
27143
27144
27145
27146
27147
27149
27150
27151
27152
27155
27156
27158
27159
27160
27161
27162
27163
27164
27166
27167
27168
27169
27170
27171
27172
27174
27175
27176
27177
27179
27182
27183
27187
27191
27193
27194
27196
27197
27199
27200
27201
27202
27205
27206
27208
27211
27212
27214
27215
27216
27220
27221
27222
27224
27225
27226
27228
27231
27232
27233
27234
27236
27237
27238
27240
27241
27242
27243
27244
27245
27247
27248
27249
27251
27252
27256
27259
27261
27262
27267
27269
27271
27272
27274
27275
27276
27279
27281
27282
27283
27284
27287
27289
27290
27291
27293
27294
27295
27296
27297
27298
27299
27300
27303
27306
27307
27308
27309
27310
27311
27312
27313
27315
27316
27317
27319
27320
27323
27329
27330
27332
27334
27335
27336
27337
27338
27339
27341
27342
27343
27345
27348
27349
27350
27351
27352
27356
27357
27358
27359
27360
27361
27362
27363
27366
27368
27371
27372
27373
27374
27376
27377
27378
27379
27382
27384
27385
27386
27388
27390
27393
27395
27396
27397
27398
27399
27400
27401
27402
27403
27404
27405
27407
27408
27409
27410
27412
27414
27418
27420
27421
27423
27425
27426
27427
27428
27430
27431
27432
27435
27437
27440
27441
27442
27443
27444
27445
27446
27447
27449
27451
27452
27453
27454
27456
27457
27458
27459
27460
27463
27464
27465
27466
27467
27468
27469
27470
27473
27477
27479
27481
27482
27483
27489
27491
27492
27493
27494
27495
27496
27497
27499
27502
27503
27504
27505
27506
27507
27508
27511
27513
27516
27518
27519
27520
27521
27522
27523
27524
27525
27526
27527
27528
27529
27530
27531
27532
27533
27535
27537
27538
27539
27540
27542
27544
27548
27549
27550
27551
27552
27553
27554
27556
27557
27558
27559
27561
27562
27563
27565
27567
27569
27571
27575
27577
27578
27579
27580
27582
27584
27585
27588
27589
27590
27591
27592
27593
27597
27598
27599
27600
27601
27603
27608
27610
27612
27613
27615
27616
27617
27619
27620
27622
27625
27626
27627
27628
27629
27630
27631
27632
27634
27635
27636
27639
27643
27644
27646
27647
27649
27655
27656
27658
27659
27660
27661
27662
27663
27664
27665
27667
27669
27672
27673
27674
27675
27676
27677
27678
27680
27685
27686
27688
27690
27692
27693
27695
27696
27697
27698
27700
27702
27703
27704
27705
27706
27707
27708
27712
27713
27714
27715
27716
27717
27718
27719
27720
27721
27723
27724
27725
27726
27727
27729
27730
27737
27739
27740
27742
27744
27745
27746
27747
27749
27751
27752
27753
27754
27755
27757
27758
27759
27761
27767
27768
27769
27770
27771
27773
27775
27776
27777
27778
27779
27781
27782
27783
27784
27785
27786
27787
27788
27789
27791
27792
27793
27796
27797
27799
27800
27801
27802
27805
27806
27807
27808
27809
27811
27812
27813
27814
27816
27817
27820
27821
27822
27823
27825
27827
27829
27830
27831
27832
27835
27836
27838
27839
27840
27842
27843
27844
27845
27846
27848
27850
27853
27855
27856
27857
27859
27860
27861
27862
27864
27865
27868
27872
27873
27874
27875
27876
27877
27878
27879
27880
27883
27884
27885
27887
27888
27889
27890
27891
27893
27894
27895
27896
27899
27900
27901
27902
27903
27904
27905
27909
27911
27913
27914
27917
27918
27919
27920
27921
27923
27925
27926
27927
27929
27930
27932
27933
27934
27935
27936
27937
27942
27944
27945
27948
27950
27952
27953
27955
27956
27960
27961
27962
27963
27964
27966
27967
27969
27970
27971
27972
27973
27974
27976
27980
27981
27983
27984
27985
27988
27991
27993
27994
27996
27998
28000
28002
28003
28006
28008
28009
28010
28011
28012
28013
28014
28016
28018
28021
28022
28025
28026
28028
28029
28030
28031
28032
28033
28036
28037
28040
28041
28042
28043
28045
28046
28047
28048
28052
28054
28056
28057
28059
28060
28062
28063
28064
28067
28068
28069
28070
28071
28073
28075
28076
28078
28080
28081
28086
28087
28088
28091
28094
28095
28096
28097
28099
28101
28103
28104
28105
28106
28107
28108
28109
28111
28112
28113
28114
28115
28120
28121
28122
28125
28126
28127
28128
28129
28132
28134
28135
28137
28139
28140
28142
28143
28144
28145
28146
28147
28151
28152
28153
28154
28155
28156
28157
28159
28160
28161
28162
28164
28165
28168
28169
28170
28174
28176
28177
28178
28182
28183
28184
28185
28186
28188
28191
28193
28194
28197
28198
28199
28200
28201
28202
28203
28204
28206
28208
28210
28211
28213
28214
28216
28217
28218
28219
28222
28225
28227
28228
28229
28230
28231
28234
28236
28237
28238
28239
28240
28241
28243
28244
28246
28250
28252
28253
28254
28255
28256
28257
28260
28261
28265
28266
28267
28268
28269
28270
28271
28272
28273
28275
28276
28277
28280
28283
28284
28285
28286
28288
28290
28293
28294
28296
28298
28300
28302
28303
28304
28305
28306
28307
28309
28310
28311
28314
28316
28317
28319
28320
28325
28326
28327
28328
28329
28330
28331
28332
28333
28335
28338
28339
28340
28342
28345
28346
28348
28351
28353
28354
28356
28357
28358
28359
28363
28367
28368
28371
28374
28378
28379
28380
28383
28384
28385
28388
28390
28391
28392
28393
28394
28395
28396
28397
28399
28400
28401
28402
28403
28405
28408
28411
28412
28413
28414
28418
28419
28420
28424
28425
28426
28427
28428
28429
28430
28431
28432
28434
28435
28436
28437
28438
28440
28443
28444
28446
28447
28448
28449
28450
28451
28453
28454
28455
28456
28457
28458
28464
28465
28466
28468
28469
28474
28475
28476
28479
28480
28481
28482
28484
28485
28486
28487
28488
28489
28490
28491
28492
28493
28494
28495
28497
28498
28499
28500
28501
28502
28503
28507
28511
28512
28514
28515
28516
28517
28518
28520
28522
28526
28527
28528
28530
28532
28534
28535
28536
28540
28544
28545
28549
28550
28551
28552
28553
28554
28556
28558
28559
28561
28564
28565
28566
28567
28569
28570
28571
28572
28574
28575
28576
28578
28579
28580
28583
28584
28585
28586
28587
28589
28591
28592
28595
28597
28598
28599
28600
28601
28602
28605
28608
28609
28610
28611
28614
28615
28616
28617
28620
28621
28622
28624
28625
28626
28627
28628
28629
28630
28631
28633
28634
28635
28638
28639
28640
28641
28642
28643
28645
28646
28648
28649
28650
28652
28653
28654
28656
28657
28658
28659
28660
28662
28663
28664
28665
28666
28669
28670
28671
28672
28673
28674
28675
28676
28677
28678
28679
28680
28681
28683
28684
28685
28686
28687
28689
28690
28691
28693
28694
28695
28697
28701
28703
28705
28706
28707
28711
28713
28715
28716
28717
28719
28721
28722
28723
28724
28726
28727
28731
28732
28733
28735
28736
28738
28739
28741
28742
28743
28744
28745
28747
28748
28749
28752
28753
28755
28758
28759
28761
28762
28763
28764
28765
28767
28769
28770
28771
28772
28773
28774
28775
28777
28779
28780
28781
28782
28784
28787
28788
28789
28790
28792
28793
28794
28796
28798
28803
28804
28805
28806
28807
28808
28810
28812
28813
28814
28815
28816
28817
28819
28820
28821
28822
28823
28824
28825
28827
28829
28832
28833
28834
28835
28837
28840
28843
28845
28846
28848
28852
28853
28854
28855
28856
28857
28858
28859
28860
28861
28862
28866
28867
28868
28870
28871
28872
28874
28876
28879
28880
28882
28883
28886
28887
28888
28889
28890
28892
28893
28894
28895
28896
28897
28898
28900
28902
28904
28905
28906
28907
28908
28909
28912
28913
28914
28915
28916
28917
28919
28921
28922
28923
28924
28926
28927
28928
28929
28931
28932
28934
28935
28936
28939
28940
28941
28942
28943
28945
28946
28950
28952
28953
28957
28959
28961
28962
28963
28964
28965
28967
28968
28971
28972
28973
28974
28976
28977
28981
28982
28983
28984
28986
28988
28991
28994
28995
28996
28997
29000
29001
29004
29005
29007
29008
29010
29013
29014
29016
29018
29019
29020
29021
29023
29025
29026
29027
29028
29030
29033
29034
29035
29036
29037
29038
29039
29040
29041
29042
29043
29044
29047
29048
29051
29053
29054
29055
29056
29057
29058
29059
29060
29062
29063
29064
29065
29068
29069
29070
29071
29073
29075
29078
29079
29080
29081
29082
29083
29084
29087
29089
29091
29092
29093
29094
29095
29097
29098
29099
29100
29101
29102
29103
29104
29105
29106
29107
29108
29109
29110
29112
29114
29115
29117
29119
29121
29122
29123
29124
29126
29127
29128
29129
29130
29132
29134
29136
29138
29139
29142
29143
29145
29147
29148
29150
29151
29152
29153
29154
29155
29160
29161
29162
29163
29166
29168
29169
29170
29172
29173
29174
29175
29176
29178
29179
29180
29181
29182
29184
29186
29187
29189
29190
29191
29193
29194
29195
29197
29200
29201
29203
29204
29205
29206
29209
29210
29214
29217
29218
29219
29220
29221
29222
29223
29224
29225
29227
29229
29230
29231
29232
29234
29235
29238
29239
29240
29241
29243
29244
29245
29248
29249
29251
29254
29255
29256
29257
29258
29259
29261
29262
29263
29264
29265
29267
29268
29270
29271
29272
29274
29275
29276
29277
29278
29279
29280
29281
29282
29283
29284
29285
29289
29290
29291
29293
29294
29296
29302
29304
29305
29307
29308
29309
29310
29311
29314
29315
29316
29317
29318
29319
29320
29321
29322
29323
29324
29325
29326
29328
29329
29330
29333
29335
29337
29338
29339
29341
29343
29344
29345
29346
29348
29350
29353
29355
29357
29359
29361
29362
29363
29364
29365
29366
29367
29368
29369
29370
29371
29372
29376
29377
29378
29379
29380
29381
29383
29385
29386
29389
29390
29392
29393
29394
29395
29402
29404
29406
29407
29408
29409
29412
29413
29414
29419
29421
29423
29425
29426
29427
29428
29429
29430
29431
29432
29433
29435
29436
29438
29442
29443
29444
29446
29447
29448
29450
29451
29452
29453
29455
29456
29457
29458
29459
29463
29465
29466
29467
29468
29469
29472
29473
29474
29477
29478
29479
29480
29481
29482
29483
29485
29486
29487
29488
29489
29492
29495
29497
29498
29499
29502
29504
29505
29506
29507
29508
29509
29510
29511
29512
29513
29514
29515
29516
29517
29519
29524
29525
29526
29527
29530
29532
29533
29534
29536
29538
29540
29541
29542
29544
29546
29547
29548
29550
29551
29552
29554
29556
29557
29559
29560
29561
29562
29565
29567
29569
29571
29573
29574
29575
29580
29581
29582
29584
29587
29589
29590
29591
29593
29595
29600
29601
29602
29604
29605
29606
29609
29610
29612
29613
29615
29616
29617
29618
29621
29622
29624
29625
29626
29628
29629
29630
29631
29632
29633
29634
29635
29636
29637
29638
29639
29643
29644
29645
29650
29651
29654
29656
29657
29660
29662
29663
29664
29666
29667
29669
29670
29673
29675
29678
29679
29680
29684
29685
29686
29687
29688
29689
29691
29692
29694
29695
29697
29698
29699
29700
29702
29703
29707
29708
29709
29711
29713
29714
29715
29716
29717
29718
29719
29720
29721
29725
29726
29727
29728
29732
29733
29734
29735
29740
29741
29742
29743
29746
29748
29751
29753
29754
29755
29756
29757
29758
29759
29761
29763
29764
29765
29766
29767
29769
29771
29772
29773
29775
29776
29777
29778
29779
29780
29781
29783
29784
29785
29786
29787
29788
29790
29792
29793
29794
29795
29798
29799
29801
29804
29805
29808
29809
29810
29811
29812
29813
29816
29817
29818
29820
29821
29823
29824
29826
29829
29831
29833
29834
29835
29837
29839
29841
29847
29848
29850
29851
29852
29853
29857
29860
29861
29862
29863
29864
29865
29869
29870
29872
29873
29874
29875
29876
29877
29878
29879
29881
29882
29884
29886
29887
29888
29889
29890
29891
29892
29893
29894
29895
29896
29897
29898
29899
29901
29902
29904
29905
29906
29908
29910
29911
29912
29913
29915
29916
29919
29921
29922
29923
29925
29926
29930
29934
29935
29937
29938
29939
29940
29942
29943
29944
29945
29946
29947
29948
29949
29951
29953
29954
29955
29957
29958
29959
29960
29963
29964
29965
29967
29968
29969
29971
29972
29973
29974
29975
29978
29981
29984
29986
29987
29988
29990
29991
29992
29993
29994
29995
29996
29997
29998
30000
30002
30003
30005
30007
30008
30009
30011
30012
30014
30015
30016
30018
30019
30021
30022
30024
30026
30028
30029
30030
30031
30032
30033
30034
30035
30036
30038
30039
30040
30041
30043
30044
30046
30047
30048
30049
30051
30053
30054
30055
30056
30058
30060
30061
30063
30066
30069
30071
30075
30077
30078
30079
30083
30085
30086
30087
30092
30093
30094
30095
30097
30099
30100
30101
30102
30103
30105
30106
30108
30109
30110
30111
30112
30113
30114
30117
30118
30119
30120
30121
30123
30124
30125
30126
30129
30134
30135
30137
30139
30141
30146
30147
30148
30149
30150
30151
30155
30158
30161
30162
30164
30165
30166
30167
30168
30171
30173
30174
30175
30176
30178
30179
30180
30181
30182
30183
30184
30185
30187
30188
30189
30190
30194
30195
30196
30197
30198
30199
30200
30201
30203
30205
30207
30209
30210
30211
30213
30214
30215
30216
30218
30219
30222
30223
30225
30226
30227
30228
30230
30231
30233
30234
30235
30236
30237
30238
30239
30240
30244
30245
30246
30247
30248
30249
30250
30252
30253
30254
30256
30257
30258
30259
30261
30263
30264
30265
30266
30267
30269
30270
30271
30272
30273
30274
30275
30279
30280
30281
30286
30287
30288
30289
30291
30295
30297
30298
30300
30302
30303
30304
30305
30306
30307
30308
30310
30311
30312
30315
30316
30317
30318
30320
30321
30322
30323
30324
30326
30327
30328
30331
30334
30335
30336
30337
30339
30340
30341
30342
30345
30348
30352
30354
30355
30356
30357
30361
30362
30363
30364
30365
30366
30367
30368
30370
30373
30375
30378
30380
30381
30384
30386
30387
30388
30389
30390
30391
30392
30393
30394
30396
30398
30400
30402
30403
30404
30406
30407
30409
30411
30412
30414
30415
30417
30418
30419
30420
30426
30428
30429
30431
30434
30436
30437
30438
30439
30441
30442
30443
30445
30449
30451
30452
30454
30455
30458
30459
30461
30462
30464
30466
30467
30468
30469
30470
30471
30473
30476
30477
30478
30480
30482
30485
30486
30487
30488
30489
30490
30492
30493
30497
30498
30501
30502
30503
30505
30506
30507
30509
30514
30516
30517
30518
30520
30521
30522
30523
30525
30526
30527
30528
30531
30533
30534
30535
30536
30537
30538
30540
30541
30545
30546
30547
30549
30550
30553
30555
30556
30557
30559
30563
30564
30565
30566
30567
30568
30573
30574
30576
30577
30578
30579
30581
30582
30583
30584
30588
30589
30590
30591
30594
30595
30598
30600
30603
30604
30605
30606
30609
30610
30611
30612
30614
30617
30620
30623
30624
30625
30628
30629
30630
30631
30634
30635
30636
30637
30640
30642
30643
30644
30648
30649
30650
30651
30654
30655
30656
30658
30661
30662
30665
30666
30667
30671
30672
30674
30676
30679
30680
30681
30682
30684
30685
30688
30689
30690
30692
30693
30695
30696
30697
30698
30699
30700
30702
30704
30706
30707
30708
30709
30710
30712
30713
30715
30716
30718
30721
30722
30723
30724
30725
30728
30729
30732
30733
30734
30735
30737
30739
30740
30741
30745
30746
30748
30749
30750
30751
30752
30753
30754
30757
30758
30759
30760
30761
30762
30763
30764
30765
30766
30767
30769
30770
30771
30772
30773
30775
30776
30777
30778
30779
30781
30782
30783
30784
30785
30787
30788
30790
30792
30793
30794
30795
30798
30801
30804
30805
30807
30808
30809
30811
30813
30814
30815
30817
30821
30823
30824
30825
30827
30828
30830
30833
30834
30835
30837
30838
30841
30842
30845
30846
30848
30849
30852
30853
30854
30856
30858
30859
30861
30862
30863
30868
30869
30870
30871
30872
30873
30875
30876
30877
30878
30881
30883
30884
30885
30886
30887
30888
30889
30890
30891
30892
30893
30894
30897
30898
30902
30903
30904
30906
30907
30908
30909
30910
30912
30913
30915
30917
30918
30919
30921
30923
30924
30926
30927
30928
30929
30931
30932
30935
30936
30938
30942
30946
30947
30948
30953
30954
30955
30956
30958
30959
30961
30962
30963
30965
30966
30967
30971
30972
30973
30975
30977
30979
30981
30983
30984
30985
30987
30988
30992
30993
30994
30995
30996
30998
30999
31000
31001
31004
31005
31008
31009
31010
31011
31015
31016
31018
31019
31020
31022
31023
31025
31026
31028
31029
31032
31033
31035
31037
31038
31042
31043
31044
31045
31046
31047
31048
31049
31055
31056
31059
31061
31062
31065
31066
31067
31070
31072
31073
31074
31077
31078
31081
31084
31085
31087
31088
31091
31092
31093
31094
31095
31098
31102
31103
31104
31106
31107
31108
31109
31110
31113
31121
31122
31125
31127
31129
31130
31131
31133
31134
31136
31137
31138
31139
31140
31142
31143
31144
31145
31146
31147
31149
31151
31154
31158
31159
31161
31162
31166
31167
31168
31169
31171
31173
31177
31178
31182
31183
31184
31185
31186
31189
31193
31194
31195
31197
31201
31202
31205
31206
31207
31208
31212
31215
31217
31218
31219
31221
31223
31227
31231
31233
31235
31237
31239
31240
31241
31242
31244
31246
31247
31248
31249
31251
31252
31255
31256
31257
31258
31259
31260
31262
31263
31266
31267
31269
31270
31274
31275
31277
31278
31279
31280
31282
31283
31284
31285
31287
31290
31291
31293
31294
31295
31296
31297
31298
31299
31300
31301
31302
31303
31308
31310
31313
31314
31316
31319
31320
31322
31323
31326
31329
31335
31336
31338
31339
31340
31341
31344
31345
31346
31347
31348
31349
31350
31353
31354
31355
31357
31358
31359
31360
31362
31366
31368
31369
31370
31371
31372
31373
31375
31376
31378
31379
31380
31382
31383
31385
31386
31387
31388
31390
31391
31392
31394
31395
31396
31398
31399
31401
31406
31408
31411
31412
31413
31414
31415
31416
31418
31420
31421
31422
31424
31425
31426
31431
31432
31433
31435
31437
31441
31442
31444
31446
31449
31453
31454
31455
31456
31457
31458
31460
31461
31465
31468
31469
31470
31471
31472
31477
31478
31479
31483
31488
31489
31490
31491
31492
31493
31494
31496
31498
31499
31501
31502
31506
31513
31514
31515
31516
31517
31519
31520
31521
31522
31524
31526
31528
31530
31531
31532
31533
31534
31536
31537
31541
31542
31544
31545
31547
31549
31550
31551
31552
31553
31556
31557
31559
31561
31563
31565
31566
31567
31569
31570
31571
31572
31573
31575
31576
31578
31581
31582
31583
31584
31585
31589
31590
31591
31592
31594
31597
31599
31601
31602
31604
31606
31607
31609
31612
31613
31614
31621
31622
31623
31624
31626
31627
31630
31633
31636
31641
31642
31643
31646
31647
31649
31651
31652
31655
31657
31658
31659
31661
31662
31663
31665
31666
31667
31670
31672
31676
31678
31680
31681
31683
31684
31685
31689
31690
31692
31693
31694
31695
31696
31697
31699
31700
31701
31704
31705
31706
31707
31709
31710
31711
31712
31713
31714
31715
31716
31718
31719
31721
31723
31725
31726
31728
31730
31731
31732
31734
31736
31739
31740
31741
31744
31745
31747
31748
31749
31750
31752
31753
31754
31755
31756
31758
31759
31760
31762
31765
31768
31769
31770
31771
31772
31773
31776
31779
31780
31781
31784
31785
31786
31787
31788
31789
31791
31792
31794
31795
31796
31797
31801
31803
31806
31807
31808
31812
31814
31815
31816
31817
31819
31820
31822
31823
31825
31827
31829
31830
31832
31833
31834
31835
31837
31838
31839
31840
31841
31842
31843
31844
31845
31846
31849
31851
31855
31856
31857
31860
31861
31862
31864
31865
31869
31871
31873
31876
31877
31878
31880
31883
31885
31888
31889
31891
31892
31895
31896
31897
31898
31904
31905
31906
31908
31910
31911
31912
31913
31914
31915
31918
31919
31923
31925
31926
31930
31931
31932
31933
31934
31935
31938
31939
31941
31942
31944
31946
31948
31950
31951
31952
31954
31955
31956
31957
31958
31959
31960
31961
31962
31963
31964
31965
31968
31972
31973
31975
31976
31977
31978
31981
31982
31985
31987
31990
31991
31992
31993
31994
31995
31996
31997
31998
31999
32000
32001
32002
32003
32004
32006
32007
32008
32009
32010
32011
32012
32016
32017
32018
32019
32021
32023
32025
32026
32031
32033
32034
32035
32037
32038
32039
32040
32041
32043
32045
32046
32048
32049
32051
32052
32053
32054
32057
32059
32062
32067
32068
32070
32071
32072
32073
32074
32075
32076
32077
32078
32079
32080
32081
32082
32084
32085
32086
32087
32088
32090
32091
32092
32094
32095
32096
32097
32099
32101
32102
32103
32104
32105
32106
32107
32108
32111
32112
32113
32116
32117
32118
32120
32121
32122
32123
32125
32126
32127
32128
32129
32130
32131
32133
32134
32135
32136
32137
32138
32140
32141
32142
32143
32144
32146
32147
32148
32150
32151
32153
32158
32159
32161
32162
32163
32165
32166
32167
32172
32173
32174
32176
32177
32178
32180
32181
32182
32183
32185
32186
32189
32191
32192
32193
32196
32197
32198
32201
32202
32203
32206
32208
32209
32210
32212
32214
32218
32223
32225
32231
32234
32235
32237
32238
32239
32240
32241
32243
32244
32248
32252
32255
32256
32258
32262
32263
32264
32266
32267
32273
32274
32278
32279
32280
32281
32282
32284
32285
32286
32289
32290
32291
32292
32294
32295
32296
32297
32299
32300
32301
32305
32306
32307
32311
32313
32314
32315
32316
32317
32319
32320
32321
32323
32324
32325
32328
32329
32330
32331
32333
32335
32338
32339
32340
32341
32342
32343
32350
32351
32352
32356
32360
32364
32368
32369
32370
32371
32372
32375
32376
32378
32382
32384
32385
32386
32388
32389
32392
32393
32395
32396
32398
32399
32401
32403
32404
32409
32410
32411
32412
32413
32414
32415
32416
32417
32419
32421
32422
32423
32424
32425
32427
32431
32436
32437
32442
32443
32444
32446
32447
32448
32449
32452
32453
32454
32457
32458
32459
32462
32465
32467
32468
32469
32470
32471
32476
32478
32479
32480
32482
32483
32485
32486
32488
32490
32491
32492
32493
32496
32498
32499
32500
32501
32503
32504
32505
32506
32509
32510
32511
32513
32514
32516
32517
32520
32521
32524
32527
32528
32531
32532
32533
32536
32537
32538
32539
32540
32542
32543
32544
32547
32549
32554
32555
32556
32558
32560
32561
32562
32563
32566
32567
32570
32572
32574
32576
32577
32578
32579
32581
32583
32584
32585
32587
32590
32592
32593
32594
32595
32596
32598
32605
32608
32609
32611
32612
32613
32614
32615
32617
32619
32620
32621
32622
32623
32624
32626
32627
32628
32629
32631
32632
32637
32639
32640
32641
32642
32645
32646
32653
32654
32658
32659
32662
32666
32667
32672
32675
32676
32677
32679
32682
32683
32684
32685
32686
32687
32688
32692
32693
32694
32699
32700
32701
32703
32704
32705
32708
32709
32710
32711
32712
32714
32715
32716
32718
32719
32720
32721
32723
32726
32727
32729
32731
32732
32733
32735
32737
32738
32739
32740
32741
32742
32745
32747
32748
32749
32750
32751
32752
32753
32754
32755
32756
32757
32760
32762
32763
32766
32768
32769
32770
32772
32774
32775
32778
32779
32780
32782
32783
32784
32786
32790
32795
32798
32799
32801
32802
32803
32804
32806
32807
32808
32810
32813
32814
32815
32816
32817
32818
32821
32822
32823
32824
32825
32826
32827
32831
32832
32834
32836
32837
32838
32841
32842
32846
32848
32852
32853
32854
32855
32856
32857
32858
32860
32861
32862
32864
32867
32868
32871
32872
32873
32874
32875
32878
32879
32881
32887
32888
32890
32896
32897
32898
32900
32905
32906
32907
32909
32910
32911
32912
32913
32914
32915
32917
32919
32920
32921
32922
32923
32925
32930
32931
32932
32933
32935
32936
32939
32942
32943
32944
32945
32946
32947
32950
32951
32952
32953
32954
32957
32958
32959
32962
32964
32965
32967
32968
32970
32971
32972
32974
32976
32977
32979
32981
32982
32984
32985
32986
32987
32991
32995
32996
32997
32998
32999
33000
33002
33003
33006
33008
33009
33010
33013
33014
33015
33016
33018
33020
33021
33022
33024
33025
33029
33030
33031
33032
33034
33035
33036
33037
33039
33040
33042
33044
33045
33046
33047
33051
33052
33053
33054
33055
33057
33058
33059
33060
33062
33064
33065
33069
33071
33072
33073
33076
33078
33079
33080
33081
33082
33084
33085
33086
33089
33090
33091
33092
33095
33097
33099
33101
33103
33106
33107
33110
33111
33112
33120
33122
33123
33126
33127
33129
33133
33134
33135
33136
33137
33138
33139
33140
33142
33144
33145
33146
33147
33148
33152
33153
33154
33155
33156
33159
33161
33162
33163
33164
33165
33166
33168
33169
33170
33171
33175
33180
33182
33184
33185
33186
33187
33188
33189
33191
33192
33193
33194
33195
33196
33198
33199
33200
33201
33203
33204
33206
33208
33209
33210
33211
33212
33218
33219
33223
33224
33226
33229
33231
33232
33233
33234
33235
33241
33242
33243
33246
33247
33248
33249
33250
33252
33253
33257
33258
33262
33263
33264
33265
33266
33267
33268
33269
33270
33272
33273
33274
33277
33279
33280
33281
33282
33284
33285
33286
33288
33291
33293
33296
33297
33298
33301
33302
33303
33305
33306
33308
33309
33312
33313
33315
33316
33317
33320
33323
33324
33325
33326
33327
33329
33330
33336
33337
33340
33342
33344
33347
33351
33352
33353
33354
33356
33357
33358
33359
33365
33366
33371
33373
33376
33377
33378
33380
33381
33382
33383
33386
33389
33392
33393
33396
33400
33401
33403
33404
33409
33410
33411
33413
33415
33416
33417
33418
33424
33427
33429
33430
33431
33432
33435
33436
33438
33441
33443
33444
33445
33449
33450
33451
33452
33456
33457
33461
33462
33464
33465
33467
33468
33469
33470
33471
33472
33473
33476
33478
33482
33483
33484
33489
33490
33491
33493
33496
33497
33500
33502
33503
33504
33507
33508
33509
33511
33513
33514
33515
33517
33518
33519
33520
33525
33526
33528
33530
33533
33534
33535
33536
33537
33538
33541
33542
33543
33544
33545
33547
33548
33551
33552
33553
33555
33557
33559
33560
33561
33562
33564
33565
33567
33568
33569
33572
33573
33576
33578
33579
33580
33581
33583
33584
33589
33592
33594
33596
33599
33600
33601
33604
33606
33607
33608
33609
33610
33611
33612
33613
33615
33616
33617
33618
33620
33621
33626
33628
33629
33630
33631
33633
33635
33637
33639
33641
33642
33643
33644
33645
33646
33648
33650
33651
33652
33653
33658
33662
33663
33664
33666
33669
33673
33674
33676
33677
33678
33679
33680
33681
33683
33684
33686
33688
33689
33692
33695
33696
33697
33698
33700
33702
33703
33706
33707
33709
33710
33711
33712
33714
33717
33718
33719
33720
33721
33722
33723
33724
33726
33729
33732
33734
33736
33738
33739
33740
33744
33748
33751
33754
33759
33760
33763
33766
33767
33769
33770
33771
33772
33773
33774
33776
33777
33779
33780
33782
33783
33784
33785
33786
33789
33791
33792
33793
33794
33795
33796
33798
33800
33802
33803
33804
33805
33807
33809
33810
33811
33812
33815
33816
33818
33819
33823
33824
33825
33827
33828
33833
33834
33835
33836
33839
33842
33845
33846
33848
33850
33851
33854
33855
33856
33858
33859
33860
33862
33864
33866
33868
33870
33874
33876
33877
33878
33879
33880
33882
33883
33884
33887
33888
33889
33890
33891
33892
33893
33896
33897
33898
33899
33900
33901
33902
33906
33907
33908
33909
33911
33913
33914
33917
33918
33919
33920
33923
33924
33929
33930
33932
33935
33938
33939
33944
33945
33946
33947
33948
33950
33953
33955
33956
33961
33962
33963
33964
33968
33971
33973
33979
33980
33981
33984
33985
33986
33989
33991
33992
33994
33995
33996
33997
33998
34000
34003
34004
34007
34009
34011
34012
34015
34021
34022
34023
34024
34026
34027
34029
34030
34031
34034
34036
34037
34038
34044
34045
34047
34048
34051
34052
34053
34054
34055
34056
34057
34060
34063
34064
34065
34066
34068
34069
34070
34073
34075
34076
34079
34081
34082
34083
34085
34087
34089
34091
34093
34094
34097
34099
34101
34107
34110
34111
34115
34116
34117
34120
34122
34124
34125
34126
34130
34131
34135
34137
34139
34140
34142
34144
34145
34148
34149
34154
34155
34156
34158
34159
34160
34162
34163
34165
34166
34167
34168
34169
34170
34172
34173
34176
34177
34184
34185
34186
34189
34194
34195
34196
34197
34198
34202
34204
34206
34207
34210
34211
34214
34219
34220
34224
34226
34229
34230
34231
34232
34233
34234
34235
34236
34237
34238
34239
34240
34245
34246
34250
34252
34253
34254
34257
34258
34260
34264
34265
34268
34269
34272
34273
34276
34278
34281
34287
34288
34289
34290
34293
34294
34297
34298
34299
34300
34302
34304
34305
34306
34307
34308
34310
34312
34314
34317
34318
34319
34321
34322
34324
34327
34328
34330
34331
34334
34335
34336
34337
34341
34342
34343
34344
34346
34347
34348
34349
34350
34355
34357
34358
34365
34366
34367
34368
34369
34370
34374
34375
34382
34383
34384
34386
34387
34388
34392
34393
34395
34398
34399
34402
34403
34404
34405
34406
34409
34411
34413
34414
34418
34419
34421
34422
34424
34425
34426
34427
34428
34430
34433
34434
34437
34441
34442
34448
34450
34451
34452
34453
34454
34455
34456
34457
34458
34459
34460
34461
34462
34464
34465
34468
34471
34473
34474
34476
34478
34481
34482
34486
34490
34491
34493
34494
34499
34502
34504
34506
34510
34511
34519
34520
34524
34525
34526
34528
34529
34531
34532
34533
34535
34538
34541
34542
34547
34548
34549
34550
34551
34552
34553
34555
34556
34557
34563
34564
34565
34566
34568
34570
34572
34573
34575
34580
34581
34584
34585
34586
34587
34589
34590
34591
34593
34594
34597
34600
34606
34608
34612
34614
34620
34621
34623
34626
34628
34629
34631
34632
34633
34634
34636
34637
34638
34639
34640
34642
34643
34644
34650
34653
34655
34657
34658
34659
34660
34661
34664
34669
34671
34672
34677
34678
34679
34683
34684
34685
34688
34690
34693
34694
34695
34696
34700
34701
34704
34707
34708
34712
34713
34718
34719
34720
34722
34724
34725
34727
34728
34729
34733
34735
34738
34740
34743
34744
34747
34749
34752
34756
34758
34760
34767
34770
34773
34776
34778
34779
34780
34782
34783
34784
34785
34786
34789
34790
34791
34793
34796
34798
34799
34804
34807
34808
34811
34814
34816
34817
34823
34824
34825
34827
34828
34832
34834
34839
34840
34841
34842
34843
34844
34846
34847
34851
34853
34855
34856
34857
34859
34860
34865
34866
34870
34871
34872
34876
34880
34881
34885
34886
34887
34889
34890
34892
34895
34896
34897
34899
34900
34901
34902
34903
34905
34906
34907
34908
34911
34912
34913
34917
34919
34920
34922
34925
34930
34931
34933
34934
34936
34937
34938
34941
34943
34944
34945
34946
34947
34948
34952
34954
34956
34958
34960
34963
34965
34968
34969
34973
34975
34978
34983
34984
34986
34988
34990
34993
34998
34999
35000
35001
35004
35005
35007
35008
35009
35011
35012
35013
35015
35016
35017
35020
35021
35022
35023
35024
35026
35027
35029
35030
35032
35033
35035
35037
35038
35039
35040
35041
35042
35045
35051
35054
35055
35059
35060
35061
35063
35064
35065
35067
35070
35073
35074
35075
35080
35085
35089
35093
35096
35098
35099
35101
35102
35104
35106
35108
35110
35111
35116
35117
35119
35120
35121
35125
35127
35128
35129
35131
35133
35134
35135
35137
35139
35141
35142
35143
35147
35151
35153
35155
35156
35158
35162
35163
35164
35165
35166
35168
35170
35172
35173
35177
35178
35183
35187
35190
35192
35195
35200
35205
35207
35213
35219
35220
35221
35222
35226
35230
35232
35235
35238
35239
35242
35245
35246
35252
35255
35256
35258
35259
35261
35263
35264
35265
35267
35270
35273
35278
35280
35283
35284
35287
35289
35291
35292
35294
35297
35302
35305
35306
35307
35308
35309
35310
35311
35313
35317
35318
35327
35329
35330
35333
35343
35346
35347
35348
35349
35350
35352
35353
35354
35356
35358
35359
35363
35366
35368
35371
35375
35377
35378
35383
35385
35386
35387
35390
35399
35400
35401
35405
35406
35407
35408
35409
35412
35414
35415
35417
35418
35428
35431
35434
35439
35443
35447
35450
35455
35456
35458
35464
35467
35468
35469
35471
35474
35475
35476
35478
35479
35482
35484
35485
35487
35491
35492
35494
35497
35499
35501
35503
35506
35508
35509
35511
35512
35515
35516
35518
35519
35523
35528
35531
35534
35536
35537
35538
35542
35543
35545
35547
35549
35550
35552
35557
35559
35564
35565
35566
35567
35569
35572
35573
35574
35579
35581
35582
35583
35584
35585
35586
35587
35588
35590
35593
35597
35599
35617
35620
35622
35626
35632
35633
35644
35645
35648
35650
35651
35652
35653
35660
35674
35675
35676
35677
35678
35683
35690
35692
35695
35697
35703
35705
35708
35711
35721
35723
35725
35727
35728
35729
35732
35736
35737
35738
35740
35744
35747
35758
35762
35765
35766
35768
35769
35775
35777
35780
35782
35783
35788
35790
35791
35792
35793
35795
35796
35797
35798
35800
35801
35810
35818
35819
35821
35823
35824
35826
35827
35832
35833
35843
35845
35846
35847
35852
35855
35858
35859
35861
35864
35865
35868
35869
35870
35873
35874
35875
35880
35888
35890
35891
35892
35895
35896
35898
35899
35902
35904
35905
35909
35911
35912
35915
35916
35918
35919
35924
35925
35926
35928
35931
35933
35934
35935
35943
35945
35950
35951
35953
35955
35959
35963
35965
35966
35968
35969
35972
35976
35978
35979
35980
35984
35985
35986
35987
35988
35989
35990
35998
35999
36003
36005
36007
36009
36025
36026
36030
36032
36035
36043
36045
36052
36054
36056
36059
36064
36067
36073
36074
36075
36076
36080
36082
36083
36086
36092
36095
36096
36102
36104
36111
36125
36127
36128
36129
36130
36134
36135
36136
36139
36142
36144
36150
36152
36155
36156
36157
36161
36164
36167
36171
36174
36175
36176
36178
36180
36190
36192
36202
36206
36207
36209
36210
36216
36225
36227
36228
36230
36234
36236
36237
36238
36245
36247
36249
36252
36257
36258
36264
36265
36268
36272
36276
36277
36280
36281
36290
36294
36296
36297
36303
36305
36306
36308
36310
36312
36313
36317
36318
36321
36324
36325
36328
36330
36331
36333
36335
36336
36341
36342
36343
36345
36351
36352
36355
36357
36358
36360
36364
36369
36377
36378
36384
36388
36389
36390
36397
36398
36400
36404
36408
36411
36412
36415
36420
36422
36429
36430
36437
36441
36443
36445
36446
36447
36449
36455
36458
36460
36464
36465
36469
36471
36477
36488
36489
36491
36495
36496
36499
36502
36509
36512
36514
36516
36518
36519
36521
36528
36530
36531
36532
36539
36540
36541
36545
36547
36550
36553
36559
36561
36568
36576
36579
36580
36583
36584
36585
36589
36591
36593
36594
36596
36598
36604
36608
36611
36613
36615
36618
36619
36621
36624
36625
36630
36633
36635
36638
36639
36640
36641
36646
36654
36665
36666
36668
36669
36671
36672
36678
36681
36683
36684
36690
36695
36700
36702
36705
36708
36709
36712
36716
36717
36726
36729
36735
36736
36740
36741
36742
36744
36745
36746
36747
36749
36750
36752
36756
36763
36764
36765
36766
36770
36772
36781
36786
36787
36799
36806
36810
36814
36820
36822
36823
36825
36827
36828
36829
36830
36835
36838
36842
36850
36855
36859
36862
36866
36867
36873
36884
36885
36895
36899
36900
36904
36907
36913
36922
36923
36924
36930
36939
36940
36943
36949
36950
36951
36954
36962
36968
36974
36975
36976
36984
36985
36987
36988
36991
36995
37007
37009
37011
37014
37016
37019
37020
37023
37025
37026
37030
37033
37035
37037
37038
37046
37048
37064
37073
37076
37077
37078
37080
37082
37085
37088
37092
37094
37102
37103
37104
37109
37115
37116
37118
37121
37122
37125
37130
37131
37135
37136
37138
37144
37151
37157
37161
37163
37171
37177
37181
37182
37188
37190
37196
37197
37198
37202
37203
37217
37220
37222
37223
37225
37228
37239
37241
37242
37247
37252
37270
37272
37273
37277
37279
37282
37284
37285
37289
37292
37295
37297
37307
37313
37314
37316
37329
37337
37342
37343
37360
37361
37362
37363
37364
37368
37370
37373
37374
37379
37380
37381
37383
37389
37402
37404
37405
37407
37412
37419
37422
37434
37435
37437
37438
37439
37441
37445
37455
37465
37471
37479
37482
37501
37505
37508
37512
37517
37519
37529
37534
37541
37543
37546
37555
37572
37576
37577
37581
37583
37584
37587
37598
37602
37609
37615
37621
37625
37627
37633
37635
37638
37639
37648
37657
37663
37666
37667
37671
37679
37680
37681
37693
37697
37706
37712
37719
37720
37727
37733
37736
37738
37757
37758
37769
37773
37781
37786
37788
37790
37801
37804
37805
37806
37809
37810
37815
37818
37825
37826
37828
37835
37836
37843
37851
37854
37857
37859
37865
37868
37870
37875
37877
37879
37880
37882
37893
37894
37900
37903
37910
37915
37925
37931
37934
37940
37942
37946
37951
37955
37956
37958
37959
37964
37966
37968
37969
37975
37980
37989
37990
37999
38009
38011
38012
38014
38016
38023
38031
38035
38036
38039
38051
38053
38056
38060
38061
38062
38070
38074
38075
38076
38077
38083
38088
38090
38096
38101
38106
38107
38110
38117
38122
38125
38126
38129
38133
38134
38137
38138
38140
38142
38146
38160
38161
38162
38165
38166
38167
38179
38184
38189
38194
38197
38201
38202
38206
38208
38210
38216
38217
38218
38221
38225
38226
38229
38234
38238
38242
38244
38256
38257
38258
38259
38262
38270
38271
38272
38274
38279
38280
38291
38294
38297
38298
38301
38310
38311
38313
38315
38319
38329
38354
38356
38363
38371
38373
38375
38376
38381
38384
38386
38389
38390
38393
38395
38398
38402
38404
38410
38411
38412
38415
38416
38417
38426
38428
38432
38437
38438
38449
38453
38456
38461
38466
38473
38474
38478
38480
38482
38488
38489
38493
38509
38512
38513
38520
38526
38527
38528
38535
38537
38538
38540
38545
38546
38549
38553
38554
38557
38560
38562
38569
38576
38578
38580
38581
38584
38588
38593
38598
38603
38604
38608
38613
38616
38617
38620
38625
38629
38630
38632
38634
38635
38636
38644
38646
38647
38651
38654
38656
38659
38660
38663
38665
38667
38674
38675
38680
38687
38693
38694
38699
38704
38708
38710
38713
38715
38717
38719
38726
38727
38728
38732
38736
38739
38740
38742
38745
38747
38749
38755
38756
38757
38760
38764
38765
38767
38770
38774
38776
38783
38786
38789
38790
38792
38794
38797
38798
38805
38807
38808
38813
38815
38817
38819
38820
38821
38825
38827
38828
38832
38833
38837
38844
38847
38848
38851
38852
38856
38861
38864
38868
38869
38878
38885
38891
38892
38893
38910
38912
38919
38923
38924
38935
38936
38938
38941
38955
38963
38970
38971
38975
38976
38980
38990
38991
38995
38997
38998
39021
39026
39029
39038
39050
39057
39059
39060
39063
39066
39071
39074
39076
39078
39088
39091
39093
39094
39097
39098
39103
39105
39106
39111
39132
39133
39146
39147
39150
39158
39161
39162
39163
39164
39165
39168
39171
39176
39179
39189
39199
39200
39203
39209
39213
39217
39223
39228
39229
39231
39236
39237
39240
39247
39250
39253
39255
39256
39257
39258
39265
39269
39271
39272
39275
39277
39278
39279
39281
39285
39286
39288
39289
39292
39299
39303
39305
39311
39317
39324
39325
39326
39328
39335
39337
39340
39343
39345
39353
39355
39357
39358
39361
39362
39363
39364
39366
39367
39368
39371
39374
39379
39385
39387
39392
39393
39398
39400
39401
39405
39406
39407
39408
39409
39412
39415
39419
39422
39423
39428
39430
39433
39440
39442
39443
39444
39445
39446
39451
39455
39463
39465
39468
39472
39473
39477
39478
39480
39483
39485
39488
39489
39493
39498
39510
39511
39512
39516
39517
39518
39519
39523
39524
39525
39531
39536
39538
39539
39545
39554
39555
39561
39567
39571
39574
39577
39580
39584
39588
39591
39592
39593
39603
39611
39618
39619
39620
39623
39628
39633
39638
39639
39647
39649
39650
39651
39660
39664
39670
39672
39673
39680
39685
39690
39694
39700
39715
39717
39722
39724
39726
39729
39731
39733
39736
39738
39739
39740
39742
39747
39759
39760
39761
39765
39766
39771
39785
39786
39792
39794
39796
39797
39798
39799
39800
39811
39812
39814
39815
39818
39820
39821
39823
39831
39833
39834
39836
39837
39840
39841
39854
39856
39860
39861
39863
39870
39873
39881
39882
39883
39884
39886
39887
39888
39891
39898
39899
39902
39903
39905
39907
39909
39910
39914
39918
39924
39928
39934
39938
39939
39945
39963
39964
39973
39980
39981
39983
39984
39985
39986
39988
39994
39998
39999
40002
40011
40016
40017
40021
40028
40029
40030
40031
40032
40037
40042
40046
40051
40056
40057
40069
40071
40072
40074
40075
40076
40083
40089
40093
40099
40100
40102
40113
40114
40115
40116
40117
40118
40119
40121
40124
40130
40138
40139
40140
40143
40146
40147
40153
40155
40158
40160
40166
40171
40174
40175
40176
40178
40180
40182
40185
40191
40193
40194
40197
40200
40201
40203
40204
40205
40212
40213
40214
40215
40216
40217
40218
40220
40223
40224
40225
40226
40234
40239
40240
40241
40242
40246
40247
40248
40250
40260
40264
40265
40269
40272
40274
40277
40279
40286
40290
40291
40293
40302
40303
40307
40310
40313
40323
40325
40327
40334
40336
40339
40342
40343
40346
40348
40352
40353
40359
40360
40365
40371
40376
40378
40381
40382
40383
40385
40386
40388
40390
40395
40397
40399
40404
40405
40409
40411
40412
40420
40423
40427
40428
40430
40434
40437
40441
40442
40444
40449
40453
40456
40457
40458
40460
40461
40464
40466
40467
40469
40471
40474
40476
40477
40483
40484
40491
40493
40494
40495
40500
40502
40506
40509
40510
40515
40523
40524
40530
40535
40536
40537
40541
40546
40549
40550
40551
40553
40554
40555
40561
40562
40564
40565
40567
40568
40569
40571
40574
40575
40577
40579
40580
40584
40588
40595
40596
40600
40604
40605
40607
40608
40609
40613
40620
40622
40625
40627
40629
40634
40637
40638
40640
40642
40643
40645
40647
40654
40656
40659
40660
40662
40663
40674
40676
40677
40678
40679
40683
40685
40692
40697
40702
40704
40710
40713
40716
40718
40720
40721
40726
40731
40732
40734
40736
40737
40740
40741
40743
40747
40750
40753
40760
40766
40767
40768
40769
40771
40773
40783
40784
40785
40793
40795
40800
40801
40804
40807
40808
40809
40810
40812
40814
40816
40818
40820
40821
40824
40825
40830
40839
40840
40842
40843
40846
40847
40848
40857
40858
40859
40868
40872
40873
40875
40876
40878
40883
40888
40891
40893
40895
40897
40899
40903
40907
40909
40911
40913
40915
40916
40917
40920
40921
40922
40923
40929
40933
40934
40940
40950
40958
40959
40963
40965
40967
40972
40975
40976
40980
40981
40982
40983
40984
40987
40988
40995
40997
40998
41000
41001
41003
41008
41010
41011
41013
41014
41015
41020
41024
41026
41028
41029
41030
41031
41033
41035
41045
41048
41049
41053
41059
41060
41062
41065
41066
41067
41070
41072
41076
41078
41083
41087
41088
41089
41090
41092
41097
41100
41104
41109
41112
41114
41115
41119
41121
41124
41125
41128
41132
41137
41138
41146
41148
41150
41153
41156
41158
41159
41162
41164
41165
41167
41171
41177
41179
41180
41182
41185
41186
41189
41192
41204
41213
41214
41218
41222
41223
41226
41228
41230
41236
41240
41244
41247
41248
41249
41250
41256
41260
41265
41266
41269
41273
41274
41275
41279
41285
41287
41292
41295
41298
41299
41300
41302
41306
41312
41313
41314
41319
41321
41326
41329
41330
41331
41337
41338
41345
41347
41352
41361
41364
41365
41366
41368
41370
41376
41377
41378
41383
41385
41389
41394
41395
41403
41413
41418
41420
41425
41427
41433
41434
41439
41440
41443
41445
41447
41453
41456
41458
41461
41462
41463
41465
41467
41477
41478
41481
41483
41487
41489
41490
41498
41504
41506
41509
41510
41514
41515
41518
41519
41523
41525
41529
41530
41531
41536
41540
41547
41548
41549
41550
41551
41555
41556
41558
41561
41562
41563
41565
41566
41571
41572
41574
41585
41591
41595
41601
41603
41605
41608
41609
41611
41612
41615
41617
41620
41628
41630
41631
41634
41636
41639
41642
41648
41651
41660
41662
41664
41667
41669
41681
41683
41686
41688
41691
41693
41694
41696
41699
41711
41713
41715
41716
41717
41723
41728
41730
41733
41735
41740
41743
41744
41745
41747
41754
41765
41766
41767
41768
41769
41770
41772
41773
41774
41776
41777
41779
41785
41788
41791
41795
41798
41800
41801
41803
41804
41806
41807
41808
41809
41812
41815
41816
41818
41820
41821
41822
41823
41827
41829
41831
41832
41837
41839
41840
41845
41848
41854
41857
41859
41863
41865
41866
41869
41871
41881
41888
41896
41898
41907
41908
41909
41911
41912
41913
41915
41918
41919
41922
41924
41934
41937
41942
41943
41944
41950
41951
41965
41966
41967
41968
41973
41976
41977
41980
41981
41983
41985
41990
41991
41995
41997
41998
42004
42005
42007
42009
42011
42013
42014
42016
42023
42025
42026
42030
42034
42040
42041
42042
42043
42044
42048
42051
42055
42058
42064
42065
42066
42067
42068
42069
42072
42073
42077
42080
42081
42083
42085
42086
42087
42088
42090
42097
42099
42104
42106
42109
42111
42113
42114
42116
42118
42121
42129
42130
42132
42133
42134
42135
42140
42141
42142
42145
42146
42147
42148
42149
42151
42157
42159
42167
42171
42173
42180
42182
42183
42184
42188
42190
42193
42194
42195
42198
42199
42201
42203
42205
42206
42207
42209
42210
42214
42215
42217
42218
42219
42221
42222
42225
42227
42229
42231
42234
42241
42242
42244
42246
42247
42253
42254
42260
42263
42264
42266
42268
42269
42276
42278
42279
42281
42283
42285
42288
42290
42293
42295
42297
42298
42315
42318
42323
42324
42325
42326
42329
42330
42331
42333
42336
42337
42338
42340
42343
42344
42350
42352
42353
42356
42358
42359
42361
42368
42370
42373
42376
42377
42379
42380
42381
42382
42386
42387
42389
42391
42392
42393
42397
42399
42402
42403
42404
42408
42411
42415
42416
42417
42418
42421
42427
42428
42429
42432
42435
42443
42445
42449
42450
42451
42454
42458
42459
42460
42462
42465
42467
42469
42474
42478
42480
42481
42484
42485
42487
42489
42492
42493
42494
42499
42502
42504
42505
42511
42512
42515
42519
42526
42528
42530
42532
42536
42538
42542
42545
42546
42547
42549
42557
42559
42568
42571
42574
42575
42579
42588
42589
42591
42592
42594
42599
42604
42605
42607
42608
42610
42612
42613
42614
42615
42616
42617
42618
42620
42623
42624
42625
42629
42630
42631
42634
42637
42639
42645
42646
42649
42656
42663
42664
42665
42667
42672
42679
42685
42686
42689
42691
42692
42696
42697
42698
42699
42700
42703
42704
42706
42707
42708
42709
42710
42711
42713
42714
42717
42718
42720
42721
42723
42726
42728
42730
42735
42739
42745
42746
42747
42756
42759
42761
42762
42763
42764
42765
42766
42767
42770
42777
42779
42780
42782
42784
42785
42787
42789
42793
42800
42802
42804
42806
42809
42810
42811
42812
42813
42814
42815
42817
42818
42820
42824
42826
42827
42828
42829
42830
42832
42833
42835
42844
42845
42847
42848
42851
42854
42855
42856
42857
42858
42860
42862
42866
42869
42870
42871
42872
42877
42881
42883
42887
42890
42897
42899
42901
42902
42903
42909
42910
42912
42913
42914
42921
42923
42924
42927
42930
42931
42941
42943
42944
42945
42946
42947
42951
42952
42953
42954
42955
42958
42959
42962
42964
42967
42969
42970
42971
42972
42975
42976
42977
42980
42981
42982
42983
42984
42985
42988
42989
42993
42995
42996
42997
43000
43004
43007
43008
43009
43012
43015
43018
43022
43023
43024
43025
43026
43029
43032
43033
43034
43037
43038
43041
43042
43043
43044
43046
43047
43050
43051
43052
43055
43056
43057
43058
43059
43061
43062
43065
43068
43070
43072
43077
43078
43081
43083
43085
43087
43091
43092
43094
43095
43096
43098
43101
43102
43103
43109
43111
43112
43113
43115
43118
43120
43121
43123
43124
43125
43128
43131
43132
43133
43134
43135
43136
43139
43140
43142
43143
43148
43154
43156
43158
43160
43164
43169
43176
43182
43183
43184
43185
43186
43187
43188
43189
43193
43200
43201
43203
43204
43205
43209
43211
43212
43214
43216
43218
43219
43223
43224
43225
43226
43228
43229
43231
43232
43234
43235
43237
43239
43240
43245
43251
43253
43255
43256
43257
43259
43260
43269
43278
43279
43280
43281
43282
43283
43284
43285
43292
43293
43296
43298
43299
43300
43301
43308
43309
43312
43315
43317
43318
43320
43322
43324
43326
43328
43329
43332
43335
43337
43340
43342
43343
43348
43349
43350
43351
43352
43353
43355
43356
43357
43359
43361
43362
43363
43364
43366
43367
43370
43371
43372
43375
43376
43380
43384
43385
43388
43390
43392
43395
43398
43403
43405
43409
43410
43411
43413
43414
43415
43417
43418
43419
43422
43423
43424
43426
43427
43428
43429
43431
43436
43437
43445
43447
43448
43450
43451
43452
43456
43457
43459
43460
43464
43465
43466
43468
43473
43480
43483
43484
43485
43487
43490
43492
43496
43499
43503
43504
43506
43508
43510
43511
43512
43514
43515
43516
43521
43522
43525
43532
43533
43534
43535
43539
43543
43544
43545
43547
43552
43553
43557
43558
43559
43560
43564
43568
43569
43576
43577
43582
43583
43586
43590
43595
43598
43599
43600
43602
43605
43607
43608
43609
43612
43614
43617
43619
43620
43621
43622
43623
43625
43626
43630
43631
43632
43636
43641
43642
43643
43644
43648
43649
43650
43653
43654
43655
43657
43663
43664
43666
43671
43672
43675
43677
43679
43680
43681
43682
43683
43686
43687
43689
43691
43692
43693
43694
43696
43703
43705
43706
43710
43711
43714
43716
43717
43721
43724
43725
43726
43728
43729
43730
43732
43735
43737
43738
43739
43740
43742
43743
43747
43750
43751
43754
43756
43758
43761
43762
43765
43769
43770
43771
43772
43773
43777
43783
43787
43789
43790
43792
43794
43795
43796
43797
43798
43799
43801
43802
43806
43807
43808
43815
43818
43820
43825
43827
43829
43832
43834
43837
43840
43843
43844
43848
43849
43850
43852
43855
43856
43857
43859
43860
43861
43865
43867
43868
43872
43875
43876
43879
43880
43882
43883
43885
43887
43888
43889
43890
43891
43893
43895
43900
43902
43906
43908
43918
43919
43920
43921
43922
43923
43925
43926
43927
43929
43932
43934
43939
43941
43942
43943
43944
43945
43946
43947
43948
43949
43950
43951
43952
43954
43958
43963
43964
43965
43966
43968
43970
43971
43972
43974
43977
43979
43981
43982
43985
43987
43988
43989
43990
43991
43993
43994
43996
43998
44000
44001
44002
44004
44006
44009
44011
44012
44013
44015
44016
44017
44018
44021
44022
44025
44029
44034
44037
44038
44039
44043
44044
44049
44050
44052
44056
44057
44058
44061
44067
44073
44074
44075
44076
44077
44078
44079
44082
44086
44088
44090
44091
44093
44097
44102
44105
44107
44110
44111
44112
44113
44116
44117
44118
44119
44120
44121
44123
44128
44129
44131
44134
44138
44139
44140
44141
44143
44145
44147
44150
44152
44154
44155
44156
44157
44158
44161
44165
44167
44170
44172
44175
44178
44179
44180
44182
44183
44184
44186
44187
44188
44191
44192
44194
44195
44197
44203
44204
44206
44207
44209
44210
44211
44217
44220
44221
44222
44224
44225
44227
44228
44229
44230
44231
44232
44233
44234
44235
44236
44238
44239
44241
44243
44244
44245
44246
44248
44250
44253
44259
44261
44262
44263
44264
44265
44266
44267
44275
44276
44278
44280
44281
44282
44283
44284
44287
44288
44292
44293
44296
44297
44298
44299
44303
44304
44307
44311
44313
44314
44315
44317
44318
44319
44322
44324
44325
44326
44327
44328
44329
44331
44335
44336
44337
44338
44339
44340
44345
44346
44347
44350
44354
44356
44357
44359
44360
44361
44363
44365
44368
44371
44373
44374
44376
44377
44380
44381
44384
44389
44394
44395
44396
44399
44401
44403
44404
44408
44411
44412
44413
44414
44418
44419
44423
44425
44426
44427
44428
44429
44431
44432
44434
44435
44436
44439
44441
44445
44447
44450
44453
44455
44459
44463
44464
44465
44466
44468
44469
44471
44476
44477
44482
44483
44484
44486
44487
44488
44489
44490
44491
44493
44498
44499
44500
44501
44503
44504
44507
44509
44511
44512
44513
44514
44515
44518
44520
44521
44525
44526
44527
44528
44529
44530
44531
44535
44540
44541
44548
44552
44553
44556
44559
44560
44563
44564
44567
44568
44570
44572
44573
44576
44578
44580
44581
44582
44585
44592
44595
44596
44599
44603
44605
44606
44607
44610
44614
44619
44622
44623
44624
44625
44627
44628
44630
44631
44632
44637
44641
44645
44646
44648
44649
44651
44652
44654
44655
44657
44658
44660
44663
44665
44666
44667
44668
44669
44674
44675
44676
44678
44679
44680
44681
44686
44689
44690
44691
44693
44695
44696
44699
44702
44703
44706
44707
44708
44709
44710
44715
44716
44718
44719
44720
44725
44728
44730
44735
44736
44737
44738
44740
44741
44742
44743
44745
44748
44749
44750
44752
44755
44759
44761
44763
44764
44765
44770
44776
44777
44779
44780
44787
44790
44793
44796
44798
44799
44800
44802
44804
44806
44808
44813
44814
44817
44818
44821
44824
44827
44828
44830
44831
44833
44834
44835
44836
44837
44841
44842
44844
44846
44848
44849
44852
44855
44859
44860
44861
44868
44872
44874
44879
44880
44881
44883
44884
44885
44886
44887
44889
44890
44892
44893
44894
44895
44897
44898
44899
44900
44902
44904
44905
44908
44910
44911
44912
44913
44914
44916
44917
44918
44920
44922
44924
44927
44929
44932
44933
44934
44935
44936
44940
44941
44942
44943
44944
44947
44948
44949
44951
44952
44953
44954
44955
44957
44959
44962
44963
44965
44966
44967
44968
44969
44971
44972
44973
44974
44975
44976
44977
44980
44982
44983
44985
44986
44987
44988
44989
44991
44992
44995
44996
44997
44999
45001
45002
45008
45009
45010
45013
45014
45016
45019
45021
45022
45026
45030
45031
45035
45037
45038
45039
45043
45044
45045
45046
45047
45048
45050
45053
45054
45055
45056
45058
45059
45061
45062
45065
45067
45069
45070
45071
45073
45074
45075
45076
45078
45079
45081
45082
45086
45088
45089
45092
45094
45095
45097
45104
45106
45108
45111
45112
45113
45114
45116
45117
45118
45119
45120
45121
45122
45124
45125
45126
45127
45128
45129
45130
45132
45133
45135
45138
45139
45140
45141
45142
45147
45148
45151
45152
45154
45155
45157
45158
45160
45161
45162
45163
45165
45168
45170
45171
45172
45174
45175
45176
45177
45178
45180
45181
45183
45184
45186
45187
45190
45191
45193
45198
45199
45202
45204
45205
45209
45210
45212
45215
45217
45219
45222
45224
45225
45226
45227
45230
45233
45234
45235
45236
45238
45239
45240
45241
45246
45247
45249
45257
45260
45261
45262
45264
45266
45271
45272
45274
45276
45278
45280
45281
45282
45283
45285
45286
45287
45289
45290
45291
45293
45295
45304
45307
45308
45309
45310
45314
45315
45317
45320
45324
45325
45326
45328
45329
45336
45339
45341
45343
45347
45348
45350
45352
45353
45355
45357
45358
45359
45360
45361
45362
45363
45364
45368
45369
45371
45372
45373
45375
45376
45377
45378
45381
45383
45384
45386
45389
45390
45393
45394
45397
45398
45400
45402
45405
45406
45407
45408
45410
45418
45419
45421
45423
45424
45427
45428
45429
45430
45433
45435
45436
45437
45438
45440
45441
45445
45447
45448
45451
45454
45456
45458
45460
45463
45464
45465
45468
45469
45470
45471
45472
45474
45475
45476
45477
45480
45481
45482
45483
45486
45487
45489
45491
45493
45494
45495
45496
45497
45498
45499
45500
45502
45504
45505
45506
45508
45509
45510
45511
45512
45514
45518
45519
45521
45527
45528
45529
45530
45531
45532
45533
45534
45535
45536
45537
45541
45542
45543
45546
45547
45548
45549
45550
45552
45553
45555
45556
45559
45561
45562
45565
45566
45567
45568
45572
45573
45575
45577
45578
45579
45580
45581
45583
45585
45590
45592
45594
45596
45597
45602
45605
45606
45607
45608
45609
45614
45615
45616
45618
45620
45623
45629
45630
45634
45635
45636
45637
45638
45640
45642
45643
45644
45645
45646
45648
45650
45653
45654
45657
45659
45660
45661
45662
45666
45671
45674
45675
45677
45678
45680
45683
45687
45688
45690
45694
45695
45696
45697
45698
45699
45702
45705
45709
45710
45711
45712
45716
45718
45721
45722
45723
45728
45729
45730
45732
45733
45734
45735
45739
45741
45742
45747
45752
45753
45754
45755
45758
45759
45764
45766
45767
45768
45769
45770
45773
45775
45776
45777
45778
45779
45780
45781
45783
45785
45787
45788
45791
45793
45795
45797
45800
45801
45802
45804
45805
45807
45808
45811
45815
45817
45819
45822
45823
45825
45826
45828
45830
45831
45838
45839
45841
45842
45843
45849
45850
45852
45854
45855
45856
45858
45860
45861
45862
45864
45872
45873
45875
45876
45877
45880
45881
45882
45884
45886
45888
45890
45898
45899
45901
45902
45904
45906
45916
45917
45918
45920
45921
45923
45924
45925
45926
45927
45928
45931
45934
45935
45936
45938
45939
45941
45942
45943
45944
45945
45954
45955
45958
45959
45962
45963
45964
45966
45967
45969
45970
45971
45972
45974
45975
45976
45980
45982
45986
45987
45989
45990
45993
45997
45999
46001
46003
46005
46006
46007
46008
46009
46010
46012
46013
46014
46018
46019
46024
46025
46029
46032
46034
46039
46042
46044
46047
46049
46050
46051
46052
46054
46055
46057
46058
46059
46062
46063
46069
46070
46071
46072
46073
46075
46076
46077
46080
46085
46086
46088
46090
46091
46100
46101
46104
46109
46111
46112
46113
46114
46115
46117
46119
46121
46123
46127
46130
46131
46133
46135
46139
46142
46144
46146
46147
46148
46149
46154
46155
46156
46157
46158
46159
46160
46164
46167
46168
46169
46170
46173
46174
46175
46176
46178
46184
46185
46187
46189
46191
46193
46195
46196
46197
46202
46203
46204
46208
46209
46212
46215
46217
46219
46220
46221
46222
46223
46224
46225
46227
46229
46231
46233
46234
46236
46238
46239
46241
46242
46244
46245
46246
46247
46249
46250
46252
46254
46256
46257
46260
46265
46266
46267
46268
46270
46271
46273
46275
46276
46277
46280
46281
46282
46283
46286
46287
46292
46293
46294
46295
46296
46299
46302
46304
46307
46308
46309
46310
46313
46316
46317
46318
46319
46320
46321
46322
46323
46324
46325
46330
46332
46333
46334
46335
46338
46339
46341
46344
46345
46346
46348
46350
46352
46353
46356
46357
46358
46361
46362
46363
46364
46365
46366
46367
46370
46372
46373
46375
46377
46378
46379
46380
46381
46383
46386
46387
46389
46393
46395
46397
46398
46399
46401
46402
46403
46405
46406
46408
46409
46410
46412
46414
46415
46417
46419
46422
46425
46431
46436
46438
46441
46442
46445
46446
46447
46448
46453
46454
46455
46456
46458
46459
46461
46464
46465
46468
46469
46470
46471
46473
46474
46476
46477
46478
46479
46480
46483
46485
46487
46488
46489
46491
46493
46499
46502
46503
46504
46505
46507
46508
46509
46510
46514
46517
46520
46521
46523
46525
46527
46529
46530
46533
46537
46539
46544
46546
46547
46549
46550
46552
46553
46557
46559
46561
46563
46564
46565
46568
46569
46572
46573
46575
46577
46580
46581
46584
46585
46586
46587
46588
46589
46590
46591
46595
46596
46599
46601
46602
46603
46604
46606
46609
46612
46616
46619
46620
46621
46622
46624
46625
46626
46632
46633
46634
46635
46636
46637
46638
46639
46647
46648
46649
46653
46655
46656
46657
46658
46660
46661
46663
46664
46665
46666
46667
46668
46669
46670
46671
46672
46676
46678
46680
46682
46684
46685
46692
46693
46694
46696
46698
46699
46701
46704
46705
46706
46708
46709
46711
46712
46714
46716
46718
46720
46722
46723
46725
46726
46727
46728
46729
46731
46733
46734
46736
46738
46745
46746
46747
46748
46750
46751
46752
46753
46760
46761
46762
46763
46764
46765
46766
46771
46772
46774
46776
46777
46779
46780
46782
46784
46788
46789
46790
46792
46793
46794
46796
46798
46799
46800
46801
46802
46803
46804
46805
46807
46808
46811
46813
46814
46815
46816
46817
46818
46822
46824
46827
46828
46829
46831
46833
46834
46836
46837
46838
46840
46841
46842
46843
46844
46846
46849
46850
46851
46852
46853
46854
46856
46857
46858
46859
46860
46861
46862
46863
46865
46866
46867
46868
46869
46871
46874
46875
46880
46881
46882
46884
46886
46887
46889
46890
46891
46892
46895
46896
46901
46902
46903
46906
46907
46908
46910
46912
46914
46915
46916
46917
46922
46924
46926
46928
46930
46933
46936
46937
46938
46939
46940
46942
46943
46944
46945
46946
46948
46949
46950
46951
46953
46954
46956
46957
46959
46964
46966
46967
46969
46971
46972
46973
46974
46975
46976
46977
46980
46981
46984
46985
46986
46987
46988
46990
46992
46995
46996
46998
46999
47003
47005
47007
47008
47009
47014
47016
47017
47019
47020
47022
47023
47025
47027
47030
47031
47032
47034
47035
47037
47038
47040
47042
47043
47044
47046
47047
47049
47053
47054
47056
47057
47058
47059
47061
47062
47063
47064
47067
47069
47070
47071
47073
47074
47075
47078
47079
47085
47086
47087
47090
47092
47093
47095
47097
47099
47100
47101
47103
47104
47110
47111
47113
47114
47121
47122
47123
47125
47126
47127
47128
47129
47130
47132
47136
47137
47141
47144
47145
47146
47147
47151
47152
47153
47154
47157
47158
47159
47160
47161
47163
47165
47166
47167
47168
47169
47171
47172
47174
47175
47179
47181
47183
47186
47190
47191
47192
47194
47195
47197
47199
47201
47205
47209
47210
47212
47213
47214
47215
47218
47219
47221
47222
47223
47226
47229
47231
47232
47234
47236
47238
47241
47242
47243
47246
47248
47249
47250
47253
47255
47256
47258
47261
47262
47265
47266
47267
47268
47269
47270
47271
47275
47276
47277
47278
47279
47281
47282
47284
47287
47289
47291
47293
47295
47296
47297
47298
47299
47300
47301
47303
47305
47306
47307
47309
47311
47312
47314
47315
47316
47318
47319
47320
47321
47322
47324
47326
47331
47332
47333
47334
47338
47339
47341
47342
47343
47344
47345
47346
47347
47349
47354
47355
47356
47357
47358
47360
47364
47365
47367
47368
47369
47370
47371
47375
47377
47382
47385
47386
47388
47391
47393
47394
47395
47396
47398
47400
47402
47403
47405
47406
47407
47408
47409
47410
47412
47413
47416
47417
47418
47420
47422
47423
47424
47426
47427
47429
47430
47431
47434
47435
47437
47439
47441
47442
47443
47444
47445
47446
47448
47449
47450
47453
47455
47459
47462
47463
47464
47467
47471
47475
47476
47477
47478
47479
47480
47482
47484
47486
47489
47490
47492
47493
47495
47497
47498
47499
47500
47501
47504
47507
47508
47509
47511
47513
47514
47516
47517
47518
47519
47521
47522
47523
47524
47525
47526
47528
47529
47530
47531
47532
47533
47534
47535
47537
47540
47544
47545
47549
47551
47552
47553
47554
47556
47557
47558
47559
47561
47562
47563
47564
47565
47566
47568
47569
47570
47573
47574
47577
47579
47581
47583
47584
47587
47588
47589
47591
47593
47594
47595
47598
47599
47600
47603
47606
47607
47610
47611
47612
47614
47617
47618
47621
47622
47623
47624
47636
47637
47639
47642
47643
47644
47646
47650
47651
47652
47653
47654
47655
47656
47659
47660
47665
47666
47667
47669
47670
47672
47673
47674
47675
47677
47679
47680
47681
47682
47685
47686
47687
47690
47691
47693
47695
47696
47697
47699
47700
47701
47702
47704
47707
47708
47712
47718
47719
47721
47722
47723
47724
47725
47730
47732
47733
47739
47740
47743
47744
47745
47746
47748
47749
47750
47755
47756
47757
47759
47761
47762
47763
47764
47765
47766
47767
47768
47770
47771
47772
47773
47774
47775
47776
47777
47778
47780
47781
47784
47785
47786
47788
47792
47793
47794
47795
47797
47798
47800
47801
47803
47804
47805
47806
47807
47808
47809
47811
47812
47813
47815
47816
47818
47819
47820
47827
47829
47830
47831
47832
47834
47836
47837
47841
47844
47846
47848
47849
47850
47851
47853
47854
47855
47856
47857
47859
47862
47863
47864
47867
47869
47871
47872
47873
47876
47877
47878
47880
47882
47883
47884
47885
47886
47887
47888
47890
47891
47892
47893
47894
47895
47896
47897
47898
47899
47901
47902
47903
47904
47905
47906
47908
47910
47912
47914
47916
47917
47918
47919
47920
47922
47923
47924
47925
47926
47928
47930
47932
47933
47934
47935
47936
47939
47940
47941
47942
47943
47944
47946
47947
47948
47949
47950
47954
47956
47958
47960
47962
47963
47964
47965
47966
47967
47968
47969
47971
47976
47979
47981
47983
47985
47986
47989
47990
47991
47992
47993
47994
47995
47996
47998
48002
48004
48006
48008
48009
48010
48012
48013
48014
48015
48016
48017
48019
48021
48023
48024
48029
48032
48033
48035
48036
48038
48039
48041
48043
48044
48045
48046
48047
48048
48050
48051
48052
48053
48055
48057
48058
48059
48060
48061
48064
48066
48067
48069
48070
48071
48072
48073
48074
48075
48076
48077
48078
48079
48082
48083
48084
48085
48086
48087
48088
48091
48092
48093
48096
48099
48100
48102
48103
48111
48112
48113
48114
48115
48116
48117
48119
48120
48122
48124
48125
48126
48127
48128
48129
48130
48132
48136
48138
48139
48141
48142
48143
48148
48152
48153
48154
48156
48158
48160
48161
48163
48165
48166
48167
48170
48171
48172
48173
48174
48175
48178
48179
48180
48181
48183
48184
48188
48191
48192
48194
48195
48200
48201
48203
48204
48205
48206
48207
48208
48209
48210
48212
48213
48214
48217
48219
48220
48221
48222
48223
48224
48226
48229
48231
48232
48233
48237
48240
48241
48243
48245
48246
48248
48249
48251
48254
48256
48258
48260
48261
48262
48263
48265
48266
48267
48270
48271
48272
48275
48276
48277
48278
48279
48280
48281
48282
48283
48284
48285
48286
48287
48288
48289
48292
48293
48294
48296
48299
48301
48303
48308
48310
48312
48313
48314
48316
48317
48318
48319
48320
48322
48324
48325
48326
48327
48331
48333
48334
48335
48336
48338
48339
48341
48342
48343
48344
48345
48346
48347
48348
48349
48350
48352
48353
48354
48355
48356
48359
48360
48361
48362
48365
48366
48369
48370
48371
48372
48373
48374
48375
48376
48378
48382
48383
48385
48386
48387
48388
48393
48394
48396
48398
48400
48401
48403
48404
48405
48407
48411
48412
48413
48416
48418
48419
48421
48422
48423
48424
48426
48431
48432
48434
48435
48436
48437
48439
48440
48441
48442
48446
48447
48450
48452
48456
48458
48459
48460
48461
48463
48464
48465
48466
48467
48468
48469
48471
48473
48476
48477
48479
48480
48481
48482
48483
48484
48487
48488
48489
48490
48491
48492
48494
48495
48496
48497
48499
48500
48501
48503
48504
48506
48507
48508
48509
48510
48511
48512
48513
48514
48515
48517
48518
48519
48520
48521
48522
48523
48524
48525
48526
48527
48528
48530
48531
48532
48533
48534
48535
48536
48537
48538
48539
48540
48541
48542
48543
48546
48547
48548
48549
48550
48552
48554
48555
48556
48557
48559
48560
48561
48562
48563
48564
48567
48568
48569
48570
48575
48576
48580
48581
48585
48586
48588
48589
48591
48592
48593
48595
48596
48597
48598
48600
48601
48602
48604
48606
48607
48608
48609
48610
48612
48613
48614
48618
48619
48620
48621
48623
48624
48625
48626
48627
48629
48630
48632
48634
48635
48636
48640
48641
48645
48646
48647
48648
48651
48653
48655
48656
48657
48658
48660
48661
48662
48663
48664
48667
48668
48669
48670
48671
48674
48676
48677
48680
48682
48684
48685
48686
48688
48689
48692
48695
48697
48698
48699
48700
48702
48704
48705
48706
48707
48708
48710
48711
48712
48713
48715
48716
48718
48720
48721
48723
48726
48728
48730
48733
48734
48738
48739
48740
48741
48742
48743
48745
48746
48747
48748
48749
48750
48753
48755
48756
48757
48758
48759
48760
48761
48762
48763
48764
48765
48766
48769
48770
48771
48772
48773
48774
48775
48777
48779
48781
48782
48783
48784
48785
48786
48787
48788
48789
48790
48793
48794
48795
48796
48798
48800
48801
48802
48803
48805
48806
48807
48808
48809
48810
48811
48812
48814
48815
48816
48817
48818
48819
48820
48822
48823
48824
48825
48826
48828
48829
48830
48832
48834
48835
48836
48837
48838
48839
48842
48843
48844
48845
48846
48847
48848
48850
48851
48852
48855
48857
48859
48860
48862
48865
48866
48867
48868
48869
48870
48872
48874
48875
48876
48878
48879
48885
48887
48888
48889
48891
48893
48894
48896
48897
48898
48900
48901
48904
48905
48906
48907
48908
48909
48910
48912
48913
48914
48915
48916
48917
48918
48919
48920
48921
48922
48923
48925
48926
48928
48929
48930
48931
48932
48935
48936
48938
48939
48942
48943
48946
48947
48948
48949
48951
48952
48954
48955
48956
48959
48960
48961
48962
48964
48966
48967
48968
48969
48971
48973
48974
48975
48976
48977
48978
48982
48983
48984
48985
48986
48987
48989
48990
48991
48992
48993
48994
48995
48997
48998
49001
49002
49004
49006
49007
49008
49010
49012
49013
49014
49015
49016
49017
49019
49021
49022
49023
49025
49026
49027
49028
49030
49033
49034
49035
49036
49038
49039
49040
49044
49045
49046
49048
49049
49051
49052
49053
49055
49056
49062
49063
49064
49065
49066
49069
49070
49071
49073
49074
49075
49077
49078
49079
49080
49081
49082
49084
49085
49087
49088
49090
49091
49092
49093
49094
49096
49097
49098
49099
49101
49102
49103
49104
49105
49106
49107
49108
49109
49110
49111
49112
49114
49115
49117
49118
49120
49122
49123
49124
49125
49126
49128
49129
49130
49132
49134
49135
49137
49138
49139
49142
49143
49145
49147
49149
49151
49152
49153
49156
49157
49158
49159
49160
49161
49162
49163
49165
49166
49167
49168
49170
49173
49174
49175
49176
49178
49179
49180
49182
49183
49185
49186
49187
49193
49194
49196
49197
49200
49201
49202
49203
49205
49209
49210
49211
49212
49217
49218
49219
49220
49221
49222
49223
49224
49225
49226
49229
49230
49231
49232
49233
49234
49235
49236
49237
49238
49239
49240
49241
49243
49245
49247
49248
49250
49251
49252
49253
49254
49256
49258
49259
49260
49261
49264
49265
49266
49267
49270
49273
49274
49277
49278
49279
49280
49281
49282
49283
49284
49285
49288
49290
49292
49293
49295
49297
49299
49300
49301
49302
49304
49305
49306
49307
49308
49309
49310
49311
49312
49313
49314
49316
49317
49318
49319
49321
49322
49325
49326
49327
49328
49329
49331
49332
49335
49336
49339
49340
49341
49345
49346
49347
49348
49352
49354
49355
49356
49358
49359
49360
49363
49364
49366
49367
49368
49369
49371
49372
49373
49374
49375
49376
49377
49378
49379
49380
49381
49384
49385
49386
49387
49388
49389
49391
49394
49395
49396
49397
49398
49399
49400
49401
49403
49404
49406
49408
49411
49412
49413
49414
49416
49417
49419
49420
49421
49424
49425
49426
49427
49428
49429
49430
49431
49433
49434
49435
49436
49439
49440
49441
49442
49444
49445
49446
49448
49449
49450
49453
49454
49455
49457
49458
49459
49461
49464
49467
49468
49469
49470
49472
49473
49474
49475
49476
49478
49479
49480
49481
49482
49483
49486
49487
49488
49489
49490
49493
49495
49496
49497
49498
49499
49501
49503
49504
49505
49506
49507
49508
49509
49510
49511
49512
49513
49515
49516
49518
49520
49521
49522
49524
49525
49526
49527
49528
49529
49530
49532
49533
49535
49536
49538
49539
49540
49541
49542
49547
49548
49549
49552
49553
49554
49557
49558
49560
49561
49562
49563
49564
49565
49566
49569
49571
49572
49573
49574
49575
49576
49578
49579
49580
49581
49584
49585
49587
49589
49590
49591
49593
49594
49595
49596
49597
49598
49599
49601
49602
49603
49606
49608
49609
49610
49611
49612
49613
49614
49615
49616
49618
49620
49621
49622
49623
49624
49625
49628
49629
49630
49631
49632
49633
49635
49637
49639
49641
49642
49643
49644
49645
49646
49647
49648
49649
49652
49653
49654
49655
49656
49657
49658
49659
49661
49663
49664
49665
49667
49668
49670
49672
49673
49674
49675
49677
49678
49679
49680
49681
49682
49683
49684
49685
49686
49687
49690
49692
49694
49695
49696
49700
49701
49702
49703
49704
49705
49706
49707
49708
49709
49712
49713
49714
49716
49717
49721
49722
49723
49725
49726
49727
49728
49729
49730
49731
49732
49733
49734
49735
49736
49737
49738
49739
49740
49741
49742
49743
49744
49747
49748
49749
49751
49752
49754
49758
49759
49760
49761
49763
49764
49765
49767
49768
49769
49770
49771
49772
49773
49774
49776
49777
49778
49780
49781
49782
49783
49784
49785
49789
49790
49791
49792
49794
49795
49796
49797
49798
49799
49801
49803
49804
49805
49806
49808
49809
49810
49811
49812
49814
49816
49817
49818
49820
49821
49823
49824
49826
49827
49828
49829
49830
49831
49833
49834
49835
49836
49837
49839
49842
49844
49845
49846
49847
49848
49849
49850
49852
49853
49857
49858
49859
49860
49861
49862
49863
49864
49865
49866
49867
49868
49870
49871
49873
49876
49877
49879
49880
49881
49883
49884
49886
49888
49889
49890
49891
49892
49894
49895
49896
49897
49899
49900
49902
49905
49906
49908
49909
49910
49911
49912
49913
49914
49917
49918
49919
49920
49921
49922
49923
49924
49926
49928
49929
49930
49931
49932
49933
49934
49935
49936
49938
49939
49941
49942
49943
49944
49945
49948
49950
49953
49954
49955
49956
49957
49958
49959
49960
49961
49963
49964
49965
49967
49969
49973
49974
49975
49976
49978
49979
49980
49981
49982
49983
49984
49986
49987
49988
49989
49990
49991
49993
49994
49995
49996
49998
49999
50000
50001
50002
50003
50004
50005
50006
50007
50008
50009
50010
50011
50012
50013
50014
50017
50018
50019
50020
50021
50023
50026
50027
50029
50030
50031
50032
50033
50034
50035
50036
50037
50038
50039
50040
50041
50044
50046
50047
50049
50050
50051
50052
50054
50055
50057
50058
50059
50060
50061
50062
50064
50065
50066
50067
50068
50069
50070
50071
50072
50074
50075
50076
50077
50078
50079
50080
50081
50082
50083
50084
50085
50086
50087
50088
50089
50091
50092
50093
50095
50097
50098
50100
50101
50102
50103
50105
50106
50107
50108
50110
50111
50112
50113
50114
50115
50119
50120
50123
50124
50125
50126
50127
50128
50129
50130
50131
50133
50134
50135
50137
50139
50140
50141
50142
50143
50145
50146
50147
50148
50149
50151
50153
50154
50155
50157
50158
50159
50160
50162
50164
50165
50166
50167
50168
50169
50170
50171
50173
50175
50176
50177
50178
50179
50180
50181
50183
50184
50185
50186
50187
50188
50189
50190
50191
50192
50193
50194
50196
50197
50198
50199
50200
50201
50202
50204
50205
50206
50207
50208
50209
50211
50212
50213
50214
50217
50218
50219
50220
50221
50222
50224
50225
50227
50228
50229
50230
50231
50234
50236
50237
50238
50239
50240
50242
50243
50244
50246
50247
50248
50249
50250
50251
50252
50253
50254
50255
50256
50257
50258
50259
50260
50261
50262
50263
50265
50267
50268
50269
50271
50272
50273
50274
50276
50277
50278
50279
50280
50281
50282
50283
50284
50285
50286
50287
50288
50289
50290
50291
50292
50293
50294
50295
50296
50298
50299
50300
50301
50302
50304
50305
50307
50308
50310
50311
50313
50315
50317
50318
50319
50320
50321
50322
50323
50324
50326
50327
50330
50331
50333
50334
50335
50336
50339
50340
50341
50345
50346
50347
50348
50349
50350
50351
50352
50355
50358
50359
50360
50361
50362
50363
50364
50365
50366
50367
50368
50369
50370
50371
50375
50376
50377
50378
50379
50380
50381
50382
50384
50385
50387
50389
50390
50391
50392
50394
50395
50396
50397
50399
50400
50402
50403
50404
50407
50408
50409
50410
50411
50412
50413
50415
50417
50418
50419
50421
50423
50424
50425
50426
50427
50428
50429
50432
50433
50435
50437
50439
50440
50441
50442
50444
50445
50446
50447
50449
50450
50451
50452
50454
50455
50457
50458
50459
50460
50461
50462
50463
50464
50466
50467
50468
50471
50472
50473
50474
50475
50476
50477
50478
50479
50480
50481
50482
50483
50484
50486
50487
50488
50489
50490
50492
50493
50495
50497
50500
50501
50502
50503
50505
50507
50508
50510
50511
50512
50513
50514
50515
50516
50521
50523
50524
50527
50528
50529
50530
50531
50532
50533
50534
50536
50537
50538
50539
50540
50541
50542
50543
50544
50545
50546
50548
50549
50550
50551
50552
50553
50554
50556
50557
50558
50559
50560
50561
50564
50565
50566
50567
50568
50569
50570
50571
50572
50574
50575
50576
50577
50578
50579
50580
50581
50582
50583
50584
50586
50590
50591
50592
50593
50594
50595
50596
50597
50598
50599
50600
50601
50602
50604
50605
50606
50607
50608
50610
50611
50613
50614
50615
50616
50617
50618
50619
50620
50621
50622
50623
50625
50626
50627
50628
50629
50630
50633
50634
50635
50636
50637
50638
50639
50640
50641
50642
50643
50644
50645
50646
50647
50648
50650
50651
50652
50653
50655
50657
50660
50661
50662
50663
50664
50667
50668
50669
50670
50671
50672
50674
50675
50676
50677
50678
50680
50681
50682
50683
50684
50686
50687
50688
50689
50690
50691
50693
50694
50695
50696
50698
50699
50700
50701
50702
50703
50705
50706
50708
50709
50710
50711
50712
50714
50715
50717
50718
50719
50723
50724
50725
50726
50727
50728
50729
50730
50732
50734
50735
50736
50737
50738
50740
50741
50743
50744
50746
50747
50749
50750
50751
50752
50753
50755
50756
50757
50759
50760
50761
50762
50763
50764
50765
50766
50767
50768
50771
50772
50773
50775
50776
50778
50779
50780
50781
50783
50784
50785
50786
50789
50790
50791
50792
50793
50794
50796
50797
50798
50799
50800
50801
50802
50803
50804
50805
50806
50807
50808
50810
50811
50813
50814
50816
50817
50818
50819
50821
50822
50825
50828
50829
50830
50831
50833
50834
50835
50836
50837
50838
50840
50841
50842
50843
50844
50845
50846
50847
50849
50850
50852
50853
50854
50856
50857
50859
50860
50861
50862
50864
50865
50866
50867
50868
50869
50871
50872
50874
50875
50876
50880
50881
50882
50884
50885
50886
50887
50889
50891
50892
50893
50894
50895
50896
50898
50899
50900
50901
50902
50903
50905
50906
50907
50909
50911
50912
50914
50915
50916
50917
50918
50919
50921
50922
50923
50925
50926
50927
50928
50929
50930
50931
50932
50933
50934
50936
50937
50939
50941
50942
50943
50944
50945
50946
50947
50949
50950
50951
50952
50954
50956
50957
50958
50960
50961
50962
50963
50965
50966
50968
50970
50971
50972
50973
50975
50976
50977
50979
50981
50982
50983
50984
50985
50986
50988
50991
50992
50993
50994
50995
50996
50997
50998
51000
51001
51002
51003
51004
51005
51006
51008
51009
51011
51012
51014
51015
51016
51017
51018
51019
51021
51022
51023
51024
51025
51026
51027
51028
51030
51031
51032
51033
51034
51037
51038
51040
51041
51042
51043
51044
51046
51049
51050
51051
51052
51053
51054
51055
51056
51057
51059
51060
51061
51062
51063
51064
51066
51068
51069
51072
51073
51074
51075
51076
51079
51081
51082
51084
51085
51086
51087
51088
51089
51090
51091
51093
51094
51095
51096
51097
51098
51099
51100
51101
51104
51105
51106
51108
51109
51110
51111
51112
51113
51114
51115
51117
51118
51119
51121
51122
51124
51125
51126
51127
51128
51129
51130
51131
51132
51136
51137
51138
51139
51140
51141
51142
51143
51144
51145
51146
51148
51149
51151
51152
51153
51154
51155
51156
51157
51158
51159
51162
51163
51164
51165
51166
51167
51168
51169
51170
51171
51172
51173
51175
51177
51179
51180
51182
51183
51184
51186
51187
51189
51190
51192
51193
51194
51195
51196
51197
51198
51199
51200
51201
51202
51204
51205
51206
51207
51208
51209
51210
51211
51212
51213
51215
51216
51217
51218
51219
51222
51223
51224
51225
51226
51228
51229
51230
51231
51232
51233
51234
51235
51236
51238
51239
51240
51241
51242
51243
51245
51247
51248
51250
51251
51252
51253
51254
51255
51256
51257
51258
51259
51261
51262
51263
51264
51265
51266
51268
51269
51270
51272
51273
51274
51276
51278
51279
51280
51281
51282
51283
51284
51285
51287
51288
51289
51290
51291
51292
51295
51296
51299
51301
51302
51303
51304
51305
51306
51308
51309
51310
51312
51314
51315
51316
51317
51318
51319
51320
51321
51322
51323
51324
51325
51326
51327
51329
51330
51331
51332
51333
51334
51335
51336
51338
51340
51342
51343
51344
51345
51347
51348
51349
51350
51351
51352
51353
51354
51355
51356
51357
51358
51359
51360
51362
51363
51365
51366
51367
51369
51370
51371
51372
51373
51374
51375
51377
51378
51379
51380
51381
51382
51383
51384
51385
51386
51387
51388
51389
51390
51391
51393
51394
51395
51397
51398
51399
51400
51401
51402
51403
51404
51406
51407
51408
51409
51410
51411
51412
51413
51415
51417
51418
51419
51420
51421
51423
51424
51427
51428
51429
51431
51432
51433
51434
51436
51437
51438
51439
51440
51441
51442
51445
51447
51448
51449
51451
51452
51453
51454
51455
51456
51457
51458
51459
51460
51461
51462
51463
51464
51466
51467
51468
51469
51470
51471
51472
51473
51475
51476
51477
51478
51479
51480
51481
51482
51483
51484
51485
51486
51487
51489
51490
51491
51492
51493
51495
51496
51497
51500
51501
51502
51503
51504
51507
51508
51509
51510
51512
51513
51514
51515
51516
51517
51518
51519
51520
51522
51523
51524
51525
51526
51527
51528
51529
51530
51531
51532
51534
51535
51538
51539
51540
51542
51543
51544
51545
51546
51547
51548
51549
51550
51551
51552
51553
51556
51557
51558
51560
51561
51563
51564
51565
51566
51567
51568
51570
51571
51572
51573
51574
51575
51576
51578
51579
51580
51581
51582
51583
51584
51585
51586
51587
51588
51589
51590
51591
51592
51593
51594
51596
51597
51598
51599
51600
51601
51602
51604
51605
51606
51609
51610
51611
51612
51613
51614
51615
51617
51618
51619
51621
51622
51623
51624
51625
51626
51627
51628
51629
51630
51631
51632
51633
51634
51635
51637
51638
51639
51640
51641
51643
51644
51645
51646
51647
51648
51649
51650
51653
51655
51656
51657
51658
51659
51661
51662
51663
51664
51665
51667
51668
51669
51670
51671
51672
51673
51674
51675
51676
51677
51678
51680
51681
51682
51683
51684
51685
51686
51688
51689
51690
51691
51692
51693
51694
51695
51698
51699
51700
51701
51703
51704
51705
51706
51707
51708
51709
51710
51712
51713
51716
51718
51720
51722
51723
51724
51726
51727
51728
51729
51730
51732
51733
51735
51736
51737
51738
51739
51741
51742
51743
51744
51747
51749
51750
51751
51752
51753
51754
51756
51757
51759
51760
51761
51763
51765
51767
51768
51769
51770
51771
51772
51773
51777
51778
51780
51781
51782
51784
51792
51793
51794
51795
51797
51798
51799
51801
51803
51804
51805
51806
51807
51808
51810
51812
51813
51816
51817
51818
51821
51822
51823
51825
51826
51827
51828
51830
51831
51832
51834
51836
51837
51838
51840
51841
51842
51845
51847
51850
51852
51853
51854
51855
51856
51857
51859
51860
51862
51863
51865
51868
51869
51870
51871
51872
51873
51874
51879
51880
51881
51882
51883
51886
51887
51888
51889
51890
51891
51893
51894
51895
51896
51898
51899
51900
51902
51903
51905
51908
51909
51910
51911
51912
51913
51915
51917
51918
51919
51921
51922
51925
51926
51928
51929
51930
51931
51932
51933
51934
51935
51936
51937
51938
51939
51941
51943
51945
51950
51951
51952
51953
51954
51955
51957
51958
51959
51960
51961
51962
51964
51965
51966
51967
51968
51969
51970
51972
51973
51974
51975
51976
51978
51980
51981
51982
51983
51984
51985
51986
51987
51988
51989
51990
51992
51994
51995
51996
51997
51998
51999
52000
52001
52002
52003
52006
52007
52008
52009
52011
52012
52013
52014
52015
52017
52018
52020
52021
52022
52023
52024
52025
52026
52027
52028
52030
52031
52032
52033
52037
52042
52044
52045
52047
52048
52049
52050
52051
52052
52053
52058
52059
52060
52061
52062
52064
52065
52066
52067
52069
52070
52071
52072
52073
52074
52075
52076
52077
52078
52080
52081
52082
52083
52085
52086
52087
52088
52089
52090
52092
52093
52094
52095
52097
52098
52099
52100
52101
52103
52104
52105
52106
52108
52109
52111
52113
52114
52115
52116
52117
52119
52120
52121
52124
52126
52127
52128
52129
52131
52132
52133
52135
52136
52137
52138
52139
52141
52142
52143
52144
52146
52147
52149
52150
52151
52152
52153
52154
52158
52159
52160
52163
52164
52166
52167
52168
52169
52170
52172
52173
52174
52175
52176
52177
52178
52179
52180
52183
52184
52185
52186
52188
52189
52190
52191
52192
52193
52195
52196
52197
52200
52201
52204
52206
52207
52208
52209
52211
52212
52213
52214
52215
52217
52218
52220
52221
52222
52224
52225
52226
52227
52228
52229
52230
52231
52232
52233
52234
52237
52238
52239
52240
52241
52242
52243
52244
52245
52247
52249
52250
52253
52254
52255
52257
52258
52261
52262
52263
52264
52265
52269
52270
52271
52272
52273
52274
52275
52276
52277
52279
52280
52281
52282
52285
52286
52287
52288
52289
52290
52291
52293
52294
52295
52296
52297
52299
52300
52302
52304
52305
52306
52307
52310
52311
52312
52313
52314
52315
52316
52317
52318
52319
52322
52324
52325
52326
52327
52328
52329
52330
52331
52332
52333
52334
52335
52336
52337
52338
52339
52340
52341
52342
52345
52346
52347
52348
52350
52351
52352
52353
52355
52356
52357
52360
52361
52362
52364
52365
52366
52367
52368
52369
52370
52371
52372
52373
52374
52375
52376
52378
52380
52381
52383
52384
52385
52386
52387
52388
52389
52390
52391
52394
52395
52396
52397
52399
52401
52402
52403
52404
52405
52406
52407
52409
52410
52412
52413
52414
52415
52416
52417
52418
52420
52421
52422
52424
52426
52427
52428
52429
52431
52432
52433
52435
52436
52438
52440
52441
52442
52443
52445
52447
52448
52450
52451
52452
52455
52456
52457
52459
52460
52462
52463
52465
52466
52467
52468
52469
52470
52471
52473
52475
52476
52477
52481
52482
52483
52485
52486
52488
52489
52490
52491
52492
52493
52494
52496
52497
52499
52500
52501
52503
52504
52505
52506
52508
52509
52510
52511
52512
52513
52514
52515
52516
52517
52519
52520
52521
52522
52523
52524
52525
52526
52527
52529
52530
52531
52532
52533
52534
52535
52537
52538
52539
52541
52542
52544
52546
52548
52549
52550
52551
52552
52553
52554
52555
52556
52557
52558
52559
52560
52561
52562
52563
52564
52565
52566
52568
52569
52570
52571
52573
52575
52576
52578
52579
52581
52582
52583
52585
52587
52588
52589
52590
52591
52592
52594
52599
52600
52601
52602
52603
52605
52606
52607
52608
52609
52610
52611
52612
52613
52615
52616
52617
52618
52619
52620
52621
52622
52623
52625
52626
52628
52629
52630
52633
52634
52635
52637
52638
52639
52640
52641
52642
52643
52644
52645
52646
52647
52648
52649
52650
52651
52652
52653
52655
52656
52657
52658
52659
52660
52661
52662
52663
52664
52665
52667
52669
52671
52673
52674
52675
52676
52677
52678
52679
52680
52681
52682
52685
52686
52687
52688
52690
52694
52695
52699
52700
52702
52703
52704
52706
52707
52708
52710
52711
52714
52715
52716
52717
52719
52720
52721
52722
52723
52724
52725
52726
52727
52729
52730
52731
52732
52735
52737
52740
52741
52742
52744
52745
52746
52747
52749
52750
52751
52752
52753
52755
52756
52757
52758
52760
52761
52762
52763
52764
52766
52767
52768
52771
52772
52774
52775
52776
52778
52779
52780
52781
52783
52784
52785
52787
52788
52789
52790
52791
52792
52793
52794
52795
52796
52797
52799
52800
52801
52804
52805
52806
52807
52809
52810
52812
52813
52814
52815
52816
52817
52818
52819
52820
52821
52822
52824
52825
52827
52828
52831
52832
52833
52835
52836
52837
52838
52839
52840
52843
52844
52845
52847
52849
52851
52852
52853
52854
52856
52857
52859
52861
52862
52863
52864
52865
52866
52867
52868
52869
52870
52872
52873
52874
52875
52876
52877
52878
52879
52880
52881
52882
52883
52884
52885
52886
52887
52889
52891
52892
52893
52894
52898
52900
52901
52902
52903
52904
52906
52909
52911
52912
52913
52914
52915
52917
52918
52919
52920
52923
52925
52926
52927
52928
52929
52931
52932
52933
52934
52935
52936
52937
52938
52939
52940
52941
52942
52943
52945
52946
52947
52948
52951
52952
52953
52954
52955
52956
52957
52958
52959
52961
52962
52963
52964
52965
52966
52967
52968
52969
52970
52971
52972
52974
52975
52976
52977
52978
52979
52982
52983
52984
52985
52986
52987
52989
52991
52992
52993
52994
52996
52997
52998
52999
53000
53001
53002
53003
53004
53005
53006
53008
53009
53010
53011
53012
53013
53014
53015
53016
53018
53019
53020
53021
53023
53024
53026
53027
53028
53030
53031
53032
53034
53035
53036
53037
53039
53042
53043
53045
53046
53047
53048
53049
53050
53051
53053
53054
53055
53057
53059
53060
53061
53062
53065
53066
53068
53069
53071
53074
53075
53077
53079
53080
53081
53082
53083
53084
53085
53086
53087
53088
53089
53091
53093
53094
53095
53096
53098
53099
53100
53102
53103
53105
53106
53107
53108
53109
53111
53112
53113
53115
53116
53117
53118
53119
53120
53121
53123
53124
53126
53127
53128
53129
53131
53132
53133
53134
53137
53139
53140
53141
53142
53143
53144
53145
53146
53147
53148
53149
53151
53153
53154
53155
53156
53159
53160
53161
53162
53163
53164
53166
53167
53169
53170
53171
53172
53173
53174
53175
53176
53177
53178
53179
53180
53181
53182
53183
53184
53185
53186
53188
53189
53190
53191
53192
53194
53196
53197
53198
53199
53200
53201
53202
53204
53206
53207
53208
53209
53210
53211
53212
53213
53214
53215
53216
53217
53218
53219
53220
53221
53223
53224
53225
53226
53229
53230
53231
53237
53238
53239
53240
53241
53242
53243
53244
53245
53246
53248
53251
53252
53254
53257
53259
53260
53262
53263
53265
53266
53267
53268
53269
53270
53272
53274
53277
53278
53281
53282
53283
53284
53285
53286
53287
53288
53290
53291
53292
53293
53294
53295
53296
53297
53298
53299
53300
53301
53302
53305
53306
53307
53308
53309
53310
53311
53312
53313
53314
53315
53319
53321
53322
53323
53324
53325
53326
53327
53328
53329
53330
53331
53332
53333
53335
53336
53337
53338
53339
53340
53341
53342
53343
53344
53346
53347
53349
53350
53351
53353
53354
53355
53356
53357
53360
53361
53362
53363
53364
53366
53367
53368
53369
53370
53371
53372
53373
53376
53377
53378
53379
53380
53381
53383
53384
53386
53387
53388
53389
53390
53391
53392
53393
53394
53395
53396
53397
53398
53399
53400
53401
53402
53404
53405
53406
53407
53408
53409
53410
53411
53412
53413
53414
53416
53417
53418
53419
53420
53421
53422
53424
53425
53427
53428
53429
53430
53434
53436
53437
53438
53440
53441
53442
53444
53446
53447
53448
53449
53450
53451
53452
53454
53455
53456
53457
53458
53460
53461
53462
53463
53464
53465
53466
53467
53468
53469
53470
53471
53472
53473
53474
53475
53478
53479
53480
53481
53482
53483
53485
53486
53487
53488
53490
53491
53492
53493
53494
53495
53496
53497
53499
53501
53502
53503
53504
53505
53506
53507
53509
53510
53511
53512
53513
53514
53515
53516
53517
53520
53523
53524
53525
53527
53528
53529
53530
53531
53534
53535
53536
53537
53538
53539
53540
53541
53542
53543
53544
53545
53548
53549
53550
53551
53552
53554
53555
53558
53559
53560
53561
53562
53563
53564
53567
53568
53569
53570
53571
53573
53574
53575
53576
53577
53578
53579
53580
53581
53583
53584
53585
53586
53588
53589
53590
53591
53592
53593
53594
53595
53596
53597
53598
53600
53602
53605
53606
53607
53608
53609
53610
53612
53613
53614
53615
53616
53617
53618
53619
53620
53621
53622
53623
53625
53626
53627
53628
53629
53630
53631
53632
53634
53636
53637
53638
53639
53640
53641
53642
53643
53644
53645
53646
53647
53648
53649
53650
53651
53652
53653
53654
53655
53656
53657
53658
53659
53660
53661
53662
53665
53666
53667
53668
53669
53670
53671
53672
53673
53674
53675
53676
53677
53678
53679
53680
53682
53683
53684
53686
53688
53689
53690
53691
53692
53694
53695
53697
53698
53700
53701
53702
53703
53704
53705
53706
53707
53708
53709
53710
53711
53713
53714
53715
53716
53717
53718
53719
53720
53721
53722
53723
53724
53728
53729
53730
53731
53732
53733
53734
53735
53736
53737
53738
53739
53740
53741
53742
53744
53745
53747
53748
53749
53750
53751
53752
53753
53754
53755
53756
53757
53759
53760
53761
53762
53763
53764
53765
53766
53767
53768
53769
53770
53772
53773
53774
53775
53776
53777
53779
53780
53781
53782
53783
53784
53785
53787
53788
53789
53790
53791
53793
53794
53795
53796
53797
53798
53800
53801
53802
53803
53806
53807
53808
53809
53811
53812
53813
53814
53815
53816
53818
53819
53820
53821
53822
53823
53824
53825
53826
53827
53828
53829
53830
53832
53833
53835
53836
53837
53838
53839
53840
53841
53842
53843
53844
53845
53846
53847
53848
53849
53850
53851
53852
53854
53856
53857
53858
53859
53860
53861
53863
53864
53865
53866
53867
53868
53869
53870
53871
53872
53873
53874
53875
53876
53878
53880
53881
53882
53883
53884
53885
53886
53890
53891
53893
53894
53895
53896
53897
53898
53899
53900
53901
53903
53904
53905
53906
53907
53908
53909
53910
53911
53912
53913
53914
53915
53916
53917
53918
53919
53920
53921
53923
53924
53925
53926
53927
53928
53929
53930
53931
53932
53933
53934
53936
53937
53939
53940
53941
53942
53944
53945
53946
53948
53949
53951
53952
53953
53954
53955
53956
53957
53958
53961
53962
53963
53964
53965
53966
53968
53969
53970
53971
53972
53973
53974
53975
53976
53977
53979
53980
53981
53982
53983
53984
53985
53986
53987
53988
53989
53990
53991
53992
53993
53994
53995
53996
53997
54000
54001
54002
54004
54005
54006
54007
54008
54011
54012
54014
54015
54016
54017
54018
54020
54021
54022
54023
54024
54025
54026
54027
54029
54030
54031
54032
54033
54034
54035
54036
54037
54038
54039
54040
54041
54044
54045
54046
54047
54048
54049
54050
54051
54052
54053
54055
54056
54057
54058
54059
54060
54061
54062
54064
54065
54066
54067
54068
54069
54070
54071
54073
54074
54075
54077
54080
54081
54083
54084
54085
54087
54089
54090
54091
54093
54094
54096
54097
54099
54100
54101
54102
54103
54104
54105
54106
54108
54109
54110
54111
54113
54114
54116
54117
54118
54119
54120
54121
54122
54123
54124
54125
54126
54127
54128
54129
54130
54133
54134
54135
54137
54138
54139
54140
54141
54142
54144
54145
54146
54147
54149
54150
54152
54154
54155
54157
54159
54160
54161
54162
54163
54164
54167
54168
54169
54171
54172
54173
54174
54175
54176
54180
54181
54183
54184
54185
54186
54187
54188
54189
54190
54192
54194
54195
54196
54197
54198
54199
54200
54201
54202
54203
54204
54205
54206
54207
54209
54210
54212
54213
54216
54218
54219
54220
54221
54222
54223
54225
54226
54230
54231
54233
54234
54235
54237
54240
54243
54244
54246
54247
54249
54251
54253
54255
54256
54258
54259
54260
54261
54262
54263
54264
54265
54267
54269
54270
54271
54272
54273
54274
54275
54278
54280
54281
54282
54284
54285
54289
54290
54291
54292
54293
54295
54296
54298
54299
54301
54303
54304
54305
54306
54307
54310
54311
54312
54313
54314
54315
54317
54319
54320
54321
54322
54325
54327
54328
54329
54330
54331
54333
54336
54337
54338
54340
54343
54344
54345
54346
54347
54349
54351
54352
54353
54354
54355
54356
54358
54360
54362
54364
54365
54366
54367
54370
54371
54372
54374
54375
54377
54378
54381
54384
54385
54386
54387
54388
54389
54390
54392
54394
54395
54398
54399
54400
54401
54402
54403
54404
54406
54407
54409
54410
54413
54414
54415
54416
54417
54418
54420
54421
54422
54423
54424
54425
54428
54429
54430
54431
54432
54434
54435
54436
54437
54438
54439
54440
54441
54442
54443
54444
54445
54447
54448
54449
54450
54451
54452
54453
54455
54457
54459
54461
54465
54466
54467
54471
54472
54473
54474
54475
54476
54479
54481
54482
54484
54485
54486
54487
54488
54489
54492
54493
54494
54495
54496
54497
54498
54499
54501
54502
54504
54505
54506
54507
54508
54511
54512
54513
54514
54516
54517
54520
54521
54523
54524
54526
54527
54529
54530
54532
54533
54535
54536
54537
54538
54539
54540
54541
54542
54543
54548
54549
54550
54551
54552
54554
54555
54556
54557
54559
54560
54562
54563
54564
54565
54566
54567
54569
54570
54571
54573
54574
54576
54577
54578
54579
54580
54581
54582
54584
54586
54587
54589
54590
54591
54592
54593
54594
54598
54599
54600
54601
54602
54603
54604
54605
54609
54611
54612
54613
54614
54616
54618
54620
54621
54622
54623
54624
54625
54626
54628
54629
54630
54631
54632
54633
54634
54635
54636
54637
54639
54640
54641
54643
54646
54648
54649
54650
54652
54654
54655
54656
54659
54660
54661
54664
54665
54666
54667
54668
54669
54671
54673
54674
54675
54677
54678
54679
54680
54681
54682
54683
54685
54686
54687
54689
54690
54691
54692
54693
54694
54696
54697
54698
54699
54702
54703
54704
54705
54706
54708
54709
54710
54711
54712
54713
54714
54715
54716
54717
54718
54719
54721
54722
54724
54725
54726
54727
54729
54731
54732
54733
54734
54735
54736
54737
54738
54739
54741
54742
54745
54746
54747
54748
54749
54750
54751
54752
54753
54754
54755
54756
54757
54758
54759
54760
54761
54763
54764
54766
54767
54769
54770
54771
54772
54773
54775
54776
54777
54781
54782
54784
54785
54787
54789
54790
54791
54792
54794
54795
54796
54797
54799
54800
54802
54804
54805
54806
54807
54810
54811
54813
54814
54818
54819
54822
54823
54824
54825
54827
54828
54829
54832
54834
54836
54838
54839
54840
54841
54842
54843
54845
54846
54847
54848
54849
54850
54851
54853
54854
54855
54856
54857
54858
54859
54860
54861
54863
54864
54865
54867
54868
54869
54870
54873
54875
54876
54877
54879
54880
54881
54883
54884
54885
54887
54890
54892
54893
54895
54897
54898
54899
54901
54902
54903
54904
54906
54907
54908
54909
54910
54912
54913
54917
54922
54923
54924
54925
54928
54929
54930
54931
54932
54933
54934
54935
54936
54937
54938
54939
54940
54941
54942
54943
54944
54945
54946
54947
54949
54950
54952
54953
54955
54956
54957
54958
54959
54960
54961
54963
54964
54965
54966
54967
54968
54969
54972
54974
54975
54976
54977
54979
54981
54982
54983
54985
54986
54988
54989
54991
54992
54993
54994
54995
54998
54999
55000
55001
55002
55003
55004
55005
55007
55010
55011
55013
55014
55018
55019
55020
55021
55022
55023
55024
55025
55027
55028
55029
55030
55031
55032
55033
55034
55035
55037
55038
55039
55041
55042
55043
55044
55047
55048
55051
55052
55053
55054
55055
55056
55057
55058
55059
55061
55062
55063
55064
55065
55066
55067
55069
55070
55071
55074
55075
55076
55079
55080
55082
55084
55085
55086
55087
55088
55089
55090
55091
55092
55093
55095
55096
55097
55098
55099
55100
55101
55102
55104
55105
55106
55108
55109
55110
55113
55114
55115
55116
55117
55119
55120
55124
55125
55126
55127
55129
55130
55137
55139
55140
55141
55143
55144
55145
55146
55147
55148
55149
55150
55152
55153
55154
55156
55157
55158
55159
55160
55161
55162
55163
55164
55165
55166
55167
55168
55169
55170
55172
55173
55174
55175
55176
55178
55179
55180
55181
55182
55183
55184
55185
55188
55192
55194
55195
55197
55198
55199
55200
55202
55203
55204
55205
55206
55207
55208
55209
55210
55211
55212
55214
55215
55216
55217
55218
55219
55220
55221
55223
55224
55225
55226
55227
55228
55229
55230
55232
55234
55235
55236
55237
55238
55239
55240
55242
55245
55246
55247
55249
55250
55251
55252
55253
55254
55256
55257
55258
55259
55260
55262
55264
55265
55267
55268
55270
55272
55275
55277
55279
55280
55281
55284
55285
55286
55287
55288
55289
55290
55291
55292
55293
55294
55295
55296
55297
55298
55299
55300
55301
55303
55305
55307
55308
55309
55311
55312
55313
55314
55315
55316
55317
55321
55322
55323
55324
55325
55326
55328
55330
55331
55332
55333
55334
55335
55336
55337
55339
55340
55341
55342
55343
55344
55345
55346
55348
55350
55351
55352
55353
55354
55355
55357
55358
55359
55360
55362
55364
55365
55366
55367
55369
55370
55373
55374
55376
55379
55380
55381
55382
55383
55384
55385
55386
55387
55388
55389
55391
55393
55394
55395
55396
55397
55398
55399
55400
55401
55403
55404
55405
55406
55407
55408
55409
55411
55412
55415
55416
55418
55421
55422
55423
55424
55425
55426
55430
55431
55432
55433
55434
55435
55436
55438
55439
55440
55441
55444
55445
55446
55447
55448
55449
55450
55451
55454
55456
55457
55458
55459
55460
55461
55462
55463
55464
55465
55466
55467
55468
55470
55471
55472
55473
55474
55475
55476
55477
55478
55480
55481
55482
55483
55484
55485
55486
55487
55489
55491
55494
55495
55497
55498
55499
55500
55501
55502
55504
55505
55506
55507
55510
55511
55512
55513
55514
55515
55516
55519
55520
55521
55522
55524
55525
55526
55527
55529
55532
55533
55534
55535
55536
55538
55539
55541
55542
55543
55545
55546
55548
55550
55551
55552
55553
55554
55555
55556
55557
55559
55560
55563
55564
55565
55566
55567
55568
55569
55570
55571
55572
55573
55574
55575
55577
55578
55579
55580
55581
55582
55583
55584
55588
55590
55591
55592
55593
55594
55595
55596
55597
55598
55599
55600
55601
55602
55603
55605
55606
55608
55609
55611
55612
55613
55614
55616
55617
55618
55620
55621
55622
55623
55624
55625
55626
55627
55628
55629
55631
55633
55634
55635
55636
55637
55638
55640
55641
55642
55643
55644
55646
55647
55648
55649
55651
55652
55653
55656
55657
55659
55660
55661
55663
55664
55666
55668
55669
55670
55671
55672
55673
55674
55675
55677
55678
55679
55680
55682
55683
55684
55685
55686
55687
55688
55689
55690
55691
55692
55693
55695
55696
55697
55699
55700
55701
55702
55703
55706
55707
55708
55710
55711
55712
55713
55714
55715
55716
55717
55719
55720
55721
55723
55724
55725
55726
55728
55729
55730
55732
55733
55734
55737
55738
55739
55740
55742
55743
55744
55745
55747
55748
55750
55751
55753
55754
55756
55757
55758
55760
55763
55764
55766
55768
55769
55770
55771
55772
55773
55774
55775
55776
55777
55778
55779
55781
55782
55783
55784
55786
55787
55788
55789
55790
55793
55794
55795
55796
55797
55798
55799
55800
55801
55802
55804
55805
55807
55808
55809
55811
55812
55813
55814
55816
55817
55818
55819
55820
55822
55823
55824
55825
55826
55827
55828
55829
55830
55831
55832
55834
55835
55836
55837
55838
55839
55840
55841
55842
55843
55844
55845
55847
55848
55850
55851
55852
55854
55855
55856
55858
55859
55861
55863
55864
55866
55867
55868
55870
55871
55872
55873
55874
55875
55876
55877
55878
55879
55880
55881
55883
55884
55885
55886
55887
55888
55889
55890
55891
55893
55894
55895
55897
55898
55899
55900
55901
55903
55904
55906
55908
55909
55910
55912
55913
55914
55915
55916
55917
55918
55920
55921
55922
55923
55924
55925
55926
55927
55928
55929
55930
55931
55932
55933
55934
55936
55937
55938
55939
55940
55941
55942
55943
55944
55945
55946
55947
55948
55949
55951
55952
55953
55954
55955
55956
55957
55958
55959
55960
55961
55964
55965
55967
55968
55969
55970
55972
55973
55974
55975
55976
55977
55978
55979
55980
55981
55982
55983
55984
55985
55986
55987
55988
55989
55990
55991
55993
55994
55995
55996
55997
55998
55999
56000
56001
56002
56003
56004
56005
56006
56007
56009
56010
56011
56012
56013
56014
56016
56017
56018
56019
56020
56022
56023
56024
56025
56026
56028
56029
56030
56031
56032
56033
56034
56035
56036
56038
56039
56041
56042
56044
56045
56046
56047
56048
56050
56051
56052
56053
56054
56057
56058
56059
56062
56063
56064
56065
56066
56067
56068
56069
56070
56071
56072
56073
56075
56076
56078
56080
56081
56082
56084
56085
56088
56089
56090
56091
56092
56093
56094
56095
56096
56097
56099
56101
56102
56103
56104
56105
56107
56108
56109
56110
56111
56112
56113
56115
56116
56118
56119
56120
56121
56122
56123
56124
56125
56126
56127
56129
56131
56132
56133
56134
56136
56137
56138
56140
56141
56142
56143
56144
56145
56148
56149
56150
56152
56153
56154
56155
56156
56157
56158
56159
56160
56161
56162
56163
56164
56165
56166
56167
56168
56169
56171
56172
56173
56175
56176
56177
56178
56179
56183
56185
56186
56187
56188
56189
56191
56192
56193
56195
56197
56199
56200
56201
56202
56204
56205
56206
56208
56209
56210
56211
56212
56213
56214
56215
56217
56218
56219
56220
56221
56222
56223
56224
56225
56226
56227
56228
56229
56230
56231
56232
56233
56234
56235
56236
56237
56238
56239
56240
56241
56242
56243
56244
56245
56246
56248
56249
56250
56252
56254
56255
56256
56257
56258
56259
56260
56261
56263
56266
56269
56270
56271
56273
56274
56275
56276
56278
56279
56280
56281
56282
56283
56284
56285
56286
56287
56288
56289
56290
56291
56292
56293
56294
56296
56297
56298
56299
56300
56301
56303
56304
56305
56306
56307
56311
56312
56313
56315
56316
56317
56318
56319
56321
56322
56323
56324
56327
56331
56332
56333
56334
56335
56337
56339
56340
56341
56343
56346
56347
56349
56352
56353
56354
56356
56357
56358
56359
56360
56361
56362
56364
56365
56366
56367
56369
56371
56373
56376
56380
56381
56382
56383
56384
56385
56386
56387
56389
56390
56391
56393
56394
56395
56396
56397
56399
56401
56403
56404
56405
56408
56409
56410
56413
56414
56415
56416
56418
56419
56420
56421
56422
56423
56424
56425
56426
56429
56430
56431
56432
56433
56434
56435
56436
56437
56438
56439
56441
56444
56445
56446
56450
56452
56453
56454
56455
56456
56457
56458
56459
56462
56464
56466
56467
56468
56469
56471
56475
56476
56477
56479
56480
56481
56482
56484
56485
56487
56489
56491
56492
56493
56494
56495
56497
56499
56500
56501
56502
56503
56504
56508
56512
56513
56515
56517
56518
56519
56520
56521
56522
56523
56524
56526
56527
56529
56531
56532
56533
56535
56536
56537
56538
56539
56540
56541
56543
56544
56546
56548
56549
56551
56552
56555
56556
56558
56559
56560
56561
56563
56565
56566
56567
56569
56570
56571
56572
56573
56574
56575
56576
56577
56578
56579
56580
56581
56583
56584
56585
56586
56587
56590
56592
56595
56596
56597
56599
56601
56605
56607
56612
56613
56614
56617
56621
56622
56623
56625
56626
56627
56629
56630
56631
56633
56634
56635
56638
56639
56640
56641
56642
56643
56644
56645
56646
56648
56649
56650
56652
56653
56654
56655
56657
56658
56659
56661
56663
56664
56666
56667
56668
56669
56671
56673
56674
56675
56677
56678
56679
56681
56682
56683
56684
56685
56689
56691
56692
56693
56695
56697
56698
56702
56703
56704
56705
56706
56707
56708
56711
56712
56713
56714
56716
56717
56718
56719
56721
56724
56725
56726
56727
56730
56731
56733
56735
56736
56737
56738
56740
56741
56742
56743
56744
56745
56746
56748
56749
56750
56751
56752
56755
56756
56757
56758
56761
56762
56763
56764
56765
56766
56770
56771
56773
56774
56775
56776
56777
56778
56779
56782
56783
56786
56787
56788
56789
56791
56792
56793
56794
56795
56796
56800
56802
56803
56804
56806
56807
56811
56812
56813
56815
56816
56820
56821
56826
56827
56828
56829
56830
56831
56832
56833
56834
56835
56836
56839
56840
56842
56843
56844
56845
56846
56847
56849
56850
56851
56853
56855
56856
56858
56859
56860
56861
56862
56863
56864
56865
56866
56867
56869
56871
56873
56874
56878
56879
56881
56883
56884
56886
56887
56890
56891
56892
56895
56896
56897
56898
56900
56902
56903
56904
56906
56907
56910
56911
56912
56913
56914
56915
56916
56917
56920
56922
56923
56924
56925
56926
56927
56928
56929
56930
56931
56932
56933
56935
56936
56938
56939
56940
56941
56942
56945
56946
56947
56948
56949
56950
56952
56954
56958
56959
56960
56961
56963
56964
56965
56966
56967
56968
56969
56970
56971
56972
56974
56975
56976
56977
56979
56980
56982
56983
56984
56986
56987
56989
56990
56991
56992
56994
56995
56996
56997
57000
57001
57002
57003
57006
57007
57008
57009
57011
57014
57015
57016
57017
57018
57019
57020
57022
57024
57025
57028
57030
57031
57032
57033
57034
57035
57037
57039
57040
57041
57042
57044
57045
57047
57048
57051
57053
57055
57056
57057
57060
57061
57062
57063
57064
57066
57067
57068
57069
57070
57071
57073
57075
57077
57078
57079
57080
57081
57082
57083
57084
57085
57086
57088
57089
57091
57092
57094
57095
57096
57097
57099
57100
57101
57103
57104
57105
57106
57107
57109
57110
57112
57114
57115
57117
57118
57119
57120
57121
57124
57125
57126
57127
57128
57129
57131
57132
57133
57134
57135
57136
57137
57138
57139
57140
57141
57143
57145
57146
57147
57149
57150
57151
57152
57153
57154
57155
57156
57157
57158
57159
57160
57162
57164
57166
57167
57168
57169
57170
57171
57173
57174
57175
57177
57178
57179
57180
57182
57185
57187
57188
57190
57191
57192
57193
57194
57195
57196
57197
57198
57199
57200
57201
57203
57204
57205
57206
57207
57209
57211
57212
57213
57214
57215
57216
57218
57219
57220
57221
57222
57223
57224
57225
57226
57227
57228
57229
57232
57233
57234
57235
57236
57237
57238
57239
57241
57242
57244
57245
57247
57250
57251
57252
57253
57254
57255
57256
57258
57259
57260
57262
57266
57270
57271
57272
57274
57275
57276
57277
57278
57279
57280
57281
57282
57284
57285
57287
57288
57289
57292
57294
57295
57297
57298
57299
57300
57301
57302
57303
57304
57305
57306
57307
57308
57309
57311
57313
57314
57316
57317
57318
57319
57320
57321
57322
57324
57327
57328
57331
57332
57333
57334
57335
57336
57337
57338
57339
57341
57342
57344
57345
57346
57347
57348
57349
57350
57351
57353
57354
57355
57356
57359
57360
57362
57364
57366
57367
57368
57369
57371
57372
57373
57374
57375
57376
57377
57379
57381
57382
57384
57385
57386
57388
57390
57392
57393
57394
57396
57399
57400
57401
57402
57403
57406
57408
57409
57410
57412
57413
57414
57415
57416
57417
57418
57420
57421
57422
57424
57425
57429
57430
57432
57433
57434
57435
57436
57438
57440
57442
57443
57445
57447
57449
57450
57451
57452
57453
57454
57455
57456
57457
57461
57462
57463
57465
57466
57467
57470
57471
57472
57474
57475
57477
57478
57479
57480
57481
57483
57484
57485
57486
57487
57488
57490
57491
57492
57493
57494
57495
57496
57497
57498
57499
57500
57502
57503
57504
57505
57506
57509
57511
57512
57515
57516
57517
57518
57519
57520
57521
57523
57524
57525
57528
57529
57530
57531
57534
57535
57536
57539
57541
57542
57543
57545
57546
57547
57549
57550
57551
57552
57553
57555
57556
57557
57559
57560
57562
57563
57565
57566
57567
57568
57571
57572
57573
57574
57575
57576
57578
57579
57581
57582
57583
57584
57586
57587
57588
57589
57590
57591
57592
57593
57594
57596
57597
57598
57599
57600
57601
57602
57603
57604
57606
57607
57609
57610
57611
57612
57613
57615
57616
57618
57619
57620
57621
57623
57624
57625
57627
57629
57631
57637
57638
57640
57641
57644
57645
57646
57648
57650
57652
57653
57654
57655
57656
57657
57659
57660
57664
57666
57667
57668
57669
57673
57674
57675
57676
57677
57678
57680
57681
57682
57683
57687
57688
57689
57692
57693
57694
57696
57698
57702
57704
57705
57707
57708
57709
57710
57711
57712
57715
57716
57720
57721
57722
57723
57724
57725
57726
57727
57728
57729
57731
57734
57736
57738
57739
57740
57741
57742
57743
57744
57745
57750
57751
57752
57753
57755
57757
57758
57760
57761
57762
57763
57765
57766
57768
57770
57772
57773
57774
57775
57777
57778
57779
57780
57781
57782
57784
57785
57786
57787
57788
57790
57791
57792
57793
57794
57795
57797
57798
57799
57800
57801
57802
57803
57806
57807
57808
57809
57810
57811
57812
57816
57817
57818
57819
57820
57822
57823
57824
57825
57827
57828
57829
57832
57833
57834
57835
57836
57838
57839
57840
57841
57842
57844
57845
57846
57848
57849
57850
57851
57852
57853
57854
57855
57856
57857
57858
57859
57861
57862
57863
57864
57867
57868
57869
57872
57873
57874
57875
57876
57882
57883
57884
57885
57886
57887
57888
57889
57890
57891
57893
57894
57895
57898
57899
57900
57901
57904
57905
57907
57909
57910
57911
57912
57913
57915
57920
57922
57923
57925
57926
57927
57928
57929
57930
57931
57932
57933
57934
57935
57936
57939
57940
57943
57944
57945
57946
57947
57948
57949
57951
57954
57955
57958
57959
57961
57963
57965
57966
57967
57968
57969
57970
57971
57972
57973
57975
57979
57981
57982
57983
57984
57986
57987
57988
57989
57991
57992
57993
57995
57996
57997
57998
57999
58000
58001
58003
58004
58005
58006
58007
58008
58010
58011
58012
58013
58014
58015
58016
58018
58019
58021
58022
58023
58024
58025
58029
58030
58031
58032
58033
58035
58037
58041
58042
58044
58045
58046
58048
58051
58052
58053
58054
58055
58057
58058
58059
58061
58062
58063
58064
58066
58067
58068
58069
58070
58071
58072
58073
58074
58075
58076
58077
58078
58079
58081
58082
58083
58085
58086
58087
58088
58089
58090
58091
58095
58096
58097
58098
58099
58101
58103
58105
58106
58107
58108
58109
58112
58114
58115
58118
58119
58120
58121
58123
58124
58125
58126
58127
58129
58130
58132
58134
58136
58138
58139
58140
58141
58142
58143
58144
58145
58148
58151
58152
58154
58156
58157
58158
58159
58160
58161
58162
58164
58165
58166
58167
58169
58170
58173
58175
58176
58177
58179
58180
58181
58182
58184
58185
58188
58190
58191
58192
58193
58194
58195
58196
58197
58198
58199
58200
58201
58202
58203
58205
58207
58208
58210
58211
58212
58213
58214
58215
58216
58217
58218
58219
58220
58222
58224
58225
58226
58228
58229
58230
58234
58236
58239
58240
58241
58242
58243
58244
58247
58248
58249
58250
58254
58255
58256
58257
58259
58260
58261
58264
58266
58267
58269
58271
58272
58273
58274
58275
58276
58277
58278
58279
58280
58281
58283
58285
58286
58287
58288
58290
58291
58292
58293
58296
58297
58299
58300
58301
58302
58303
58304
58306
58308
58310
58311
58312
58314
58315
58316
58317
58318
58320
58321
58322
58323
58326
58327
58328
58331
58333
58335
58336
58337
58338
58340
58341
58342
58343
58344
58345
58346
58347
58348
58349
58352
58353
58354
58355
58357
58358
58359
58360
58361
58363
58366
58367
58369
58370
58371
58372
58374
58375
58376
58377
58378
58380
58381
58383
58384
58385
58387
58389
58390
58391
58392
58393
58395
58396
58398
58400
58402
58404
58405
58406
58407
58408
58410
58411
58413
58414
58416
58418
58420
58422
58424
58425
58427
58428
58429
58430
58433
58434
58435
58436
58437
58438
58439
58440
58441
58442
58443
58445
58447
58448
58449
58452
58453
58454
58456
58457
58458
58459
58460
58462
58463
58464
58466
58467
58469
58470
58471
58472
58473
58474
58475
58478
58479
58481
58482
58483
58484
58485
58486
58487
58488
58490
58492
58493
58494
58495
58497
58499
58500
58501
58502
58504
58505
58506
58507
58508
58509
58513
58515
58519
58520
58521
58523
58524
58526
58528
58529
58530
58532
58533
58534
58535
58536
58538
58539
58542
58543
58544
58545
58548
58550
58551
58552
58553
58554
58556
58557
58558
58559
58560
58563
58564
58565
58566
58567
58569
58570
58575
58576
58579
58580
58582
58583
58586
58587
58590
58591
58593
58594
58596
58597
58598
58599
58600
58601
58603
58604
58605
58607
58608
58609
58610
58611
58612
58613
58614
58616
58618
58620
58621
58622
58623
58624
58625
58626
58627
58629
58630
58631
58633
58635
58636
58638
58641
58642
58644
58646
58647
58648
58649
58651
58652
58654
58657
58658
58659
58660
58661
58662
58663
58664
58666
58669
58671
58672
58673
58674
58675
58676
58677
58678
58679
58681
58684
58685
58686
58687
58689
58690
58691
58692
58693
58694
58695
58699
58700
58702
58703
58704
58706
58707
58708
58709
58710
58713
58714
58715
58717
58718
58719
58720
58722
58724
58726
58729
58732
58733
58734
58735
58736
58737
58738
58739
58740
58746
58749
58750
58751
58752
58753
58755
58756
58758
58759
58760
58761
58762
58763
58764
58765
58766
58767
58770
58772
58773
58774
58775
58776
58777
58778
58779
58780
58781
58782
58784
58788
58789
58790
58791
58792
58795
58796
58798
58799
58801
58802
58805
58806
58807
58808
58810
58812
58813
58814
58817
58819
58820
58822
58823
58825
58826
58827
58829
58830
58831
58832
58834
58835
58836
58837
58838
58839
58840
58843
58844
58845
58847
58848
58851
58852
58854
58856
58857
58858
58859
58860
58861
58863
58865
58866
58867
58868
58869
58870
58872
58874
58875
58876
58877
58879
58880
58881
58882
58883
58884
58885
58886
58888
58889
58890
58891
58893
58894
58896
58899
58903
58904
58905
58906
58907
58908
58910
58911
58912
58913
58914
58916
58917
58918
58919
58920
58921
58924
58925
58932
58933
58934
58935
58936
58937
58938
58939
58942
58943
58944
58948
58949
58950
58951
58952
58953
58954
58957
58958
58960
58961
58963
58965
58967
58968
58969
58970
58972
58973
58974
58975
58977
58978
58979
58980
58982
58983
58984
58986
58987
58988
58991
58992
58993
58994
58996
58997
58998
58999
59000
59002
59003
59004
59005
59007
59008
59009
59010
59011
59012
59014
59015
59016
59017
59018
59019
59020
59021
59022
59023
59024
59025
59026
59027
59028
59029
59030
59031
59032
59033
59034
59035
59036
59038
59039
59041
59042
59043
59045
59047
59049
59050
59051
59052
59055
59056
59057
59058
59059
59060
59062
59063
59064
59065
59066
59067
59069
59071
59072
59074
59075
59077
59078
59079
59080
59081
59082
59083
59084
59085
59086
59088
59089
59090
59091
59092
59093
59094
59095
59096
59097
59098
59099
59100
59101
59102
59103
59105
59106
59107
59108
59109
59110
59111
59112
59114
59115
59116
59117
59118
59120
59121
59122
59123
59124
59125
59126
59127
59128
59130
59132
59133
59135
59136
59138
59139
59140
59141
59142
59143
59144
59145
59146
59147
59150
59151
59152
59154
59155
59156
59157
59158
59159
59161
59162
59164
59165
59166
59167
59168
59169
59170
59172
59173
59175
59176
59177
59178
59179
59180
59182
59183
59184
59186
59187
59188
59189
59190
59191
59192
59193
59194
59195
59196
59197
59198
59200
59202
59203
59204
59205
59206
59207
59208
59209
59210
59211
59212
59213
59214
59215
59216
59217
59218
59219
59221
59222
59224
59225
59226
59228
59229
59230
59233
59235
59236
59237
59238
59240
59241
59243
59244
59245
59247
59248
59249
59251
59252
59255
59256
59257
59258
59259
59260
59262
59263
59264
59265
59267
59268
59269
59271
59276
59277
59278
59279
59281
59282
59283
59284
59285
59286
59287
59288
59292
59293
59294
59295
59296
59297
59298
59299
59300
59302
59304
59306
59307
59310
59311
59312
59313
59314
59315
59316
59317
59318
59319
59321
59322
59324
59325
59327
59328
59329
59331
59332
59333
59334
59335
59336
59337
59340
59341
59342
59343
59344
59345
59346
59347
59348
59349
59350
59351
59353
59354
59355
59356
59357
59358
59359
59360
59363
59364
59365
59366
59367
59368
59369
59370
59371
59372
59373
59374
59375
59376
59379
59380
59381
59383
59384
59385
59387
59388
59389
59390
59391
59392
59393
59394
59395
59396
59397
59400
59401
59402
59403
59404
59405
59407
59410
59411
59413
59414
59415
59416
59417
59418
59419
59420
59421
59422
59423
59424
59425
59426
59427
59429
59431
59432
59433
59435
59436
59437
59438
59439
59440
59441
59442
59445
59447
59448
59450
59451
59452
59453
59454
59455
59456
59457
59458
59459
59460
59461
59462
59463
59464
59465
59466
59468
59469
59470
59471
59475
59476
59479
59480
59481
59482
59483
59484
59485
59486
59487
59488
59489
59490
59491
59492
59493
59495
59496
59497
59499
59500
59501
59502
59503
59504
59505
59506
59507
59508
59509
59510
59511
59512
59514
59515
59516
59517
59519
59520
59521
59523
59524
59525
59526
59527
59530
59531
59533
59534
59535
59536
59537
59538
59539
59540
59541
59542
59543
59544
59545
59547
59548
59549
59551
59552
59554
59555
59556
59557
59558
59559
59560
59561
59562
59564
59565
59566
59567
59568
59569
59570
59571
59572
59573
59576
59577
59578
59579
59580
59582
59583
59584
59587
59589
59590
59591
59592
59593
59594
59595
59596
59597
59599
59600
59601
59602
59604
59606
59607
59608
59609
59610
59611
59612
59613
59614
59615
59616
59618
59620
59621
59622
59623
59624
59625
59626
59627
59628
59629
59630
59631
59634
59635
59636
59638
59640
59642
59643
59644
59645
59646
59647
59648
59649
59650
59651
59652
59653
59654
59655
59656
59657
59658
59659
59660
59661
59662
59663
59664
59665
59666
59668
59669
59670
59672
59674
59675
59676
59677
59678
59681
59682
59683
59687
59688
59689
59690
59692
59693
59694
59695
59696
59697
59698
59699
59701
59702
59703
59704
59705
59706
59707
59708
59709
59710
59711
59712
59713
59715
59716
59719
59720
59722
59723
59724
59725
59727
59729
59732
59733
59734
59735
59736
59737
59738
59740
59741
59742
59744
59745
59746
59747
59748
59749
59750
59751
59752
59753
59754
59755
59756
59759
59761
59762
59763
59764
59765
59766
59767
59769
59770
59772
59773
59774
59775
59776
59778
59779
59780
59781
59782
59783
59785
59786
59787
59788
59790
59791
59792
59793
59794
59795
59796
59797
59798
59800
59802
59804
59805
59806
59807
59808
59809
59810
59811
59813
59814
59815
59817
59818
59820
59821
59822
59823
59824
59825
59827
59828
59829
59831
59833
59834
59835
59836
59837
59841
59842
59843
59844
59845
59846
59847
59848
59849
59850
59852
59853
59854
59855
59856
59857
59859
59860
59861
59862
59863
59864
59865
59867
59868
59869
59870
59871
59874
59875
59876
59877
59879
59880
59882
59883
59884
59885
59887
59888
59889
59890
59891
59893
59894
59895
59897
59898
59899
59900
59901
59902
59903
59904
59905
59906
59908
59909
59910
59911
59912
59913
59914
59915
59916
59917
59918
59919
59920
59921
59924
59925
59926
59927
59928
59929
59930
59935
59937
59938
59939
59940
59941
59942
59943
59944
59945
59946
59947
59948
59949
59950
59951
59953
59954
59955
59956
59959
59960
59964
59965
59966
59967
59968
59969
59970
59971
59972
59973
59974
59975
59976
59977
59978
59980
59982
59983
59986
59987
59988
59990
59991
59992
59993
59994
59995
59996
59997
59999
60000
60001
60002
60003
60008
60009
60010
60011
60013
60014
60015
60016
60017
60018
60019
60021
60022
60023
60025
60026
60027
60028
60031
60034
60036
60038
60039
60040
60041
60042
60043
60045
60046
60047
60048
60049
60050
60051
60053
60054
60055
60056
60057
60058
60059
60062
60063
60065
60066
60067
60068
60069
60070
60071
60073
60074
60075
60076
60077
60079
60080
60082
60083
60084
60085
60086
60087
60088
60089
60090
60091
60092
60093
60094
60095
60096
60097
60098
60099
60101
60103
60104
60105
60106
60107
60109
60110
60111
60112
60113
60114
60116
60119
60120
60121
60122
60124
60125
60126
60127
60128
60129
60131
60134
60136
60137
60139
60141
60142
60143
60144
60145
60146
60147
60148
60150
60151
60152
60153
60154
60155
60156
60157
60158
60159
60160
60161
60162
60165
60166
60167
60168
60169
60170
60171
60172
60173
60174
60175
60176
60177
60178
60180
60181
60184
60185
60186
60187
60188
60191
60192
60193
60194
60195
60196
60197
60198
60199
60200
60201
60203
60204
60205
60207
60209
60210
60211
60212
60213
60214
60215
60216
60217
60218
60219
60220
60221
60222
60225
60227
60228
60230
60231
60233
60234
60235
60236
60237
60238
60239
60240
60244
60245
60247
60248
60249
60250
60252
60254
60255
60256
60257
60259
60260
60261
60262
60263
60264
60265
60266
60267
60268
60269
60270
60271
60272
60273
60274
60275
60276
60277
60279
60280
60281
60282
60283
60284
60285
60286
60287
60288
60293
60294
60295
60296
60297
60299
60300
60302
60304
60305
60307
60309
60311
60313
60314
60315
60316
60317
60318
60320
60321
60322
60323
60325
60326
60327
60331
60332
60334
60335
60337
60338
60339
60340
60341
60342
60343
60344
60345
60347
60348
60349
60350
60352
60353
60356
60357
60359
60360
60361
60362
60366
60367
60370
60371
60373
60375
60377
60378
60379
60380
60382
60384
60385
60387
60388
60389
60390
60391
60392
60394
60395
60396
60397
60398
60401
60402
60404
60406
60407
60408
60410
60411
60412
60413
60414
60415
60416
60418
60419
60420
60422
60423
60424
60425
60426
60428
60429
60430
60432
60434
60436
60438
60439
60440
60441
60442
60443
60445
60446
60448
60451
60452
60453
60454
60455
60456
60458
60459
60460
60461
60462
60463
60465
60467
60468
60469
60470
60471
60472
60473
60474
60475
60476
60477
60478
60479
60480
60481
60482
60483
60484
60485
60487
60488
60490
60491
60493
60494
60495
60496
60497
60498
60500
60503
60504
60505
60506
60507
60508
60509
60510
60511
60513
60515
60517
60518
60519
60520
60521
60522
60523
60524
60525
60526
60528
60529
60530
60531
60532
60535
60537
60538
60539
60541
60543
60544
60545
60546
60547
60548
60549
60550
60554
60555
60556
60557
60559
60560
60561
60562
60563
60564
60566
60567
60568
60569
60570
60571
60572
60574
60575
60576
60578
60581
60582
60583
60584
60585
60587
60588
60589
60591
60592
60593
60594
60596
60597
60598
60599
60600
60601
60602
60603
60604
60605
60606
60607
60608
60610
60611
60612
60615
60616
60619
60620
60621
60622
60623
60624
60625
60626
60628
60629
60630
60631
60632
60634
60635
60637
60638
60639
60640
60641
60642
60643
60644
60645
60647
60648
60649
60650
60652
60653
60654
60655
60656
60658
60659
60661
60662
60663
60664
60666
60667
60668
60669
60670
60671
60673
60675
60676
60677
60678
60679
60681
60682
60685
60686
60687
60688
60690
60691
60692
60693
60694
60696
60697
60698
60699
60700
60701
60702
60703
60704
60705
60707
60709
60710
60711
60712
60714
60715
60716
60717
60718
60719
60720
60721
60722
60723
60724
60725
60727
60728
60729
60730
60731
60732
60733
60734
60736
60737
60738
60739
60740
60741
60742
60743
60746
60747
60749
60750
60751
60752
60753
60756
60757
60758
60759
60760
60761
60764
60765
60766
60767
60768
60769
60770
60771
60772
60774
60775
60776
60777
60778
60779
60780
60781
60783
60784
60786
60787
60788
60789
60790
60791
60792
60793
60794
60795
60796
60797
60798
60799
60801
60802
60803
60804
60805
60806
60807
60808
60809
60811
60813
60814
60815
60816
60817
60818
60820
60821
60822
60823
60825
60826
60827
60828
60829
60830
60831
60832
60833
60834
60835
60836
60837
60838
60839
60840
60841
60842
60844
60845
60846
60847
60848
60849
60851
60852
60853
60856
60857
60858
60859
60860
60861
60864
60867
60868
60869
60870
60873
60874
60875
60876
60877
60878
60879
60880
60881
60882
60883
60885
60886
60888
60890
60891
60893
60895
60896
60897
60898
60900
60901
60902
60904
60906
60907
60908
60909
60910
60912
60913
60914
60915
60917
60918
60919
60920
60921
60922
60923
60924
60926
60927
60928
60930
60931
60933
60934
60935
60937
60938
60939
60940
60941
60942
60943
60944
60945
60947
60949
60950
60951
60952
60954
60957
60958
60959
60960
60961
60962
60963
60964
60965
60966
60967
60968
60969
60970
60971
60973
60974
60977
60978
60979
60981
60982
60983
60984
60985
60986
60987
60989
60991
60992
60993
60994
60995
60996
60997
60998
60999
61000
61001
61002
61003
61004
61005
61006
61009
61011
61012
61013
61015
61018
61019
61020
61021
61022
61026
61027
61028
61029
61030
61031
61032
61034
61035
61036
61037
61038
61039
61040
61041
61042
61044
61045
61046
61047
61049
61050
61051
61052
61054
61056
61057
61059
61060
61061
61062
61066
61067
61068
61069
61071
61072
61074
61075
61076
61077
61078
61079
61080
61082
61083
61085
61086
61087
61088
61090
61091
61093
61094
61097
61100
61101
61102
61103
61106
61107
61108
61109
61110
61111
61112
61113
61114
61115
61116
61117
61119
61120
61121
61124
61125
61126
61127
61128
61130
61132
61133
61134
61137
61139
61140
61147
61148
61151
61152
61154
61155
61156
61158
61159
61160
61161
61163
61164
61165
61166
61167
61169
61170
61171
61173
61174
61175
61177
61178
61179
61181
61182
61183
61184
61186
61187
61188
61189
61191
61196
61197
61198
61199
61201
61202
61204
61205
61208
61209
61210
61211
61212
61217
61218
61219
61220
61221
61222
61223
61225
61226
61227
61228
61229
61230
61231
61233
61234
61235
61236
61237
61238
61241
61242
61243
61244
61245
61247
61249
61251
61253
61256
61257
61259
61260
61262
61264
61265
61266
61267
61268
61270
61272
61273
61274
61275
61277
61278
61281
61282
61283
61284
61285
61286
61287
61288
61291
61292
61293
61295
61296
61299
61300
61302
61304
61306
61309
61311
61315
61316
61318
61319
61320
61321
61322
61324
61325
61326
61327
61328
61329
61330
61332
61334
61335
61336
61337
61340
61341
61342
61343
61346
61347
61349
61350
61351
61353
61354
61355
61356
61357
61358
61359
61361
61362
61363
61364
61365
61366
61367
61368
61369
61372
61374
61375
61377
61378
61379
61380
61381
61382
61383
61384
61385
61386
61388
61389
61390
61391
61392
61394
61395
61397
61399
61400
61401
61403
61404
61406
61407
61408
61409
61412
61413
61414
61416
61417
61419
61421
61422
61424
61425
61426
61427
61429
61430
61431
61432
61434
61435
61436
61437
61439
61440
61442
61443
61444
61445
61446
61447
61448
61449
61451
61453
61454
61455
61456
61459
61460
61461
61462
61463
61464
61465
61466
61467
61468
61469
61470
61471
61473
61474
61475
61476
61478
61479
61480
61481
61483
61484
61485
61486
61489
61490
61491
61495
61496
61497
61498
61499
61502
61503
61504
61506
61508
61510
61511
61512
61513
61514
61515
61516
61517
61518
61519
61523
61524
61525
61526
61527
61528
61529
61530
61531
61532
61533
61534
61536
61537
61538
61541
61542
61543
61544
61545
61546
61547
61548
61549
61551
61552
61553
61555
61556
61557
61558
61559
61560
61561
61563
61564
61565
61566
61567
61568
61569
61570
61571
61574
61575
61576
61578
61579
61580
61582
61583
61584
61585
61586
61587
61588
61589
61590
61591
61592
61593
61595
61596
61597
61598
61599
61600
61601
61602
61603
61606
61607
61608
61609
61610
61611
61612
61613
61614
61615
61616
61617
61618
61619
61620
61621
61622
61623
61624
61625
61626
61627
61628
61629
61631
61632
61633
61634
61635
61636
61637
61638
61639
61640
61641
61642
61643
61645
61646
61647
61648
61649
61650
61651
61653
61656
61657
61658
61659
61660
61661
61662
61663
61665
61666
61668
61669
61670
61673
61675
61677
61679
61680
61681
61682
61683
61684
61685
61686
61688
61690
61691
61692
61693
61696
61697
61698
61700
61708
61709
61710
61711
61714
61715
61716
61718
61719
61720
61722
61724
61726
61729
61730
61731
61732
61733
61734
61735
61736
61737
61738
61740
61741
61743
61744
61745
61747
61749
61751
61752
61754
61755
61757
61758
61759
61762
61766
61768
61769
61771
61772
61774
61775
61776
61777
61779
61781
61782
61785
61789
61791
61794
61796
61798
61799
61800
61801
61802
61804
61806
61808
61809
61810
61812
61813
61814
61815
61816
61817
61821
61823
61824
61825
61829
61830
61831
61834
61835
61836
61837
61838
61839
61840
61841
61847
61848
61849
61850
61852
61854
61855
61856
61860
61861
61862
61863
61865
61866
61869
61870
61873
61874
61876
61877
61878
61879
61880
61881
61883
61884
61886
61890
61891
61893
61894
61897
61898
61899
61900
61903
61905
61906
61907
61908
61909
61910
61911
61913
61914
61916
61917
61918
61919
61920
61921
61923
61924
61925
61926
61929
61932
61934
61935
61937
61939
61941
61945
61947
61949
61950
61951
61952
61953
61954
61955
61956
61959
61961
61963
61964
61966
61968
61969
61970
61971
61973
61974
61978
61979
61980
61981
61982
61984
61985
61986
61988
61991
61993
61994
61998
61999
62003
62004
62006
62007
62009
62012
62013
62014
62015
62019
62020
62021
62024
62026
62029
62030
62032
62033
62035
62039
62040
62041
62042
62043
62044
62045
62046
62047
62048
62050
62053
62054
62055
62056
62057
62058
62059
62060
62061
62064
62065
62069
62070
62072
62073
62074
62075
62078
62079
62081
62082
62083
62085
62087
62089
62090
62097
62099
62103
62105
62106
62107
62109
62110
62111
62112
62116
62119
62122
62123
62128
62129
62130
62131
62133
62135
62136
62140
62142
62146
62147
62149
62151
62153
62156
62157
62158
62159
62161
62163
62165
62166
62167
62168
62169
62170
62172
62174
62175
62176
62177
62179
62180
62181
62183
62184
62191
62193
62195
62196
62200
62201
62202
62203
62205
62207
62208
62209
62210
62213
62215
62217
62218
62219
62220
62221
62222
62223
62224
62226
62227
62230
62231
62234
62235
62236
62237
62240
62243
62245
62247
62248
62251
62252
62253
62257
62258
62259
62261
62262
62263
62264
62265
62266
62267
62268
62270
62271
62273
62274
62278
62280
62283
62285
62286
62287
62288
62290
62291
62292
62294
62295
62296
62297
62299
62300
62302
62303
62304
62305
62306
62308
62309
62311
62312
62313
62314
62315
62316
62317
62319
62320
62321
62322
62323
62325
62326
62327
62329
62330
62331
62332
62333
62334
62335
62337
62338
62340
62341
62342
62343
62344
62345
62346
62347
62348
62349
62350
62351
62352
62353
62354
62356
62357
62358
62359
62360
62361
62362
62363
62365
62366
62367
62368
62369
62370
62371
62374
62375
62380
62382
62383
62385
62386
62387
62388
62389
62390
62392
62393
62394
62396
62398
62399
62401
62403
62404
62405
62408
62409
62410
62412
62413
62414
62415
62416
62417
62419
62420
62421
62422
62423
62424
62426
62427
62428
62429
62430
62431
62432
62433
62436
62439
62442
62443
62444
62448
62450
62451
62452
62453
62455
62456
62457
62458
62459
62461
62462
62463
62465
62467
62469
62470
62471
62472
62473
62475
62476
62478
62479
62480
62481
62482
62483
62484
62485
62486
62488
62492
62493
62494
62496
62497
62498
62499
62500
62501
62502
62503
62504
62505
62506
62507
62508
62509
62510
62511
62512
62513
62515
62516
62517
62518
62521
62523
62525
62526
62528
62531
62533
62534
62537
62539
62541
62542
62543
62544
62546
62547
62548
62549
62550
62553
62556
62557
62559
62562
62564
62565
62566
62567
62568
62569
62570
62571
62572
62573
62574
62575
62578
62579
62580
62582
62584
62586
62587
62588
62589
62590
62591
62592
62593
62594
62595
62596
62597
62598
62600
62603
62604
62605
62606
62610
62611
62612
62613
62614
62616
62617
62618
62620
62621
62624
62625
62627
62629
62630
62631
62634
62635
62636
62637
62639
62641
62642
62643
62644
62645
62646
62647
62649
62652
62653
62654
62655
62656
62657
62658
62659
62660
62661
62662
62663
62665
62666
62667
62668
62670
62672
62673
62675
62676
62677
62678
62679
62680
62682
62683
62686
62687
62689
62692
62693
62695
62697
62698
62699
62700
62701
62702
62703
62704
62705
62707
62709
62710
62712
62713
62714
62715
62716
62717
62718
62719
62720
62722
62723
62724
62725
62726
62727
62729
62730
62731
62732
62733
62734
62735
62736
62737
62738
62740
62741
62742
62743
62744
62745
62746
62748
62750
62751
62752
62753
62754
62755
62756
62757
62758
62759
62760
62761
62762
62764
62765
62767
62768
62769
62771
62773
62774
62776
62780
62781
62782
62783
62785
62787
62788
62789
62790
62793
62794
62795
62796
62797
62799
62802
62804
62805
62806
62807
62808
62809
62811
62812
62813
62815
62817
62818
62820
62821
62822
62823
62824
62825
62826
62827
62829
62830
62831
62832
62833
62834
62835
62836
62837
62838
62839
62840
62841
62843
62844
62845
62847
62849
62850
62851
62853
62854
62855
62856
62858
62859
62860
62861
62863
62867
62868
62869
62870
62871
62872
62873
62876
62877
62878
62881
62882
62883
62884
62886
62889
62891
62892
62893
62894
62896
62897
62898
62900
62904
62906
62907
62908
62909
62910
62911
62912
62913
62914
62915
62916
62921
62922
62923
62924
62926
62927
62928
62929
62930
62932
62933
62934
62935
62937
62938
62939
62940
62941
62942
62943
62944
62945
62947
62949
62950
62951
62952
62953
62955
62956
62957
62958
62960
62962
62963
62964
62966
62967
62968
62969
62971
62972
62974
62975
62976
62979
62981
62982
62983
62984
62986
62988
62989
62990
62991
62992
62993
62994
62995
62997
62998
62999
63000
63001
63002
63003
63004
63005
63006
63007
63008
63012
63013
63017
63019
63021
63022
63023
63025
63026
63027
63028
63029
63030
63031
63032
63033
63034
63035
63036
63038
63039
63040
63041
63042
63047
63049
63050
63051
63053
63054
63055
63057
63058
63059
63060
63063
63066
63068
63069
63070
63071
63072
63073
63074
63075
63076
63079
63080
63081
63082
63083
63084
63085
63086
63087
63089
63090
63091
63093
63094
63095
63096
63097
63098
63099
63100
63101
63102
63103
63104
63105
63106
63107
63108
63109
63110
63111
63112
63113
63114
63115
63116
63117
63118
63120
63122
63123
63124
63125
63128
63129
63130
63131
63132
63133
63134
63135
63138
63139
63140
63141
63146
63147
63148
63149
63151
63152
63153
63155
63156
63157
63158
63159
63160
63162
63163
63164
63165
63167
63168
63169
63170
63171
63172
63173
63174
63175
63176
63177
63178
63180
63181
63182
63183
63184
63185
63186
63190
63191
63192
63193
63194
63196
63198
63199
63200
63201
63202
63203
63204
63205
63206
63207
63208
63209
63210
63211
63212
63215
63216
63218
63220
63222
63223
63225
63226
63227
63228
63229
63230
63231
63234
63235
63236
63238
63239
63240
63242
63243
63244
63246
63247
63248
63249
63250
63251
63252
63253
63254
63256
63257
63258
63259
63260
63261
63262
63263
63264
63265
63266
63267
63268
63269
63270
63271
63272
63273
63276
63279
63280
63281
63282
63283
63284
63285
63286
63287
63288
63291
63292
63293
63294
63295
63296
63297
63298
63299
63301
63303
63304
63306
63308
63309
63310
63313
63314
63316
63317
63319
63320
63321
63322
63324
63325
63327
63329
63330
63331
63332
63334
63336
63337
63340
63342
63343
63344
63346
63347
63348
63349
63350
63354
63356
63357
63358
63359
63360
63361
63362
63363
63364
63365
63366
63367
63369
63370
63371
63372
63373
63374
63375
63376
63377
63378
63379
63380
63381
63384
63385
63386
63387
63388
63389
63390
63392
63393
63394
63395
63396
63397
63398
63399
63400
63401
63402
63403
63404
63405
63407
63408
63409
63410
63411
63412
63413
63414
63416
63417
63418
63419
63423
63424
63426
63427
63429
63430
63431
63432
63433
63434
63435
63436
63437
63438
63439
63441
63442
63444
63447
63448
63449
63450
63451
63452
63453
63454
63455
63456
63457
63458
63460
63461
63463
63464
63465
63466
63467
63468
63469
63470
63473
63474
63475
63476
63478
63480
63481
63482
63483
63485
63486
63490
63491
63492
63493
63494
63495
63497
63499
63500
63501
63502
63504
63505
63506
63507
63508
63509
63510
63511
63512
63513
63514
63518
63519
63520
63522
63523
63525
63526
63527
63528
63529
63530
63531
63532
63534
63537
63538
63539
63540
63541
63542
63543
63544
63545
63546
63547
63548
63550
63551
63554
63556
63557
63558
63560
63561
63562
63563
63564
63565
63566
63567
63568
63569
63571
63572
63573
63574
63575
63576
63577
63578
63579
63580
63581
63582
63583
63585
63586
63587
63588
63589
63590
63591
63593
63597
63599
63601
63603
63604
63605
63607
63609
63610
63611
63612
63613
63614
63615
63616
63617
63618
63620
63622
63623
63624
63626
63629
63630
63631
63632
63633
63635
63636
63637
63638
63641
63642
63643
63644
63645
63646
63648
63649
63650
63652
63653
63654
63655
63657
63659
63660
63663
63664
63665
63667
63668
63669
63670
63672
63675
63676
63678
63679
63682
63684
63685
63686
63688
63689
63690
63691
63692
63693
63694
63695
63698
63699
63701
63702
63703
63704
63705
63707
63709
63710
63711
63715
63716
63717
63718
63719
63720
63721
63722
63724
63725
63726
63730
63731
63732
63733
63736
63737
63738
63739
63740
63741
63743
63744
63745
63746
63747
63748
63750
63753
63754
63756
63757
63758
63759
63760
63761
63763
63765
63766
63767
63768
63769
63771
63773
63775
63776
63778
63779
63780
63783
63784
63785
63787
63788
63789
63790
63791
63792
63793
63794
63795
63796
63797
63798
63800
63802
63804
63805
63806
63807
63808
63809
63810
63812
63814
63815
63817
63819
63821
63823
63825
63826
63827
63832
63833
63834
63835
63837
63839
63840
63841
63843
63844
63845
63847
63848
63850
63851
63853
63854
63855
63856
63858
63859
63860
63861
63862
63864
63865
63866
63868
63869
63871
63872
63873
63874
63875
63876
63877
63878
63879
63880
63881
63883
63884
63885
63888
63889
63890
63891
63892
63893
63894
63898
63899
63901
63902
63903
63904
63905
63906
63907
63908
63909
63910
63912
63913
63914
63915
63916
63918
63919
63920
63921
63922
63924
63925
63927
63928
63929
63930
63932
63934
63935
63936
63937
63938
63939
63941
63943
63944
63945
63946
63947
63948
63950
63951
63952
63954
63955
63957
63958
63959
63960
63961
63963
63965
63966
63967
63968
63969
63970
63971
63972
63973
63974
63975
63976
63978
63979
63980
63981
63982
63983
63984
63985
63986
63987
63988
63989
63990
63991
63993
63994
63995
63997
63998
64002
64003
64004
64005
64007
64008
64009
64010
64011
64012
64013
64014
64016
64017
64018
64019
64020
64021
64022
64023
64024
64025
64026
64027
64028
64030
64031
64032
64033
64034
64036
64037
64039
64040
64041
64042
64043
64045
64046
64047
64048
64051
64052
64053
64054
64055
64056
64057
64058
64059
64060
64061
64062
64063
64064
64065
64066
64067
64068
64072
64073
64074
64075
64076
64077
64078
64079
64081
64083
64084
64085
64086
64087
64088
64089
64090
64091
64092
64093
64094
64095
64096
64097
64098
64100
64101
64102
64103
64104
64105
64108
64109
64110
64111
64112
64113
64114
64115
64116
64117
64118
64119
64120
64121
64122
64125
64126
64127
64128
64129
64131
64132
64133
64134
64135
64136
64138
64140
64141
64142
64143
64144
64146
64148
64149
64151
64152
64153
64154
64155
64157
64158
64159
64160
64161
64162
64163
64164
64165
64166
64167
64168
64170
64172
64173
64174
64175
64176
64178
64179
64180
64182
64183
64184
64185
64186
64187
64188
64189
64190
64192
64193
64194
64195
64196
64197
64199
64201
64202
64203
64204
64205
64206
64207
64209
64210
64212
64213
64215
64216
64217
64218
64220
64222
64223
64224
64226
64227
64228
64229
64230
64231
64233
64234
64235
64236
64237
64238
64239
64240
64241
64242
64243
64244
64245
64246
64247
64248
64249
64250
64251
64252
64253
64254
64255
64256
64257
64258
64259
64260
64261
64262
64263
64264
64265
64266
64267
64270
64271
64272
64273
64274
64275
64276
64277
64278
64279
64280
64281
64282
64283
64284
64285
64289
64290
64291
64292
64293
64294
64295
64296
64297
64299
64300
64301
64302
64303
64304
64305
64306
64307
64308
64309
64310
64311
64312
64313
64315
64316
64317
64319
64320
64321
64322
64323
64324
64325
64326
64327
64328
64329
64330
64331
64332
64333
64334
64335
64337
64338
64339
64340
64342
64343
64344
64345
64347
64348
64349
64350
64351
64352
64353
64354
64356
64357
64358
64360
64361
64363
64364
64365
64366
64367
64369
64370
64371
64373
64374
64375
64376
64377
64378
64379
64380
64382
64383
64384
64385
64386
64387
64388
64389
64390
64393
64394
64396
64397
64398
64399
64400
64401
64402
64403
64404
64405
64406
64407
64408
64409
64410
64411
64412
64414
64415
64416
64417
64418
64419
64420
64421
64422
64423
64424
64425
64427
64428
64429
64430
64431
64432
64433
64435
64436
64437
64438
64439
64440
64441
64442
64444
64445
64446
64447
64448
64450
64451
64452
64453
64454
64455
64459
64460
64461
64462
64463
64464
64465
64466
64467
64468
64469
64470
64472
64473
64474
64475
64476
64477
64478
64482
64483
64485
64486
64487
64488
64490
64491
64492
64493
64495
64497
64498
64501
64503
64504
64505
64506
64507
64508
64510
64511
64512
64514
64515
64517
64518
64519
64520
64521
64522
64523
64524
64525
64526
64527
64528
64531
64532
64533
64536
64537
64538
64540
64541
64542
64543
64544
64545
64547
64548
64549
64550
64551
64552
64553
64554
64555
64558
64559
64560
64561
64563
64564
64565
64566
64567
64568
64569
64570
64571
64572
64574
64575
64578
64579
64580
64581
64582
64583
64584
64585
64586
64587
64588
64590
64591
64592
64593
64594
64595
64596
64598
64599
64600
64603
64604
64606
64608
64609
64611
64612
64614
64615
64616
64618
64619
64621
64622
64624
64625
64627
64628
64629
64631
64634
64635
64636
64637
64638
64639
64641
64643
64644
64645
64647
64648
64649
64650
64651
64653
64654
64657
64658
64661
64662
64663
64664
64665
64666
64667
64668
64669
64671
64672
64674
64675
64677
64678
64679
64681
64682
64683
64684
64685
64686
64687
64688
64690
64691
64693
64694
64695
64696
64697
64699
64700
64701
64702
64703
64704
64705
64706
64707
64708
64709
64711
64712
64713
64714
64715
64716
64717
64719
64720
64722
64723
64724
64725
64728
64729
64730
64731
64733
64734
64735
64736
64737
64738
64739
64740
64744
64745
64747
64748
64749
64750
64751
64752
64753
64754
64755
64756
64757
64758
64759
64760
64762
64763
64764
64765
64766
64767
64768
64769
64771
64773
64774
64775
64777
64778
64779
64781
64782
64783
64784
64785
64786
64787
64788
64789
64790
64791
64792
64795
64796
64797
64798
64799
64800
64801
64802
64803
64804
64805
64806
64807
64811
64812
64813
64814
64815
64817
64818
64819
64820
64821
64822
64824
64825
64827
64828
64829
64830
64832
64833
64834
64836
64838
64839
64840
64841
64843
64844
64846
64847
64848
64849
64850
64851
64852
64855
64856
64857
64858
64861
64862
64863
64864
64866
64868
64869
64871
64872
64873
64875
64876
64877
64878
64879
64880
64881
64882
64883
64884
64885
64886
64887
64888
64889
64890
64891
64892
64893
64894
64895
64896
64898
64899
64901
64902
64904
64905
64908
64909
64910
64911
64912
64913
64914
64915
64916
64917
64918
64920
64921
64922
64923
64924
64925
64926
64927
64929
64931
64932
64934
64935
64936
64937
64938
64939
64940
64941
64942
64943
64944
64945
64946
64947
64948
64950
64953
64955
64957
64958
64959
64960
64961
64962
64963
64964
64965
64966
64967
64968
64970
64971
64972
64973
64974
64975
64977
64978
64979
64980
64981
64982
64983
64984
64985
64986
64987
64988
64990
64991
64992
64993
64994
64995
64996
64998
64999
65001
65002
65003
65005
65006
65007
65010
65011
65012
65014
65016
65018
65019
65020
65021
65022
65023
65024
65025
65026
65027
65028
65029
65031
65035
65036
65037
65040
65042
65043
65044
65045
65049
65050
65051
65052
65053
65054
65055
65057
65058
65059
65060
65061
65062
65064
65066
65067
65068
65069
65071
65072
65073
65074
65076
65077
65078
65079
65080
65085
65086
65087
65088
65089
65090
65091
65093
65094
65095
65096
65097
65099
65101
65103
65104
65105
65106
65107
65108
65109
65113
65114
65116
65117
65118
65119
65120
65121
65122
65125
65126
65128
65129
65130
65131
65132
65134
65135
65136
65137
65138
65139
65140
65141
65142
65143
65144
65145
65146
65147
65148
65149
65150
65151
65152
65154
65155
65156
65159
65160
65161
65163
65164
65165
65166
65169
65171
65175
65176
65177
65178
65179
65180
65183
65187
65188
65191
65192
65193
65194
65195
65196
65197
65198
65199
65200
65202
65203
65204
65205
65206
65207
65208
65209
65212
65213
65214
65215
65216
65217
65219
65220
65221
65222
65223
65224
65225
65226
65227
65228
65229
65230
65231
65232
65233
65234
65235
65236
65237
65238
65239
65240
65241
65242
65243
65245
65246
65247
65248
65249
65250
65251
65252
65253
65254
65255
65256
65257
65258
65259
65261
65262
65263
65264
65265
65266
65267
65268
65269
65270
65273
65275
65276
65277
65279
65280
65281
65282
65283
65284
65286
65287
65288
65289
65292
65293
65294
65295
65296
65297
65298
65299
65300
65301
65302
65304
65305
65306
65307
65308
65309
65310
65311
65312
65314
65315
65316
65318
65319
65322
65323
65324
65325
65327
65328
65329
65330
65331
65332
65333
65334
65335
65336
65337
65338
65339
65340
65341
65343
65344
65345
65346
65347
65348
65349
65350
65351
65352
65353
65354
65355
65356
65357
65358
65359
65360
65361
65362
65363
65364
65365
65366
65367
65368
65369
65371
65372
65373
65374
65375
65377
65378
65380
65381
65383
65384
65385
65386
65388
65389
65391
65392
65393
65395
65396
65397
65398
65399
65400
65401
65402
65403
65404
65406
65407
65408
65410
65411
65413
65414
65415
65416
65417
65418
65419
65420
65421
65422
65423
65424
65426
65427
65428
65429
65430
65431
65432
65433
65435
65436
65437
65438
65439
65440
65441
65442
65443
65445
65446
65447
65448
65449
65450
65451
65452
65454
65455
65456
65457
65458
65459
65460
65462
65463
65465
65466
65467
65468
65470
65471
65472
65473
65474
65475
65476
65478
65479
65481
65482
65483
65484
65485
65486
65488
65489
65490
65493
65494
65495
65497
65498
65500
65501
65502
65503
65504
65505
65506
65508
65509
65510
65511
65512
65513
65514
65516
65517
65518
65519
65520
65521
65522
65523
65525
65527
65528
65530
65532
65534
65535
65536
65538
65540
65541
65542
65543
65544
65545
65546
65547
65548
65549
65551
65552
65553
65554
65555
65556
65557
65558
65559
65561
65562
65563
65564
65565
65566
65567
65570
65571
65572
65573
65575
65576
65577
65579
65580
65581
65582
65583
65584
65585
65586
65587
65588
65589
65591
65592
65593
65594
65596
65597
65598
65599
65600
65601
65602
65603
65604
65605
65606
65607
65608
65609
65610
65611
65612
65613
65614
65615
65616
65617
65618
65620
65621
65622
65623
65624
65627
65628
65629
65630
65631
65632
65633
65634
65635
65637
65638
65639
65640
65641
65642
65643
65645
65647
65648
65649
65650
65651
65653
65654
65655
65656
65657
65658
65659
65660
65661
65663
65664
65665
65666
65667
65668
65669
65671
65674
65675
65676
65677
65678
65679
65680
65682
65683
65684
65685
65687
65689
65690
65691
65692
65693
65694
65695
65696
65697
65698
65699
65700
65701
65703
65704
65705
65706
65707
65708
65710
65711
65712
65713
65716
65717
65718
65720
65721
65722
65723
65724
65725
65726
65727
65729
65730
65731
65732
65733
65734
65735
65736
65737
65738
65739
65740
65742
65743
65745
65746
65747
65748
65750
65751
65753
65754
65756
65757
65758
65759
65760
65761
65762
65763
65765
65766
65767
65768
65771
65772
65773
65776
65777
65778
65779
65780
65781
65782
65783
65784
65785
65786
65788
65793
65794
65795
65796
65797
65798
65799
65800
65801
65802
65803
65805
65806
65807
65808
65809
65810
65812
65813
65814
65815
65816
65817
65818
65819
65820
65822
65823
65824
65825
65826
65827
65828
65829
65830
65831
65832
65833
65835
65836
65839
65841
65842
65844
65845
65847
65849
65850
65851
65852
65853
65854
65855
65856
65857
65859
65860
65861
65862
65863
65864
65865
65866
65867
65868
65869
65871
65872
65873
65876
65877
65878
65879
65882
65883
65884
65886
65887
65888
65889
65890
65891
65893
65894
65895
65897
65898
65899
65900
65901
65902
65904
65905
65906
65908
65910
65911
65914
65915
65916
65918
65919
65920
65921
65923
65924
65925
65926
65928
65929
65930
65933
65934
65935
65936
65937
65938
65941
65943
65944
65945
65946
65947
65948
65949
65951
65952
65954
65955
65957
65958
65959
65960
65961
65964
65965
65966
65968
65969
65970
65972
65973
65974
65975
65976
65977
65978
65979
65981
65982
65983
65984
65985
65986
65987
65988
65990
65991
65992
65993
65994
65995
65996
65999
66000
66001
66002
66003
66004
66005
66006
66007
66008
66009
66010
66011
66012
66013
66014
66016
66017
66018
66019
66020
66022
66026
66027
66028
66030
66031
66032
66034
66035
66036
66038
66039
66042
66043
66044
66045
66046
66047
66048
66049
66050
66051
66052
66055
66056
66057
66058
66059
66060
66061
66062
66063
66064
66065
66067
66068
66069
66070
66071
66072
66073
66074
66076
66077
66078
66081
66082
66083
66084
66085
66086
66087
66088
66090
66091
66092
66095
66096
66097
66099
66101
66103
66104
66105
66106
66108
66110
66111
66113
66114
66115
66116
66117
66121
66122
66123
66124
66129
66131
66132
66133
66134
66135
66140
66142
66143
66144
66145
66146
66147
66148
66149
66152
66154
66156
66158
66159
66160
66161
66165
66166
66167
66168
66169
66172
66173
66174
66175
66176
66177
66178
66179
66180
66181
66184
66185
66187
66188
66189
66191
66192
66193
66194
66195
66196
66197
66198
66199
66201
66202
66205
66206
66209
66210
66211
66212
66213
66217
66218
66219
66220
66221
66222
66223
66224
66225
66226
66228
66229
66230
66231
66232
66235
66236
66239
66241
66242
66243
66244
66249
66251
66253
66254
66256
66257
66258
66259
66260
66262
66263
66264
66265
66266
66268
66269
66270
66271
66272
66274
66275
66277
66278
66280
66282
66283
66286
66287
66289
66290
66291
66292
66294
66295
66297
66298
66300
66301
66303
66304
66305
66307
66308
66311
66313
66314
66315
66316
66317
66318
66319
66320
66321
66322
66323
66324
66326
66327
66328
66329
66330
66332
66333
66336
66338
66339
66340
66341
66342
66343
66344
66345
66346
66347
66348
66349
66350
66351
66352
66353
66354
66356
66357
66359
66360
66361
66362
66363
66365
66367
66368
66369
66370
66371
66373
66375
66376
66378
66380
66381
66382
66383
66384
66385
66386
66387
66388
66389
66390
66392
66393
66394
66397
66398
66399
66400
66401
66402
66403
66404
66407
66408
66409
66410
66411
66412
66413
66414
66415
66416
66417
66418
66420
66421
66422
66423
66424
66426
66427
66430
66433
66434
66435
66437
66438
66439
66440
66441
66442
66443
66444
66445
66446
66447
66449
66450
66452
66453
66454
66455
66460
66467
66469
66470
66472
66473
66474
66476
66478
66480
66482
66483
66484
66485
66487
66489
66492
66494
66495
66496
66498
66499
66501
66503
66504
66508
66511
66512
66514
66516
66518
66519
66520
66522
66523
66525
66527
66528
66529
66531
66532
66533
66536
66537
66538
66539
66540
66541
66542
66543
66545
66546
66547
66548
66549
66551
66552
66553
66554
66555
66556
66557
66558
66561
66562
66563
66564
66567
66568
66574
66575
66576
66577
66579
66580
66581
66582
66583
66586
66587
66588
66589
66591
66594
66595
66597
66598
66600
66602
66603
66607
66608
66612
66613
66615
66618
66619
66620
66622
66625
66626
66627
66628
66629
66630
66632
66633
66634
66635
66636
66637
66638
66641
66642
66643
66645
66646
66649
66650
66651
66652
66653
66654
66655
66658
66660
66662
66663
66664
66665
66666
66667
66669
66672
66674
66675
66679
66680
66681
66684
66686
66687
66688
66690
66691
66692
66693
66694
66695
66697
66698
66699
66700
66701
66703
66705
66707
66708
66709
66712
66713
66714
66716
66718
66719
66721
66722
66723
66724
66725
66727
66728
66730
66731
66732
66734
66737
66738
66741
66743
66744
66745
66746
66747
66748
66749
66750
66751
66754
66755
66756
66757
66758
66759
66760
66763
66764
66766
66767
66769
66770
66771
66772
66774
66776
66778
66779
66780
66781
66782
66784
66785
66787
66788
66789
66791
66794
66795
66797
66798
66799
66800
66801
66803
66804
66805
66806
66808
66809
66811
66812
66813
66814
66815
66816
66817
66822
66826
66827
66829
66830
66831
66832
66837
66838
66839
66841
66842
66843
66845
66846
66850
66852
66854
66855
66856
66857
66858
66859
66860
66863
66864
66866
66867
66869
66871
66872
66875
66876
66877
66878
66881
66884
66886
66889
66892
66893
66894
66895
66897
66898
66899
66900
66902
66903
66907
66909
66910
66912
66913
66914
66915
66916
66917
66919
66920
66921
66922
66923
66924
66925
66926
66928
66930
66931
66932
66933
66935
66937
66938
66941
66942
66943
66944
66946
66948
66949
66950
66952
66953
66958
66959
66961
66962
66963
66966
66970
66972
66975
66976
66977
66979
66981
66982
66983
66984
66985
66986
66987
66988
66989
66990
66991
66997
66998
67000
67001
67002
67003
67005
67006
67009
67011
67013
67014
67016
67018
67019
67020
67021
67022
67023
67024
67025
67027
67028
67029
67030
67031
67032
67034
67035
67036
67037
67039
67040
67041
67042
67043
67044
67045
67048
67051
67052
67053
67054
67055
67056
67057
67058
67063
67064
67066
67067
67070
67072
67073
67074
67075
67078
67079
67080
67081
67082
67083
67084
67087
67088
67090
67092
67093
67095
67097
67099
67100
67101
67102
67104
67105
67106
67109
67112
67114
67115
67116
67118
67119
67122
67123
67126
67127
67128
67129
67131
67133
67134
67135
67137
67140
67141
67142
67144
67147
67149
67151
67152
67153
67155
67156
67157
67158
67159
67162
67163
67166
67167
67169
67171
67172
67173
67174
67177
67178
67179
67180
67182
67183
67184
67185
67186
67188
67189
67190
67191
67192
67193
67194
67195
67197
67200
67201
67202
67203
67204
67206
67207
67208
67209
67210
67211
67212
67214
67215
67216
67219
67220
67221
67222
67223
67224
67225
67226
67227
67228
67229
67232
67234
67236
67237
67239
67240
67241
67242
67243
67244
67245
67248
67249
67250
67252
67255
67256
67257
67258
67259
67260
67262
67264
67265
67270
67271
67273
67275
67276
67277
67279
67282
67284
67285
67286
67288
67289
67291
67292
67294
67295
67297
67298
67299
67300
67301
67303
67305
67306
67307
67308
67309
67310
67312
67318
67319
67320
67321
67322
67326
67327
67328
67331
67332
67333
67334
67336
67338
67339
67340
67341
67342
67345
67348
67349
67353
67354
67355
67356
67357
67361
67365
67366
67367
67368
67369
67370
67371
67372
67373
67375
67377
67378
67379
67380
67381
67382
67384
67385
67386
67388
67389
67390
67391
67392
67393
67395
67396
67397
67400
67401
67402
67404
67405
67407
67408
67410
67412
67415
67417
67419
67420
67421
67422
67424
67428
67430
67431
67432
67433
67434
67438
67439
67440
67442
67443
67447
67449
67450
67451
67453
67454
67456
67457
67458
67459
67460
67462
67464
67466
67467
67470
67471
67472
67475
67476
67477
67478
67479
67480
67481
67482
67483
67487
67488
67489
67490
67492
67493
67496
67497
67498
67499
67501
67502
67505
67506
67508
67509
67510
67512
67513
67514
67516
67517
67518
67519
67520
67521
67522
67524
67527
67528
67531
67533
67537
67538
67539
67540
67541
67542
67543
67545
67546
67548
67549
67550
67551
67552
67553
67556
67557
67558
67559
67560
67561
67562
67564
67565
67566
67567
67568
67569
67570
67571
67572
67576
67577
67578
67580
67581
67582
67583
67588
67590
67593
67595
67597
67599
67600
67601
67603
67605
67606
67607
67609
67610
67611
67612
67614
67615
67616
67617
67619
67620
67621
67622
67623
67624
67625
67626
67627
67628
67629
67630
67631
67632
67633
67634
67636
67637
67638
67639
67641
67644
67645
67646
67647
67648
67649
67650
67651
67652
67653
67654
67656
67658
67660
67662
67664
67666
67669
67670
67671
67672
67673
67674
67677
67678
67679
67680
67681
67682
67684
67686
67689
67691
67692
67693
67694
67695
67696
67697
67698
67699
67702
67703
67704
67705
67706
67707
67709
67710
67711
67712
67713
67714
67715
67716
67717
67721
67722
67723
67724
67725
67726
67728
67729
67730
67731
67732
67733
67734
67735
67736
67737
67738
67740
67741
67742
67744
67745
67746
67747
67748
67749
67750
67751
67752
67753
67754
67755
67756
67757
67758
67760
67761
67763
67765
67767
67768
67769
67770
67771
67772
67773
67774
67775
67777
67778
67780
67781
67782
67783
67784
67785
67787
67788
67789
67791
67792
67794
67795
67796
67797
67798
67799
67800
67802
67803
67804
67806
67808
67809
67810
67811
67812
67813
67814
67815
67817
67818
67819
67820
67821
67822
67823
67824
67825
67826
67827
67828
67829
67830
67832
67834
67835
67836
67837
67838
67839
67840
67841
67842
67843
67844
67845
67846
67848
67849
67851
67853
67854
67856
67857
67859
67860
67861
67863
67866
67867
67868
67869
67870
67871
67873
67874
67875
67878
67879
67880
67883
67884
67886
67887
67888
67889
67891
67892
67893
67894
67895
67896
67897
67899
67900
67901
67902
67903
67904
67905
67906
67907
67908
67909
67910
67911
67912
67915
67917
67918
67919
67920
67921
67922
67923
67925
67926
67927
67928
67929
67932
67934
67935
67936
67937
67938
67939
67941
67942
67943
67944
67946
67947
67949
67950
67951
67952
67953
67954
67956
67957
67958
67959
67960
67961
67962
67963
67965
67966
67967
67968
67969
67970
67972
67973
67974
67976
67977
67978
67979
67980
67982
67983
67985
67986
67987
67988
67989
67990
67991
67992
67993
67995
67996
67997
67998
67999
68000
68001
68003
68006
68007
68009
68010
68011
68012
68013
68015
68016
68018
68020
68022
68023
68024
68025
68026
68028
68030
68031
68032
68033
68034
68035
68037
68038
68040
68041
68042
68043
68044
68045
68047
68048
68049
68050
68051
68052
68053
68054
68055
68056
68058
68059
68062
68064
68067
68069
68070
68071
68075
68076
68077
68078
68080
68082
68083
68084
68085
68086
68087
68088
68089
68090
68091
68092
68093
68094
68095
68097
68100
68101
68102
68103
68104
68105
68107
68108
68109
68110
68111
68112
68114
68116
68117
68118
68119
68120
68122
68123
68124
68125
68126
68127
68128
68130
68132
68134
68136
68137
68138
68139
68140
68141
68142
68144
68145
68146
68148
68149
68150
68151
68152
68153
68154
68155
68156
68157
68158
68159
68160
68161
68162
68165
68167
68169
68171
68172
68173
68174
68176
68177
68179
68181
68183
68184
68185
68186
68188
68189
68190
68192
68193
68194
68198
68201
68202
68203
68206
68208
68209
68210
68211
68212
68214
68215
68216
68217
68219
68220
68221
68222
68223
68224
68225
68226
68227
68228
68229
68230
68231
68232
68233
68234
68235
68236
68237
68238
68239
68240
68241
68242
68244
68246
68247
68248
68249
68252
68253
68254
68255
68256
68257
68258
68259
68260
68264
68265
68266
68267
68268
68270
68272
68274
68275
68276
68277
68278
68279
68280
68281
68282
68283
68285
68287
68289
68290
68291
68292
68293
68294
68295
68296
68298
68299
68300
68301
68302
68304
68305
68306
68307
68308
68310
68311
68312
68314
68315
68316
68317
68318
68319
68323
68324
68325
68326
68327
68328
68329
68330
68331
68332
68333
68335
68336
68337
68338
68339
68340
68341
68342
68343
68346
68347
68349
68350
68351
68352
68353
68354
68355
68356
68357
68358
68359
68360
68361
68363
68364
68365
68366
68367
68368
68369
68370
68371
68372
68373
68374
68375
68376
68377
68378
68379
68380
68381
68382
68384
68385
68386
68387
68388
68389
68390
68391
68392
68393
68395
68396
68397
68398
68399
68400
68401
68403
68404
68405
68406
68407
68408
68410
68412
68413
68414
68415
68416
68417
68418
68419
68422
68423
68424
68425
68426
68428
68429
68430
68431
68433
68434
68436
68438
68439
68440
68441
68442
68443
68444
68445
68447
68448
68451
68452
68453
68454
68455
68456
68457
68459
68461
68462
68463
68464
68465
68466
68467
68468
68469
68470
68471
68472
68473
68474
68476
68477
68480
68481
68482
68484
68485
68486
68487
68488
68489
68490
68491
68492
68493
68494
68495
68496
68497
68499
68500
68502
68503
68504
68505
68506
68507
68508
68510
68511
68513
68514
68515
68516
68517
68518
68519
68520
68521
68522
68523
68525
68526
68527
68528
68529
68530
68531
68532
68533
68534
68535
68536
68537
68538
68539
68540
68541
68542
68544
68545
68546
68547
68548
68549
68550
68552
68553
68554
68555
68556
68557
68559
68560
68561
68562
68563
68564
68565
68567
68568
68569
68570
68571
68572
68573
68574
68575
68576
68577
68578
68579
68580
68581
68582
68583
68584
68585
68587
68588
68589
68590
68591
68592
68593
68594
68595
68596
68597
68598
68599
68602
68605
68608
68609
68610
68611
68612
68613
68614
68615
68616
68617
68618
68619
68620
68621
68622
68623
68624
68625
68626
68627
68628
68630
68631
68632
68633
68634
68636
68637
68638
68639
68640
68641
68642
68643
68644
68645
68646
68648
68649
68650
68651
68652
68653
68654
68655
68656
68657
68658
68660
68661
68663
68665
68666
68667
68668
68670
68671
68672
68673
68674
68676
68677
68678
68679
68680
68681
68683
68684
68685
68686
68690
68691
68692
68693
68694
68695
68696
68697
68698
68699
68700
68701
68705
68706
68707
68709
68711
68713
68714
68715
68716
68718
68719
68721
68723
68724
68725
68726
68728
68730
68732
68733
68735
68736
68738
68739
68741
68743
68744
68745
68746
68748
68749
68750
68751
68752
68753
68754
68755
68756
68757
68758
68760
68764
68766
68767
68768
68771
68772
68773
68774
68775
68776
68777
68778
68779
68780
68781
68782
68784
68788
68789
68792
68793
68794
68795
68796
68797
68799
68801
68804
68805
68806
68807
68808
68809
68810
68811
68813
68814
68815
68816
68818
68819
68820
68821
68822
68823
68824
68827
68830
68831
68832
68833
68834
68835
68836
68837
68838
68840
68841
68842
68843
68844
68847
68848
68850
68851
68852
68853
68854
68855
68856
68857
68858
68859
68860
68861
68863
68864
68865
68866
68867
68868
68869
68870
68871
68872
68873
68875
68876
68877
68879
68882
68883
68884
68885
68886
68889
68890
68891
68892
68893
68894
68896
68897
68898
68900
68901
68902
68903
68904
68905
68906
68908
68909
68915
68916
68917
68918
68920
68921
68922
68923
68924
68925
68926
68927
68928
68930
68931
68932
68933
68934
68935
68937
68941
68943
68944
68945
68946
68947
68949
68952
68954
68956
68957
68958
68960
68963
68964
68965
68966
68968
68969
68970
68972
68973
68975
68976
68978
68979
68981
68982
68983
68985
68986
68987
68988
68989
68990
68991
68992
68993
68994
68995
68996
68997
68998
68999
69000
69001
69002
69004
69005
69006
69007
69008
69009
69010
69011
69012
69013
69014
69015
69017
69019
69020
69021
69023
69024
69025
69026
69027
69029
69030
69031
69032
69033
69034
69036
69037
69038
69039
69042
69043
69044
69045
69046
69047
69049
69050
69051
69053
69056
69057
69058
69059
69061
69062
69063
69065
69066
69067
69068
69069
69070
69072
69073
69074
69075
69076
69077
69078
69079
69080
69081
69082
69084
69085
69086
69087
69088
69089
69090
69092
69093
69095
69096
69098
69099
69100
69104
69106
69107
69109
69110
69111
69112
69113
69115
69116
69117
69118
69119
69120
69122
69123
69124
69125
69126
69128
69129
69130
69131
69135
69136
69137
69138
69139
69140
69141
69142
69143
69144
69145
69146
69147
69148
69149
69150
69151
69152
69153
69154
69155
69156
69158
69160
69161
69163
69164
69165
69168
69169
69170
69171
69173
69176
69178
69179
69181
69185
69186
69187
69189
69190
69191
69192
69193
69194
69198
69199
69200
69202
69203
69204
69206
69207
69208
69209
69210
69211
69212
69214
69216
69217
69219
69220
69222
69223
69225
69226
69227
69228
69229
69230
69231
69232
69234
69235
69236
69237
69238
69239
69240
69242
69243
69244
69245
69246
69248
69251
69252
69253
69254
69255
69256
69257
69258
69259
69260
69261
69264
69265
69267
69269
69272
69273
69274
69279
69280
69281
69282
69283
69287
69288
69291
69292
69293
69294
69297
69299
69300
69302
69304
69305
69308
69309
69310
69312
69313
69314
69315
69316
69317
69320
69321
69323
69325
69328
69329
69330
69332
69333
69334
69337
69338
69339
69340
69341
69343
69344
69345
69346
69349
69351
69352
69355
69357
69361
69362
69365
69366
69367
69369
69373
69374
69375
69376
69377
69379
69380
69381
69383
69385
69387
69391
69392
69393
69395
69396
69399
69401
69403
69408
69410
69411
69412
69413
69414
69415
69416
69417
69418
69419
69420
69421
69423
69424
69427
69429
69432
69437
69438
69439
69440
69441
69443
69444
69446
69447
69448
69449
69450
69451
69452
69454
69455
69456
69457
69458
69459
69460
69464
69465
69468
69469
69471
69473
69474
69475
69477
69479
69480
69481
69484
69486
69488
69489
69490
69492
69494
69498
69499
69501
69502
69503
69504
69507
69508
69509
69510
69513
69514
69515
69516
69517
69520
69522
69523
69524
69525
69528
69529
69532
69533
69534
69535
69539
69541
69542
69543
69544
69546
69547
69548
69549
69553
69554
69556
69557
69558
69559
69560
69564
69565
69566
69567
69568
69572
69574
69577
69578
69580
69581
69582
69583
69584
69585
69587
69588
69590
69591
69592
69593
69594
69595
69597
69598
69599
69600
69601
69602
69605
69607
69609
69610
69614
69616
69617
69618
69619
69621
69623
69624
69625
69626
69627
69631
69632
69633
69634
69635
69636
69637
69638
69641
69642
69643
69645
69647
69648
69649
69651
69652
69656
69658
69659
69662
69663
69664
69665
69666
69670
69671
69672
69673
69674
69676
69679
69683
69686
69690
69691
69692
69695
69696
69698
69701
69702
69705
69707
69708
69710
69711
69713
69714
69715
69716
69717
69718
69720
69721
69722
69723
69724
69725
69727
69730
69732
69733
69734
69735
69737
69738
69742
69743
69744
69745
69746
69748
69751
69752
69754
69760
69761
69762
69763
69764
69767
69768
69769
69770
69771
69772
69775
69776
69777
69778
69779
69781
69782
69784
69785
69786
69790
69792
69793
69794
69795
69796
69797
69799
69800
69803
69804
69805
69807
69810
69811
69812
69815
69816
69817
69820
69822
69823
69824
69825
69826
69827
69828
69830
69831
69834
69835
69836
69839
69842
69843
69844
69845
69846
69848
69850
69851
69853
69857
69861
69863
69864
69868
69869
69870
69871
69872
69873
69875
69876
69879
69882
69883
69884
69885
69889
69891
69892
69894
69896
69898
69899
69902
69903
69904
69907
69909
69910
69911
69912
69913
69914
69915
69916
69917
69920
69921
69922
69925
69927
69930
69933
69935
69937
69938
69939
69941
69942
69944
69947
69948
69950
69951
69952
69954
69956
69958
69959
69960
69961
69962
69964
69966
69967
69968
69973
69974
69975
69976
69977
69978
69979
69980
69982
69985
69986
69987
69988
69989
69991
69992
69993
69995
69996
69997
69998
70000
70001
70002
70004
70006
70007
70008
70009
70010
70012
70016
70018
70019
70024
70027
70028
70029
70032
70034
70035
70036
70037
70041
70043
70044
70045
70046
70047
70048
70049
70054
70055
70061
70062
70063
70065
70066
70067
70069
70070
70072
70073
70074
70075
70079
70081
70083
70086
70089
70090
70092
70094
70095
70096
70099
70100
70101
70102
70103
70104
70105
70106
70107
70108
70109
70110
70113
70114
70115
70116
70120
70121
70122
70125
70126
70127
70132
70133
70134
70136
70137
70138
70140
70141
70142
70143
70144
70146
70147
70148
70149
70151
70153
70154
70161
70162
70164
70165
70167
70168
70174
70176
70177
70179
70180
70182
70185
70186
70187
70188
70189
70192
70193
70194
70195
70198
70200
70201
70203
70204
70206
70207
70208
70215
70217
70218
70219
70222
70223
70224
70226
70227
70228
70229
70230
70232
70234
70235
70237
70238
70240
70241
70242
70243
70244
70245
70248
70249
70252
70254
70255
70256
70257
70258
70259
70260
70261
70262
70263
70264
70265
70266
70272
70274
70275
70276
70277
70278
70280
70281
70282
70284
70285
70286
70287
70289
70290
70295
70296
70299
70301
70302
70304
70305
70306
70307
70308
70310
70311
70312
70313
70314
70315
70316
70319
70320
70323
70327
70329
70333
70335
70336
70337
70338
70340
70341
70342
70343
70344
70346
70347
70348
70349
70350
70353
70354
70356
70357
70358
70359
70361
70362
70363
70364
70365
70367
70368
70369
70371
70372
70373
70375
70376
70379
70380
70381
70382
70383
70386
70387
70390
70391
70393
70394
70397
70401
70403
70407
70409
70410
70411
70412
70413
70416
70418
70419
70421
70423
70424
70425
70428
70430
70434
70436
70438
70439
70441
70442
70445
70446
70447
70448
70450
70451
70452
70453
70454
70457
70458
70460
70461
70462
70463
70464
70465
70466
70467
70468
70469
70471
70472
70473
70474
70475
70476
70479
70481
70482
70483
70484
70485
70486
70487
70489
70490
70491
70493
70494
70497
70498
70499
70500
70503
70504
70505
70506
70508
70509
70510
70513
70514
70515
70516
70517
70518
70519
70520
70521
70522
70524
70525
70527
70529
70530
70531
70532
70533
70534
70537
70538
70539
70540
70543
70544
70545
70546
70547
70548
70550
70551
70552
70554
70555
70556
70557
70558
70559
70560
70561
70562
70563
70564
70565
70569
70571
70572
70573
70575
70576
70577
70578
70580
70581
70583
70584
70585
70586
70588
70589
70590
70591
70592
70593
70596
70597
70598
70600
70601
70603
70604
70605
70606
70607
70610
70612
70613
70614
70615
70617
70618
70619
70621
70622
70623
70624
70626
70627
70629
70630
70631
70632
70633
70634
70636
70637
70638
70639
70640
70641
70642
70643
70644
70645
70646
70647
70648
70649
70650
70651
70652
70653
70655
70656
70657
70658
70660
70661
70662
70663
70664
70666
70667
70668
70669
70670
70671
70672
70673
70677
70678
70682
70683
70684
70686
70687
70689
70690
70692
70693
70694
70697
70698
70699
70700
70701
70702
70703
70704
70705
70706
70708
70709
70710
70712
70713
70716
70717
70718
70719
70722
70725
70726
70727
70728
70729
70730
70732
70733
70734
70735
70736
70737
70738
70739
70741
70742
70744
70745
70746
70748
70751
70752
70754
70755
70758
70759
70760
70761
70763
70764
70765
70766
70768
70769
70770
70771
70772
70773
70774
70775
70777
70778
70779
70780
70781
70782
70784
70785
70786
70787
70789
70791
70792
70793
70794
70796
70797
70798
70799
70801
70802
70803
70804
70805
70806
70807
70808
70809
70810
70811
70812
70813
70814
70815
70816
70817
70818
70819
70820
70821
70822
70823
70825
70826
70828
70829
70830
70831
70832
70833
70834
70835
70838
70839
70840
70841
70842
70843
70844
70845
70846
70847
70848
70849
70850
70851
70853
70854
70856
70857
70859
70860
70863
70864
70865
70866
70867
70870
70871
70872
70873
70874
70876
70877
70878
70879
70880
70882
70883
70884
70885
70887
70888
70889
70892
70893
70897
70898
70899
70900
70903
70904
70906
70907
70909
70910
70911
70912
70913
70915
70917
70918
70919
70920
70923
70924
70925
70926
70929
70931
70933
70934
70935
70936
70938
70939
70940
70943
70944
70946
70947
70948
70949
70950
70951
70953
70956
70957
70958
70959
70961
70962
70963
70964
70966
70968
70969
70971
70972
70973
70974
70975
70978
70979
70980
70981
70982
70984
70985
70986
70987
70988
70989
70990
70994
70995
70996
70997
70998
70999
71000
71001
71002
71003
71004
71005
71006
71007
71008
71009
71011
71012
71014
71015
71016
71017
71019
71020
71021
71022
71023
71025
71027
71028
71029
71030
71031
71033
71034
71038
71039
71040
71041
71044
71046
71047
71048
71049
71053
71054
71055
71056
71057
71058
71059
71060
71061
71062
71064
71065
71066
71068
71069
71070
71071
71072
71073
71076
71077
71079
71081
71082
71083
71084
71085
71087
71088
71091
71092
71093
71094
71095
71096
71098
71099
71100
71101
71103
71104
71105
71106
71107
71109
71110
71111
71112
71113
71114
71115
71116
71117
71118
71120
71121
71122
71123
71124
71125
71126
71129
71130
71131
71134
71135
71136
71137
71138
71140
71141
71143
71144
71145
71146
71148
71149
71152
71153
71154
71155
71157
71160
71161
71162
71163
71165
71166
71168
71169
71170
71172
71173
71174
71176
71179
71180
71181
71182
71184
71185
71187
71188
71192
71193
71194
71195
71196
71197
71199
71200
71201
71202
71203
71208
71209
71211
71212
71213
71214
71215
71216
71217
71218
71219
71220
71222
71223
71224
71227
71228
71230
71231
71232
71233
71235
71236
71237
71238
71241
71242
71243
71244
71247
71248
71249
71250
71251
71252
71253
71254
71255
71258
71260
71262
71264
71265
71266
71267
71268
71270
71272
71273
71274
71275
71276
71277
71278
71280
71281
71282
71283
71286
71287
71288
71289
71290
71291
71292
71293
71294
71295
71297
71298
71299
71301
71302
71304
71305
71306
71307
71309
71311
71313
71314
71317
71318
71319
71320
71321
71322
71323
71324
71326
71327
71328
71330
71331
71332
71333
71337
71339
71340
71341
71342
71344
71345
71346
71348
71350
71351
71352
71353
71355
71357
71358
71364
71365
71367
71368
71369
71370
71371
71372
71373
71374
71375
71378
71381
71382
71384
71385
71388
71390
71391
71392
71393
71394
71395
71396
71397
71398
71400
71401
71403
71404
71406
71407
71408
71409
71413
71414
71415
71416
71417
71418
71419
71420
71421
71422
71425
71426
71428
71429
71430
71431
71433
71436
71438
71439
71440
71441
71442
71443
71444
71445
71446
71448
71449
71451
71452
71453
71454
71455
71456
71458
71464
71465
71466
71467
71468
71469
71470
71471
71472
71474
71475
71476
71477
71479
71482
71484
71486
71487
71488
71489
71490
71491
71492
71493
71494
71495
71496
71497
71499
71500
71501
71502
71504
71505
71506
71508
71509
71512
71513
71514
71515
71516
71518
71519
71523
71524
71527
71528
71530
71531
71532
71533
71534
71535
71536
71538
71539
71541
71542
71543
71545
71546
71549
71550
71551
71553
71557
71559
71561
71563
71564
71566
71567
71568
71569
71570
71571
71572
71573
71576
71577
71578
71579
71580
71581
71585
71587
71589
71591
71592
71594
71595
71596
71597
71599
71600
71601
71602
71603
71607
71610
71611
71613
71615
71616
71617
71619
71621
71624
71625
71626
71627
71628
71629
71630
71632
71634
71635
71636
71637
71638
71639
71641
71642
71643
71644
71645
71646
71647
71650
71652
71654
71655
71656
71657
71658
71659
71662
71664
71666
71667
71669
71671
71672
71674
71675
71676
71677
71678
71681
71682
71683
71684
71686
71688
71691
71692
71694
71696
71698
71702
71703
71704
71705
71706
71707
71708
71709
71718
71719
71721
71722
71724
71726
71727
71729
71732
71733
71735
71736
71737
71741
71743
71746
71747
71748
71749
71751
71752
71753
71754
71755
71756
71757
71758
71759
71761
71762
71763
71765
71768
71770
71772
71773
71774
71775
71776
71777
71778
71779
71780
71781
71782
71783
71784
71785
71786
71787
71788
71789
71790
71791
71792
71794
71795
71796
71797
71798
71799
71800
71802
71804
71805
71806
71807
71808
71809
71810
71811
71812
71813
71814
71815
71816
71817
71818
71819
71820
71821
71822
71823
71824
71825
71826
71827
71828
71829
71830
71831
71832
71833
71834
71836
71837
71839
71841
71842
71843
71844
71845
71846
71847
71848
71849
71850
71852
71853
71856
71857
71858
71859
71860
71861
71862
71864
71865
71866
71867
71868
71869
71870
71871
71872
71874
71875
71876
71877
71878
71879
71880
71881
71882
71883
71884
71885
71886
71887
71888
71889
71890
71891
71892
71893
71894
71895
71896
71897
71898
71899
71900
71901
71902
71904
71906
71908
71909
71910
71911
71912
71915
71916
71917
71918
71920
71921
71922
71923
71924
71926
71927
71928
71929
71930
71931
71932
71933
71934
71935
71936
71937
71938
71939
71940
71941
71942
71943
71944
71945
71948
71949
71950
71951
71952
71953
71954
71955
71956
71957
71958
71959
71960
71961
71964
71965
71966
71967
71968
71969
71971
71972
71973
71974
71975
71976
71977
71980
71984
71985
71986
71987
71988
71989
71990
71991
71992
71993
71994
71995
71996
71997
71999
72000
72001
72002
72003
72004
72005
72007
72008
72009
72011
72012
72013
72014
72016
72017
72018
72019
72020
72021
72022
72024
72027
72028
72029
72030
72031
72033
72035
72036
72037
72038
72039
72040
72041
72042
72043
72045
72047
72048
72049
72050
72052
72053
72054
72055
72056
72057
72058
72059
72060
72061
72062
72065
72066
72068
72071
72072
72073
72074
72075
72076
72078
72079
72080
72081
72082
72085
72086
72087
72088
72089
72090
72091
72092
72093
72094
72095
72096
72098
72099
72100
72101
72103
72105
72106
72108
72109
72110
72111
72113
72114
72115
72116
72117
72118
72119
72120
72121
72122
72123
72124
72125
72126
72127
72129
72131
72132
72133
72134
72135
72136
72137
72138
72139
72140
72141
72142
72143
72144
72145
72146
72147
72148
72149
72150
72151
72153
72154
72155
72156
72157
72158
72159
72160
72162
72163
72164
72165
72166
72167
72168
72171
72172
72173
72174
72175
72176
72177
72178
72179
72181
72183
72184
72185
72186
72187
72188
72189
72190
72192
72193
72194
72195
72196
72197
72198
72200
72201
72202
72205
72206
72208
72209
72210
72211
72214
72217
72218
72219
72221
72222
72225
72226
72227
72228
72229
72230
72231
72232
72233
72234
72235
72236
72237
72238
72240
72241
72242
72243
72244
72245
72249
72250
72251
72252
72253
72255
72256
72257
72258
72259
72260
72261
72262
72263
72264
72265
72266
72267
72268
72269
72270
72271
72272
72273
72275
72276
72277
72279
72280
72281
72282
72283
72284
72285
72286
72288
72290
72291
72292
72296
72297
72298
72299
72300
72301
72302
72303
72304
72305
72307
72308
72309
72310
72311
72313
72314
72317
72318
72319
72320
72324
72325
72326
72327
72328
72329
72330
72331
72332
72333
72334
72335
72336
72338
72340
72341
72342
72343
72344
72346
72347
72348
72349
72350
72351
72352
72353
72354
72356
72357
72358
72359
72360
72361
72362
72363
72364
72365
72366
72369
72371
72373
72374
72375
72376
72377
72378
72379
72380
72381
72382
72383
72384
72385
72386
72387
72389
72392
72393
72394
72395
72396
72397
72399
72401
72402
72404
72405
72410
72411
72412
72414
72415
72416
72417
72418
72419
72420
72422
72423
72424
72426
72427
72429
72430
72431
72434
72435
72438
72439
72440
72441
72442
72444
72445
72446
72447
72449
72450
72451
72452
72453
72454
72455
72456
72458
72459
72460
72461
72462
72464
72465
72466
72467
72468
72469
72470
72471
72472
72473
72474
72475
72476
72477
72478
72479
72480
72481
72482
72483
72484
72485
72486
72487
72488
72489
72490
72491
72492
72493
72494
72495
72497
72498
72500
72501
72502
72503
72507
72508
72509
72510
72511
72512
72513
72514
72515
72516
72517
72518
72519
72521
72522
72523
72525
72526
72527
72528
72530
72533
72534
72535
72536
72537
72538
72539
72540
72541
72544
72545
72546
72547
72548
72549
72550
72551
72552
72553
72554
72555
72556
72557
72558
72559
72560
72561
72562
72564
72565
72567
72568
72569
72570
72571
72572
72573
72574
72576
72577
72578
72579
72580
72581
72584
72588
72589
72591
72592
72593
72594
72595
72596
72599
72600
72601
72602
72604
72605
72606
72607
72608
72610
72611
72612
72613
72615
72616
72618
72619
72620
72621
72622
72623
72624
72625
72626
72627
72629
72631
72632
72633
72634
72635
72637
72638
72639
72642
72643
72644
72645
72647
72648
72649
72650
72651
72652
72654
72655
72656
72657
72658
72660
72661
72662
72663
72664
72667
72668
72669
72670
72671
72672
72673
72674
72675
72678
72679
72680
72681
72682
72683
72684
72685
72686
72688
72689
72690
72691
72693
72694
72696
72697
72698
72699
72700
72701
72702
72703
72704
72705
72706
72707
72709
72710
72711
72713
72714
72716
72717
72718
72719
72720
72721
72722
72723
72724
72725
72726
72727
72728
72730
72731
72733
72734
72735
72736
72737
72739
72740
72741
72743
72744
72745
72746
72748
72749
72750
72751
72752
72753
72754
72755
72756
72757
72758
72759
72760
72761
72763
72764
72765
72766
72769
72770
72771
72772
72773
72774
72775
72776
72777
72778
72779
72781
72782
72784
72785
72787
72788
72789
72790
72791
72792
72793
72794
72796
72797
72798
72799
72800
72801
72802
72803
72804
72805
72806
72808
72809
72810
72811
72812
72813
72816
72817
72818
72819
72820
72821
72822
72824
72825
72826
72827
72828
72830
72831
72832
72833
72834
72835
72837
72839
72841
72842
72843
72845
72847
72848
72849
72851
72852
72853
72854
72856
72857
72859
72860
72862
72864
72865
72866
72867
72868
72870
72873
72875
72877
72878
72879
72880
72882
72883
72884
72885
72886
72887
72888
72889
72890
72891
72892
72893
72894
72895
72897
72898
72899
72900
72901
72903
72904
72905
72906
72907
72908
72909
72911
72912
72913
72914
72917
72920
72923
72926
72927
72928
72929
72930
72932
72933
72934
72935
72936
72937
72938
72940
72941
72942
72943
72944
72945
72947
72948
72949
72952
72953
72955
72956
72957
72958
72959
72960
72961
72962
72963
72964
72965
72966
72967
72968
72969
72970
72973
72974
72977
72978
72979
72980
72981
72983
72984
72986
72987
72988
72989
72990
72991
72992
72993
72994
72995
72997
72999
73000
73003
73004
73005
73006
73007
73008
73009
73010
73012
73014
73016
73017
73018
73019
73020
73021
73022
73023
73027
73028
73029
73030
73031
73032
73033
73034
73035
73039
73040
73041
73042
73044
73045
73046
73048
73049
73051
73052
73054
73055
73056
73057
73058
73059
73060
73061
73062
73063
73064
73065
73067
73068
73069
73071
73072
73073
73074
73075
73076
73077
73078
73079
73080
73081
73082
73083
73084
73085
73086
73087
73088
73089
73090
73091
73092
73094
73095
73096
73097
73098
73099
73100
73101
73102
73103
73104
73105
73106
73107
73109
73112
73113
73114
73115
73116
73119
73121
73122
73123
73125
73126
73127
73128
73129
73130
73131
73132
73133
73134
73138
73139
73140
73141
73142
73143
73144
73145
73146
73147
73148
73149
73150
73151
73152
73153
73154
73155
73156
73157
73159
73161
73162
73163
73164
73165
73166
73167
73168
73169
73170
73171
73172
73173
73174
73175
73177
73178
73179
73180
73181
73182
73184
73185
73186
73187
73189
73191
73193
73194
73196
73197
73198
73199
73200
73201
73202
73203
73204
73205
73207
73208
73209
73210
73211
73212
73213
73214
73215
73216
73217
73219
73220
73221
73222
73223
73224
73225
73226
73227
73229
73230
73231
73232
73233
73234
73236
73237
73238
73239
73242
73243
73245
73246
73247
73248
73249
73250
73251
73252
73253
73254
73255
73256
73257
73258
73259
73260
73261
73262
73263
73264
73265
73266
73267
73268
73269
73271
73272
73274
73276
73277
73278
73279
73280
73281
73282
73283
73284
73285
73286
73287
73288
73289
73290
73291
73292
73293
73294
73295
73296
73297
73298
73299
73301
73303
73304
73305
73306
73307
73308
73309
73310
73311
73313
73314
73315
73317
73319
73320
73321
73322
73323
73324
73325
73326
73327
73329
73330
73331
73332
73333
73334
73335
73336
73337
73339
73340
73342
73343
73344
73345
73346
73347
73349
73350
73351
73352
73354
73356
73357
73358
73360
73361
73362
73364
73365
73367
73368
73369
73370
73371
73373
73375
73376
73377
73379
73380
73381
73382
73384
73387
73388
73389
73390
73391
73393
73394
73396
73397
73398
73399
73400
73401
73402
73403
73405
73407
73408
73409
73410
73411
73412
73413
73414
73415
73417
73418
73420
73421
73422
73423
73424
73425
73426
73427
73428
73429
73430
73431
73432
73433
73434
73435
73436
73437
73438
73439
73441
73442
73443
73444
73445
73446
73447
73448
73450
73451
73452
73453
73454
73455
73457
73458
73460
73461
73462
73463
73464
73465
73466
73467
73468
73469
73470
73471
73472
73475
73476
73478
73479
73480
73481
73482
73483
73484
73485
73486
73487
73488
73489
73490
73491
73493
73494
73495
73496
73497
73498
73499
73500
73501
73502
73503
73504
73505
73506
73507
73508
73509
73510
73511
73512
73513
73514
73515
73516
73517
73518
73519
73522
73523
73525
73526
73527
73528
73530
73531
73532
73533
73534
73535
73536
73537
73539
73540
73541
73543
73544
73546
73548
73549
73550
73551
73552
73553
73554
73555
73556
73557
73558
73559
73560
73561
73562
73563
73564
73565
73566
73567
73568
73569
73570
73571
73572
73573
73574
73576
73577
73578
73580
73583
73584
73585
73586
73587
73588
73589
73590
73591
73592
73595
73597
73598
73600
73601
73603
73604
73605
73606
73607
73609
73611
73612
73613
73614
73615
73616
73617
73618
73619
73620
73621
73622
73623
73625
73626
73627
73628
73629
73630
73631
73632
73633
73634
73635
73636
73637
73638
73639
73640
73641
73642
73643
73644
73646
73647
73648
73649
73650
73653
73654
73656
73659
73660
73663
73664
73665
73667
73668
73669
73670
73671
73672
73674
73675
73676
73677
73678
73679
73680
73681
73682
73683
73684
73686
73687
73688
73690
73692
73693
73694
73695
73696
73697
73698
73699
73700
73701
73702
73703
73704
73705
73706
73707
73709
73710
73711
73712
73713
73714
73715
73716
73717
73718
73719
73720
73721
73722
73723
73724
73725
73726
73727
73728
73729
73730
73731
73732
73733
73734
73735
73737
73738
73739
73740
73741
73742
73743
73744
73745
73746
73748
73749
73750
73751
73752
73754
73755
73756
73757
73758
73759
73760
73761
73762
73766
73767
73768
73769
73770
73771
73772
73774
73775
73776
73777
73778
73779
73780
73781
73782
73783
73784
73785
73786
73787
73788
73789
73790
73792
73795
73796
73797
73798
73800
73801
73802
73803
73804
73806
73808
73809
73810
73811
73812
73813
73814
73815
73816
73817
73818
73819
73820
73821
73822
73823
73824
73825
73826
73827
73828
73830
73831
73832
73833
73834
73835
73836
73837
73838
73839
73840
73842
73843
73844
73845
73846
73847
73848
73849
73850
73851
73853
73854
73855
73856
73857
73860
73861
73862
73863
73864
73865
73866
73867
73868
73869
73870
73871
73872
73873
73875
73876
73877
73878
73879
73880
73881
73882
73883
73884
73885
73886
73887
73888
73889
73890
73891
73892
73893
73894
73895
73896
73897
73898
73899
73901
73902
73903
73904
73907
73908
73909
73910
73911
73912
73914
73915
73916
73917
73918
73919
73920
73921
73922
73923
73924
73925
73926
73927
73929
73930
73931
73933
73934
73936
73937
73938
73939
73940
73941
73942
73946
73947
73949
73950
73951
73952
73955
73956
73957
73959
73960
73961
73963
73966
73968
73969
73970
73971
73972
73974
73976
73977
73978
73980
73981
73982
73983
73984
73985
73986
73987
73988
73989
73990
73992
73993
73994
73995
73996
73997
73998
73999
74000
74002
74003
74005
74006
74007
74008
74009
74010
74011
74012
74013
74014
74015
74016
74017
74018
74019
74020
74021
74022
74025
74026
74027
74028
74029
74031
74032
74034
74035
74036
74037
74038
74039
74040
74041
74042
74043
74044
74046
74047
74048
74049
74050
74051
74052
74053
74054
74055
74056
74057
74058
74059
74060
74061
74063
74065
74066
74067
74068
74069
74070
74071
74073
74074
74076
74077
74078
74080
74081
74082
74083
74085
74086
74087
74088
74090
74091
74092
74093
74094
74095
74096
74097
74098
74099
74100
74101
74102
74104
74105
74106
74108
74109
74110
74111
74113
74114
74115
74116
74117
74118
74120
74121
74122
74124
74125
74126
74127
74128
74129
74131
74132
74134
74135
74136
74137
74138
74139
74140
74141
74142
74143
74144
74145
74146
74147
74148
74149
74150
74151
74152
74153
74154
74155
74156
74157
74158
74160
74162
74163
74164
74165
74166
74167
74168
74169
74170
74171
74172
74173
74174
74175
74176
74177
74178
74179
74180
74181
74182
74183
74184
74185
74187
74189
74190
74191
74193
74194
74195
74198
74199
74200
74201
74202
74203
74204
74207
74208
74209
74210
74211
74213
74214
74215
74216
74218
74219
74220
74221
74222
74223
74224
74225
74226
74227
74228
74229
74230
74231
74232
74233
74235
74236
74237
74238
74239
74240
74241
74243
74246
74247
74250
74251
74252
74255
74257
74258
74259
74261
74262
74264
74267
74268
74269
74270
74271
74272
74273
74274
74275
74276
74278
74280
74281
74282
74283
74287
74288
74289
74290
74291
74293
74294
74295
74296
74297
74298
74299
74300
74301
74302
74303
74304
74306
74307
74308
74309
74310
74311
74313
74314
74315
74316
74318
74319
74320
74321
74323
74324
74325
74326
74328
74329
74330
74333
74336
74337
74338
74339
74340
74341
74342
74344
74345
74346
74347
74349
74351
74352
74353
74354
74355
74356
74357
74360
74361
74362
74363
74366
74367
74368
74369
74371
74372
74373
74374
74375
74376
74377
74379
74380
74383
74384
74385
74386
74387
74388
74389
74390
74391
74393
74396
74398
74399
74400
74401
74402
74404
74405
74406
74407
74408
74409
74410
74411
74412
74413
74414
74415
74416
74417
74418
74420
74421
74422
74423
74424
74425
74426
74428
74429
74432
74433
74435
74439
74440
74441
74443
74444
74446
74447
74449
74450
74451
74452
74453
74454
74455
74456
74457
74458
74459
74460
74461
74463
74465
74469
74471
74472
74474
74477
74478
74479
74480
74481
74482
74483
74485
74487
74488
74489
74490
74491
74492
74493
74494
74495
74496
74498
74499
74500
74501
74502
74503
74504
74508
74509
74510
74513
74514
74515
74517
74518
74520
74521
74522
74524
74525
74526
74527
74528
74531
74532
74533
74534
74535
74536
74537
74539
74540
74543
74544
74546
74547
74548
74552
74553
74554
74556
74557
74558
74560
74561
74564
74566
74567
74568
74569
74570
74571
74572
74574
74575
74577
74578
74581
74582
74583
74585
74586
74588
74590
74591
74593
74595
74596
74597
74598
74600
74601
74602
74604
74607
74608
74611
74613
74614
74615
74617
74619
74620
74621
74623
74624
74626
74627
74628
74629
74631
74632
74633
74634
74635
74636
74637
74639
74640
74641
74642
74645
74646
74647
74648
74651
74652
74653
74654
74655
74660
74666
74668
74669
74670
74671
74672
74673
74678
74679
74680
74681
74682
74683
74684
74685
74687
74688
74690
74691
74693
74694
74695
74698
74700
74701
74705
74706
74707
74708
74709
74712
74714
74717
74718
74719
74720
74721
74722
74724
74726
74728
74729
74731
74732
74733
74734
74736
74737
74738
74739
74740
74741
74742
74745
74746
74747
74748
74749
74750
74751
74752
74754
74757
74761
74762
74763
74764
74767
74769
74770
74771
74772
74773
74774
74775
74776
74778
74781
74782
74784
74785
74787
74789
74790
74791
74792
74793
74795
74796
74797
74798
74802
74804
74807
74808
74809
74810
74812
74813
74814
74815
74816
74817
74818
74820
74821
74822
74824
74825
74826
74827
74828
74830
74831
74833
74835
74836
74837
74840
74841
74842
74843
74844
74845
74847
74848
74849
74850
74853
74854
74855
74857
74858
74860
74863
74864
74865
74866
74867
74868
74870
74871
74874
74875
74876
74880
74881
74883
74884
74885
74887
74891
74892
74896
74897
74898
74899
74901
74902
74906
74907
74908
74909
74912
74914
74916
74917
74918
74919
74920
74921
74925
74928
74930
74933
74934
74935
74936
74938
74939
74941
74942
74944
74945
74950
74951
74952
74953
74956
74957
74958
74959
74960
74962
74963
74964
74965
74967
74969
74970
74971
74974
74975
74976
74977
74979
74980
74981
74985
74987
74988
74989
74990
74991
74992
74993
74996
74997
75000
75002
75004
75006
75007
75008
75012
75013
75014
75015
75016
75017
75019
75022
75025
75027
75028
75031
75032
75035
75041
75042
75043
75045
75048
75049
75050
75051
75052
75053
75054
75055
75057
75061
75063
75064
75065
75067
75069
75071
75074
75075
75077
75078
75080
75081
75082
75083
75085
75086
75087
75088
75089
75091
75092
75093
75094
75095
75096
75097
75098
75099
75100
75101
75102
75103
75105
75107
75108
75110
75112
75113
75114
75117
75119
75120
75121
75126
75128
75129
75130
75133
75134
75136
75140
75143
75145
75148
75150
75152
75153
75155
75156
75158
75159
75161
75162
75163
75166
75167
75168
75169
75171
75172
75173
75176
75177
75182
75187
75188
75190
75192
75193
75194
75199
75201
75203
75204
75206
75207
75210
75211
75214
75215
75216
75217
75219
75220
75222
75224
75225
75227
75228
75233
75234
75235
75236
75237
75238
75239
75241
75243
75244
75246
75247
75248
75250
75251
75252
75253
75257
75258
75260
75262
75263
75264
75267
75268
75269
75270
75272
75274
75275
75280
75281
75283
75285
75286
75287
75290
75291
75293
75295
75296
75297
75302
75305
75306
75308
75309
75310
75311
75312
75313
75314
75317
75318
75319
75320
75322
75323
75324
75326
75327
75328
75329
75331
75332
75335
75336
75338
75339
75340
75342
75345
75346
75347
75350
75353
75355
75356
75358
75359
75360
75361
75362
75364
75365
75367
75368
75371
75372
75373
75374
75375
75378
75379
75380
75381
75382
75383
75384
75385
75386
75387
75388
75389
75391
75393
75394
75395
75396
75397
75399
75400
75402
75403
75404
75405
75407
75408
75409
75410
75413
75414
75415
75416
75418
75419
75421
75422
75424
75425
75427
75428
75431
75432
75435
75436
75437
75442
75443
75444
75445
75446
75447
75450
75451
75453
75455
75456
75457
75458
75459
75465
75466
75467
75469
75472
75473
75474
75475
75477
75478
75480
75483
75484
75485
75486
75487
75490
75493
75494
75497
75500
75501
75502
75503
75505
75507
75508
75509
75511
75512
75513
75517
75519
75520
75523
75524
75525
75526
75528
75529
75531
75532
75533
75534
75536
75538
75539
75542
75545
75546
75548
75549
75550
75553
75554
75555
75556
75557
75558
75560
75561
75562
75563
75564
75565
75566
75567
75569
75570
75571
75573
75575
75576
75577
75578
75580
75581
75583
75585
75588
75589
75593
75595
75596
75598
75599
75600
75602
75605
75606
75608
75613
75614
75615
75616
75619
75622
75623
75624
75626
75627
75628
75629
75630
75631
75632
75633
75635
75637
75639
75640
75641
75643
75646
75647
75653
75654
75657
75658
75659
75661
75662
75663
75666
75667
75668
75670
75672
75679
75680
75681
75682
75683
75684
75685
75686
75687
75688
75689
75691
75692
75694
75697
75698
75700
75701
75703
75704
75705
75707
75709
75710
75711
75712
75716
75717
75722
75723
75724
75725
75726
75730
75732
75733
75734
75735
75736
75739
75740
75742
75743
75745
75746
75747
75750
75751
75754
75755
75756
75757
75759
75760
75762
75765
75766
75767
75768
75769
75774
75776
75777
75778
75779
75780
75781
75782
75784
75785
75786
75788
75789
75791
75792
75793
75794
75796
75797
75798
75799
75801
75802
75805
75808
75809
75810
75811
75814
75815
75816
75818
75819
75821
75824
75826
75827
75828
75829
75831
75833
75834
75835
75838
75840
75841
75842
75843
75846
75848
75849
75850
75851
75853
75854
75858
75859
75860
75863
75864
75865
75869
75870
75873
75874
75875
75876
75878
75879
75880
75881
75882
75883
75884
75885
75891
75892
75893
75894
75895
75897
75900
75901
75902
75905
75907
75908
75910
75911
75915
75916
75917
75918
75919
75920
75922
75923
75924
75927
75928
75930
75931
75932
75933
75934
75935
75936
75943
75944
75945
75947
75948
75949
75950
75952
75953
75954
75955
75956
75957
75959
75961
75962
75964
75965
75966
75971
75972
75975
75981
75982
75983
75987
75988
75989
75990
75992
75993
75994
75997
75998
75999
76003
76004
76005
76006
76007
76008
76010
76012
76014
76015
76019
76021
76022
76023
76025
76026
76027
76028
76031
76032
76034
76035
76037
76038
76039
76040
76042
76043
76044
76045
76046
76048
76049
76051
76052
76053
76056
76059
76060
76062
76063
76064
76065
76066
76069
76071
76074
76076
76080
76081
76082
76085
76086
76087
76089
76092
76093
76094
76095
76096
76099
76101
76102
76103
76104
76105
76106
76107
76108
76109
76111
76115
76116
76117
76118
76122
76123
76124
76125
76126
76130
76133
76134
76135
76136
76138
76139
76140
76141
76142
76143
76145
76146
76147
76149
76151
76153
76154
76155
76156
76160
76161
76162
76163
76164
76166
76168
76170
76171
76172
76174
76175
76176
76178
76180
76181
76182
76183
76185
76187
76188
76189
76190
76191
76193
76195
76198
76199
76200
76201
76202
76203
76205
76206
76207
76208
76209
76210
76211
76212
76213
76214
76215
76216
76217
76218
76220
76222
76224
76230
76231
76232
76233
76234
76237
76238
76239
76243
76244
76245
76246
76247
76248
76249
76250
76252
76253
76255
76257
76258
76259
76261
76262
76263
76264
76265
76266
76267
76268
76269
76271
76274
76276
76278
76281
76283
76284
76285
76286
76290
76291
76292
76293
76294
76297
76298
76302
76303
76304
76307
76309
76310
76311
76312
76313
76314
76315
76317
76318
76319
76321
76322
76323
76324
76325
76328
76329
76330
76332
76333
76334
76336
76337
76338
76342
76343
76344
76346
76349
76350
76351
76353
76354
76355
76356
76357
76358
76360
76365
76366
76367
76368
76370
76371
76374
76375
76376
76377
76378
76379
76381
76383
76384
76385
76386
76387
76389
76390
76391
76394
76395
76396
76398
76400
76401
76402
76403
76404
76405
76406
76407
76408
76409
76412
76417
76421
76424
76426
76428
76429
76431
76432
76433
76435
76436
76437
76438
76441
76442
76445
76446
76447
76448
76449
76450
76452
76455
76456
76457
76458
76460
76461
76462
76463
76464
76465
76468
76469
76471
76472
76474
76475
76477
76478
76480
76486
76487
76488
76489
76491
76493
76495
76496
76498
76500
76501
76502
76503
76506
76509
76510
76511
76512
76514
76515
76516
76521
76522
76525
76526
76529
76530
76532
76533
76535
76536
76537
76540
76542
76544
76545
76547
76548
76549
76550
76552
76553
76554
76555
76558
76559
76563
76564
76565
76566
76568
76574
76576
76578
76579
76580
76583
76584
76586
76588
76589
76590
76592
76594
76595
76597
76602
76604
76605
76606
76610
76611
76612
76613
76615
76616
76617
76619
76620
76623
76625
76626
76627
76631
76632
76633
76634
76635
76636
76637
76638
76639
76641
76642
76644
76646
76648
76651
76653
76654
76656
76657
76658
76659
76660
76661
76662
76663
76666
76667
76668
76669
76670
76671
76672
76673
76674
76675
76677
76678
76679
76680
76682
76683
76684
76685
76686
76687
76688
76690
76691
76693
76696
76697
76698
76699
76701
76706
76708
76710
76712
76713
76715
76717
76720
76723
76724
76725
76726
76728
76736
76738
76740
76741
76745
76746
76747
76748
76749
76750
76751
76752
76753
76755
76758
76759
76760
76761
76762
76763
76766
76767
76769
76770
76772
76773
76775
76776
76777
76778
76780
76781
76782
76783
76784
76785
76786
76787
76790
76792
76793
76795
76796
76797
76798
76800
76801
76803
76804
76805
76809
76812
76814
76815
76816
76817
76818
76821
76823
76824
76826
76827
76831
76832
76833
76835
76836
76837
76839
76841
76842
76845
76846
76847
76849
76851
76855
76857
76859
76860
76862
76863
76865
76867
76869
76871
76873
76874
76876
76877
76878
76880
76882
76883
76884
76886
76887
76888
76889
76891
76892
76893
76894
76895
76898
76899
76900
76901
76902
76904
76905
76906
76907
76908
76910
76911
76912
76914
76915
76916
76920
76921
76923
76924
76925
76926
76927
76929
76931
76932
76933
76934
76935
76936
76937
76938
76939
76940
76941
76943
76944
76945
76946
76947
76948
76949
76950
76951
76952
76953
76954
76956
76957
76958
76959
76960
76962
76963
76964
76965
76966
76967
76968
76969
76970
76971
76972
76973
76974
76975
76977
76978
76979
76980
76982
76983
76984
76987
76988
76989
76990
76991
76992
76993
76994
76995
76996
76997
76998
76999
77000
77001
77002
77004
77006
77007
77008
77009
77011
77014
77015
77016
77018
77019
77020
77022
77024
77025
77027
77028
77029
77030
77031
77035
77036
77037
77038
77039
77040
77041
77042
77043
77044
77046
77047
77048
77050
77051
77052
77053
77054
77056
77057
77059
77060
77061
77062
77063
77064
77065
77066
77067
77068
77069
77070
77071
77072
77073
77074
77075
77077
77080
77081
77083
77084
77085
77086
77087
77088
77089
77090
77091
77092
77093
77094
77095
77096
77097
77098
77099
77100
77102
77103
77104
77105
77106
77107
77109
77110
77113
77114
77115
77116
77117
77118
77119
77120
77121
77122
77123
77124
77126
77127
77128
77130
77131
77132
77133
77135
77136
77137
77138
77140
77142
77143
77144
77145
77146
77147
77149
77150
77156
77157
77160
77161
77162
77165
77167
77168
77169
77170
77171
77172
77174
77176
77177
77178
77179
77180
77182
77183
77184
77185
77186
77188
77189
77190
77191
77192
77193
77195
77196
77198
77199
77200
77203
77204
77205
77207
77208
77211
77212
77213
77215
77217
77219
77220
77221
77224
77226
77227
77228
77229
77231
77232
77233
77234
77235
77236
77237
77239
77240
77241
77242
77246
77247
77248
77249
77250
77251
77252
77253
77254
77255
77256
77257
77258
77260
77261
77263
77264
77265
77266
77268
77271
77272
77273
77274
77275
77276
77279
77280
77281
77283
77284
77285
77286
77287
77288
77289
77291
77292
77293
77294
77295
77296
77297
77299
77300
77301
77302
77303
77305
77306
77307
77308
77309
77310
77312
77313
77314
77315
77316
77317
77318
77319
77320
77321
77323
77325
77326
77327
77328
77329
77330
77332
77333
77334
77335
77337
77339
77340
77341
77342
77343
77344
77345
77346
77347
77351
77352
77355
77356
77357
77358
77363
77364
77365
77366
77367
77368
77371
77373
77374
77375
77376
77377
77378
77379
77380
77381
77382
77383
77384
77385
77386
77387
77388
77389
77391
77392
77393
77394
77395
77396
77398
77399
77400
77401
77402
77404
77405
77406
77408
77409
77410
77411
77412
77413
77416
77417
77419
77420
77423
77425
77426
77427
77428
77429
77430
77432
77433
77434
77435
77436
77438
77439
77440
77441
77442
77444
77445
77447
77448
77449
77451
77452
77453
77455
77456
77457
77458
77460
77461
77462
77467
77468
77469
77470
77471
77473
77474
77475
77477
77478
77480
77481
77482
77483
77484
77485
77486
77487
77488
77490
77491
77492
77493
77494
77495
77496
77497
77498
77499
77500
77501
77502
77504
77505
77506
77507
77508
77509
77511
77512
77514
77516
77517
77518
77519
77520
77521
77522
77523
77524
77525
77527
77528
77530
77532
77533
77534
77536
77539
77540
77541
77542
77543
77544
77545
77546
77548
77549
77550
77551
77552
77553
77554
77555
77557
77558
77559
77560
77561
77563
77568
77570
77571
77572
77573
77574
77575
77578
77579
77581
77582
77583
77584
77585
77588
77590
77591
77592
77593
77594
77595
77599
77600
77601
77602
77603
77604
77605
77607
77609
77610
77611
77614
77615
77616
77617
77618
77619
77620
77621
77623
77627
77628
77629
77632
77634
77636
77638
77641
77642
77644
77645
77646
77648
77651
77652
77653
77656
77658
77659
77662
77663
77664
77665
77666
77667
77669
77670
77671
77672
77674
77676
77677
77678
77679
77680
77681
77684
77685
77688
77689
77690
77691
77695
77698
77699
77701
77702
77703
77704
77705
77706
77708
77709
77710
77715
77717
77719
77723
77724
77725
77726
77727
77728
77730
77731
77733
77734
77735
77736
77737
77740
77747
77748
77749
77751
77752
77754
77756
77757
77759
77763
77764
77765
77766
77767
77768
77770
77771
77772
77774
77778
77780
77783
77791
77792
77794
77795
77796
77797
77798
77799
77800
77802
77803
77804
77808
77809
77810
77811
77815
77817
77818
77819
77821
77822
77823
77824
77826
77827
77828
77829
77830
77831
77833
77834
77835
77836
77837
77838
77840
77844
77846
77848
77850
77851
77852
77854
77855
77859
77860
77862
77864
77867
77868
77869
77871
77872
77873
77875
77876
77877
77878
77879
77880
77882
77883
77884
77885
77886
77887
77892
77894
77897
77898
77899
77901
77902
77904
77907
77910
77913
77914
77915
77916
77917
77918
77923
77924
77926
77927
77928
77931
77933
77935
77936
77938
77940
77942
77943
77944
77946
77953
77954
77958
77961
77964
77966
77967
77968
77970
77971
77972
77973
77974
77976
77977
77979
77980
77982
77983
77984
77985
77987
77988
77991
77992
77996
77997
78001
78002
78003
78004
78006
78007
78009
78010
78013
78015
78016
78017
78023
78024
78025
78026
78027
78031
78032
78033
78034
78035
78036
78038
78042
78043
78045
78046
78047
78048
78049
78050
78053
78054
78056
78057
78058
78061
78062
78063
78064
78065
78066
78068
78069
78070
78071
78072
78074
78076
78079
78080
78081
78082
78083
78084
78085
78086
78089
78091
78093
78094
78095
78096
78097
78099
78100
78101
78103
78104
78108
78109
78110
78111
78112
78113
78116
78120
78121
78123
78124
78126
78128
78131
78136
78137
78138
78140
78142
78143
78144
78146
78147
78150
78151
78152
78154
78155
78157
78158
78159
78160
78161
78166
78167
78168
78169
78170
78171
78172
78173
78174
78175
78176
78177
78178
78180
78183
78185
78186
78187
78188
78189
78190
78191
78192
78193
78195
78199
78200
78202
78203
78204
78205
78206
78207
78208
78209
78210
78211
78212
78213
78214
78215
78216
78217
78218
78221
78222
78223
78225
78228
78229
78230
78231
78232
78234
78236
78237
78238
78239
78242
78243
78244
78245
78246
78247
78251
78253
78255
78258
78259
78261
78262
78265
78266
78267
78272
78273
78274
78277
78278
78280
78281
78282
78283
78285
78286
78287
78288
78289
78291
78292
78293
78296
78297
78298
78299
78300
78303
78304
78305
78307
78308
78309
78310
78312
78314
78315
78316
78317
78320
78323
78324
78327
78329
78330
78331
78332
78333
78334
78335
78337
78338
78339
78341
78343
78345
78346
78347
78349
78350
78355
78356
78357
78358
78359
78361
78362
78363
78364
78365
78368
78369
78370
78371
78375
78378
78379
78380
78381
78382
78383
78385
78386
78387
78388
78390
78392
78394
78395
78396
78397
78398
78399
78400
78401
78402
78403
78405
78406
78408
78409
78410
78411
78412
78413
78414
78415
78416
78417
78418
78419
78420
78421
78422
78423
78424
78425
78426
78427
78429
78430
78431
78432
78433
78434
78435
78437
78438
78440
78441
78442
78444
78445
78447
78448
78449
78450
78452
78453
78455
78456
78458
78459
78460
78461
78462
78464
78467
78468
78470
78471
78472
78473
78474
78475
78476
78478
78482
78484
78485
78486
78488
78489
78491
78492
78493
78494
78496
78497
78498
78501
78502
78503
78505
78506
78508
78509
78510
78513
78514
78515
78516
78517
78522
78524
78525
78526
78527
78530
78531
78532
78533
78534
78535
78536
78537
78538
78539
78540
78541
78543
78544
78545
78546
78547
78548
78549
78550
78551
78552
78553
78554
78555
78556
78558
78559
78560
78561
78563
78564
78565
78568
78569
78570
78571
78572
78573
78575
78576
78577
78578
78579
78580
78581
78582
78583
78584
78585
78586
78587
78588
78590
78591
78592
78593
78594
78595
78596
78597
78598
78600
78602
78603
78604
78605
78607
78609
78610
78612
78613
78615
78616
78618
78619
78620
78621
78622
78623
78624
78626
78627
78628
78629
78630
78633
78634
78635
78636
78637
78638
78639
78640
78641
78642
78643
78645
78647
78648
78649
78650
78651
78652
78653
78654
78655
78656
78657
78659
78663
78664
78665
78667
78668
78669
78670
78671
78672
78673
78674
78675
78676
78677
78679
78680
78681
78683
78684
78685
78686
78687
78688
78689
78690
78691
78693
78696
78697
78698
78700
78701
78703
78704
78705
78706
78708
78709
78710
78712
78713
78714
78716
78717
78718
78719
78720
78721
78722
78723
78725
78728
78729
78730
78732
78733
78736
78737
78738
78739
78740
78741
78743
78744
78745
78746
78747
78749
78750
78751
78753
78754
78755
78756
78757
78758
78759
78760
78761
78762
78763
78764
78765
78766
78768
78769
78770
78771
78773
78774
78775
78776
78777
78778
78779
78780
78781
78782
78783
78784
78787
78788
78789
78790
78791
78792
78793
78794
78796
78797
78798
78799
78800
78801
78802
78803
78804
78805
78806
78807
78809
78811
78812
78813
78814
78816
78817
78818
78821
78822
78823
78824
78825
78826
78827
78829
78830
78831
78832
78833
78834
78835
78836
78837
78838
78839
78840
78842
78844
78845
78846
78848
78850
78852
78853
78855
78856
78857
78858
78859
78860
78861
78862
78864
78865
78866
78867
78868
78869
78870
78871
78872
78874
78875
78876
78877
78878
78879
78880
78881
78882
78883
78884
78885
78886
78887
78888
78889
78890
78891
78892
78893
78894
78896
78897
78898
78899
78900
78901
78903
78904
78905
78906
78908
78909
78910
78911
78912
78913
78914
78915
78917
78918
78920
78921
78922
78923
78924
78925
78927
78929
78931
78932
78933
78934
78935
78936
78937
78939
78940
78941
78942
78943
78944
78945
78946
78947
78948
78949
78950
78951
78952
78953
78954
78955
78961
78963
78964
78966
78967
78968
78969
78970
78971
78972
78973
78974
78975
78976
78978
78979
78980
78981
78982
78984
78985
78986
78988
78989
78990
78991
78992
78995
78996
78997
78998
78999
79002
79003
79004
79005
79006
79007
79008
79011
79013
79016
79017
79018
79019
79021
79022
79025
79026
79027
79028
79029
79030
79032
79033
79034
79035
79036
79037
79038
79040
79043
79045
79048
79049
79052
79054
79055
79057
79058
79060
79061
79062
79063
79064
79065
79066
79067
79068
79069
79070
79071
79072
79073
79074
79075
79076
79077
79079
79080
79081
79082
79083
79085
79086
79087
79088
79089
79090
79091
79092
79093
79094
79095
79097
79098
79099
79100
79102
79103
79104
79105
79106
79108
79109
79110
79112
79113
79115
79116
79117
79118
79119
79120
79121
79122
79123
79124
79125
79127
79128
79129
79130
79134
79135
79137
79139
79140
79141
79142
79143
79144
79145
79146
79147
79148
79149
79150
79151
79152
79153
79154
79155
79156
79159
79160
79161
79162
79164
79165
79166
79167
79168
79169
79170
79172
79173
79175
79176
79178
79179
79180
79182
79183
79185
79186
79187
79188
79189
79190
79191
79192
79194
79195
79196
79197
79198
79199
79200
79201
79203
79204
79205
79206
79207
79208
79210
79212
79213
79214
79215
79216
79217
79218
79219
79220
79221
79222
79223
79224
79225
79226
79227
79228
79229
79231
79232
79235
79236
79237
79238
79239
79240
79241
79243
79245
79246
79247
79248
79250
79251
79252
79253
79254
79255
79257
79258
79259
79260
79261
79262
79263
79264
79265
79266
79267
79268
79269
79270
79271
79272
79273
79274
79275
79276
79277
79278
79280
79281
79282
79283
79284
79285
79286
79287
79289
79290
79291
79292
79293
79294
79295
79297
79298
79299
79300
79301
79304
79305
79306
79307
79308
79309
79310
79311
79312
79313
79314
79316
79318
79319
79320
79322
79323
79324
79325
79326
79327
79328
79330
79331
79332
79334
79336
79337
79338
79340
79341
79342
79344
79347
79349
79350
79351
79352
79354
79355
79356
79357
79358
79359
79361
79362
79363
79365
79366
79367
79368
79369
79371
79372
79373
79374
79375
79377
79380
79381
79382
79383
79384
79385
79387
79389
79391
79392
79397
79398
79400
79401
79403
79404
79405
79407
79408
79409
79410
79411
79412
79413
79414
79415
79417
79418
79419
79420
79421
79422
79425
79426
79428
79429
79430
79431
79432
79435
79436
79437
79439
79440
79441
79442
79443
79444
79445
79446
79447
79448
79449
79450
79451
79452
79453
79454
79455
79456
79458
79460
79461
79463
79464
79465
79466
79469
79470
79471
79473
79474
79475
79476
79478
79479
79480
79481
79482
79483
79484
79485
79486
79488
79489
79491
79493
79496
79497
79499
79501
79502
79504
79505
79506
79507
79510
79511
79513
79514
79515
79516
79517
79518
79520
79521
79522
79526
79527
79528
79529
79530
79531
79532
79533
79534
79535
79537
79539
79542
79544
79545
79546
79547
79548
79549
79550
79551
79555
79556
79557
79558
79561
79562
79564
79565
79567
79568
79569
79570
79571
79572
79573
79574
79575
79576
79578
79579
79581
79582
79583
79584
79585
79586
79587
79588
79589
79590
79591
79593
79594
79595
79596
79597
79598
79599
79600
79602
79603
79605
79606
79607
79610
79611
79612
79613
79614
79615
79616
79617
79618
79619
79620
79623
79624
79626
79628
79630
79631
79632
79633
79635
79636
79637
79638
79640
79641
79643
79644
79646
79647
79648
79649
79650
79651
79652
79653
79654
79655
79656
79657
79658
79659
79660
79661
79662
79663
79664
79665
79666
79667
79669
79670
79671
79672
79674
79675
79676
79677
79678
79681
79682
79684
79686
79687
79688
79689
79690
79691
79692
79693
79694
79695
79696
79697
79698
79699
79700
79703
79704
79705
79706
79710
79712
79713
79714
79716
79718
79719
79720
79721
79722
79723
79724
79725
79727
79728
79729
79730
79731
79732
79733
79735
79736
79737
79738
79739
79740
79741
79743
79744
79745
79746
79747
79748
79750
79751
79752
79753
79756
79757
79758
79759
79760
79762
79763
79765
79766
79767
79768
79769
79770
79771
79772
79773
79774
79775
79776
79777
79778
79779
79781
79782
79783
79785
79786
79787
79788
79791
79792
79793
79794
79795
79796
79797
79799
79800
79801
79802
79803
79806
79807
79808
79810
79811
79812
79813
79814
79815
79816
79817
79818
79819
79820
79821
79822
79823
79825
79828
79829
79830
79831
79832
79833
79834
79835
79836
79837
79839
79841
79842
79843
79844
79845
79846
79847
79848
79849
79850
79851
79852
79855
79856
79857
79858
79859
79860
79861
79862
79863
79865
79866
79867
79868
79870
79871
79872
79873
79874
79876
79878
79879
79880
79881
79882
79883
79884
79885
79886
79887
79888
79890
79891
79892
79893
79894
79895
79896
79898
79899
79900
79901
79902
79905
79906
79907
79908
79909
79911
79913
79914
79915
79917
79918
79919
79920
79921
79923
79925
79927
79928
79929
79930
79931
79932
79933
79934
79935
79936
79937
79938
79939
79940
79941
79942
79944
79945
79946
79947
79948
79950
79951
79952
79953
79954
79955
79956
79957
79958
79959
79960
79961
79962
79963
79964
79965
79966
79967
79969
79970
79972
79975
79977
79978
79979
79980
79981
79982
79983
79984
79986
79987
79988
79989
79991
79992
79993
79994
79995
79996
79997
79998
80000
80001
80002
80003
80004
80005
80006
80007
80008
80009
80011
80012
80014
80015
80017
80019
80020
80021
80022
80023
80024
80025
80026
80027
80028
80029
80030
80031
80032
80034
80035
80036
80037
80038
80039
80041
80042
80043
80045
80046
80047
80048
80049
80051
80052
80054
80056
80057
80059
80060
80061
80062
80064
80065
80066
80067
80068
80069
80073
80074
80075
80076
80077
80079
80080
80082
80083
80086
80087
80089
80091
80092
80093
80095
80096
80097
80098
80099
80100
80101
80102
80103
80104
80105
80106
80107
80108
80109
80110
80111
80112
80113
80114
80115
80116
80117
80118
80120
80121
80122
80123
80124
80125
80126
80127
80128
80129
80131
80132
80133
80134
80135
80137
80138
80139
80140
80141
80144
80145
80147
80148
80149
80150
80152
80155
80156
80157
80158
80159
80160
80161
80162
80163
80164
80168
80170
80172
80173
80174
80175
80179
80181
80182
80183
80184
80185
80186
80187
80188
80189
80191
80192
80193
80194
80195
80196
80200
80202
80203
80207
80208
80210
80212
80213
80214
80217
80218
80221
80222
80224
80225
80226
80227
80228
80229
80230
80231
80232
80233
80234
80236
80238
80241
80242
80243
80244
80245
80246
80247
80248
80249
80250
80252
80253
80254
80255
80256
80257
80258
80259
80261
80262
80263
80265
80267
80269
80271
80272
80273
80274
80275
80276
80277
80278
80279
80280
80281
80282
80284
80285
80286
80287
80288
80289
80291
80292
80293
80294
80295
80296
80297
80298
80299
80300
80302
80304
80305
80306
80308
80310
80311
80312
80315
80317
80318
80319
80320
80322
80324
80325
80326
80327
80328
80329
80330
80331
80332
80333
80334
80335
80336
80337
80338
80339
80340
80341
80342
80344
80345
80346
80347
80348
80349
80350
80351
80353
80354
80355
80356
80358
80359
80360
80361
80363
80365
80366
80367
80368
80369
80370
80371
80372
80373
80374
80375
80376
80377
80378
80379
80380
80381
80382
80383
80384
80385
80386
80387
80389
80390
80391
80392
80393
80394
80395
80396
80397
80398
80399
80400
80401
80402
80403
80404
80405
80406
80407
80408
80409
80410
80411
80412
80413
80414
80415
80416
80417
80418
80420
80422
80423
80425
80427
80428
80429
80431
80432
80433
80434
80435
80436
80437
80439
80440
80441
80442
80443
80444
80445
80446
80447
80448
80449
80450
80451
80452
80453
80454
80455
80456
80457
80458
80459
80460
80461
80462
80463
80465
80466
80467
80468
80469
80470
80471
80472
80473
80474
80475
80476
80477
80478
80479
80482
80484
80485
80486
80487
80488
80489
80490
80491
80492
80493
80494
80495
80496
80497
80499
80500
80501
80502
80503
80504
80506
80508
80509
80510
80512
80513
80514
80516
80517
80518
80519
80520
80521
80522
80523
80524
80525
80527
80529
80530
80531
80532
80533
80534
80535
80536
80537
80538
80539
80540
80541
80542
80543
80544
80545
80546
80547
80548
80549
80550
80551
80553
80554
80555
80556
80557
80558
80563
80564
80566
80567
80569
80571
80573
80574
80575
80576
80577
80578
80579
80580
80581
80582
80584
80585
80586
80587
80589
80590
80591
80592
80593
80595
80596
80597
80598
80599
80600
80601
80602
80603
80605
80608
80609
80610
80611
80612
80615
80616
80617
80618
80619
80620
80621
80622
80623
80624
80625
80628
80629
80630
80631
80632
80633
80634
80635
80637
80638
80639
80640
80641
80642
80643
80644
80645
80647
80648
80649
80650
80651
80652
80653
80654
80655
80656
80657
80659
80660
80661
80662
80663
80664
80665
80666
80669
80670
80671
80672
80673
80674
80675
80676
80678
80679
80680
80681
80684
80686
80687
80688
80689
80690
80692
80694
80695
80696
80698
80699
80700
80701
80703
80705
80706
80707
80708
80709
80710
80711
80712
80713
80714
80715
80717
80718
80719
80720
80721
80722
80723
80724
80725
80727
80728
80730
80731
80733
80734
80735
80736
80738
80740
80741
80742
80743
80744
80745
80746
80748
80749
80750
80751
80752
80753
80754
80755
80756
80757
80758
80759
80760
80761
80763
80764
80765
80766
80767
80768
80769
80770
80771
80772
80773
80774
80775
80778
80779
80780
80781
80783
80784
80785
80786
80788
80789
80790
80791
80792
80793
80794
80795
80796
80797
80798
80799
80802
80805
80806
80807
80808
80809
80810
80811
80812
80814
80816
80817
80818
80819
80821
80822
80824
80825
80826
80828
80829
80830
80831
80832
80833
80834
80835
80836
80837
80838
80839
80842
80843
80844
80845
80846
80847
80848
80849
80850
80851
80852
80853
80854
80855
80856
80857
80858
80859
80860
80861
80862
80863
80864
80865
80866
80867
80868
80869
80871
80872
80873
80874
80878
80879
80881
80882
80883
80884
80885
80887
80888
80889
80890
80891
80892
80893
80894
80895
80897
80899
80901
80902
80903
80904
80905
80906
80907
80908
80909
80910
80911
80912
80913
80914
80915
80916
80917
80918
80919
80920
80921
80922
80923
80925
80926
80927
80929
80930
80931
80932
80934
80935
80936
80937
80938
80939
80940
80941
80942
80943
80944
80945
80946
80947
80948
80949
80950
80951
80952
80953
80954
80955
80956
80958
80959
80960
80961
80962
80963
80964
80966
80967
80968
80969
80971
80972
80973
80974
80975
80977
80978
80979
80980
80981
80982
80983
80984
80985
80986
80988
80989
80990
80991
80994
80995
80998
81001
81002
81003
81004
81005
81006
81007
81008
81009
81010
81011
81012
81013
81014
81015
81016
81017
81018
81019
81020
81021
81023
81024
81025
81026
81027
81028
81029
81031
81032
81033
81035
81036
81037
81038
81039
81040
81041
81042
81043
81044
81045
81047
81048
81049
81050
81051
81052
81053
81055
81056
81057
81061
81062
81063
81064
81065
81066
81067
81068
81069
81070
81071
81075
81076
81077
81078
81079
81080
81081
81082
81083
81084
81085
81086
81087
81089
81090
81091
81092
81094
81095
81098
81101
81102
81103
81104
81106
81108
81109
81110
81112
81115
81116
81117
81118
81121
81124
81125
81126
81127
81128
81130
81131
81132
81133
81134
81135
81136
81137
81138
81139
81140
81141
81142
81143
81144
81145
81147
81148
81149
81150
81151
81152
81153
81154
81155
81156
81157
81158
81159
81160
81162
81163
81164
81165
81167
81168
81169
81170
81171
81173
81174
81175
81176
81177
81178
81179
81180
81181
81182
81184
81185
81186
81187
81188
81189
81190
81191
81192
81194
81195
81196
81197
81198
81199
81200
81201
81202
81203
81205
81206
81207
81208
81210
81211
81212
81213
81214
81215
81216
81217
81218
81220
81221
81222
81223
81224
81225
81226
81227
81228
81230
81231
81233
81235
81236
81240
81241
81242
81244
81245
81246
81247
81249
81250
81251
81252
81253
81254
81255
81256
81258
81259
81260
81262
81263
81266
81267
81269
81270
81271
81272
81273
81274
81275
81276
81278
81279
81280
81281
81282
81283
81284
81285
81286
81287
81289
81291
81292
81293
81294
81295
81296
81297
81298
81299
81300
81301
81302
81303
81304
81305
81308
81309
81310
81311
81312
81313
81314
81315
81316
81317
81318
81319
81320
81321
81323
81324
81326
81327
81328
81330
81331
81334
81335
81336
81338
81339
81340
81342
81343
81344
81345
81346
81347
81349
81350
81352
81353
81354
81356
81357
81358
81360
81361
81363
81364
81365
81367
81368
81369
81370
81371
81372
81374
81375
81376
81377
81378
81381
81383
81384
81385
81387
81388
81389
81391
81392
81394
81395
81396
81397
81398
81399
81400
81401
81402
81403
81404
81405
81406
81407
81408
81409
81410
81411
81413
81414
81415
81417
81419
81421
81423
81424
81425
81426
81427
81428
81429
81430
81431
81433
81435
81436
81437
81438
81439
81440
81442
81443
81444
81446
81447
81448
81450
81451
81454
81456
81458
81460
81461
81462
81464
81468
81469
81470
81471
81472
81473
81474
81475
81476
81477
81478
81479
81480
81481
81482
81484
81486
81487
81489
81490
81491
81492
81493
81494
81495
81496
81497
81498
81499
81500
81501
81503
81505
81508
81509
81510
81511
81512
81514
81515
81516
81517
81518
81519
81520
81522
81524
81527
81528
81529
81530
81531
81534
81535
81536
81537
81538
81541
81542
81543
81544
81546
81547
81548
81550
81551
81552
81553
81554
81555
81556
81557
81558
81561
81562
81564
81565
81566
81568
81569
81570
81571
81572
81573
81574
81575
81580
81581
81582
81583
81584
81585
81586
81588
81589
81590
81591
81593
81594
81595
81597
81598
81599
81600
81601
81602
81603
81604
81605
81606
81607
81608
81609
81610
81611
81612
81613
81614
81615
81617
81618
81619
81620
81622
81623
81624
81627
81628
81630
81631
81632
81633
81635
81636
81637
81638
81639
81641
81643
81644
81645
81646
81647
81650
81652
81653
81655
81656
81657
81658
81659
81663
81664
81665
81667
81669
81671
81673
81675
81677
81679
81680
81681
81684
81687
81689
81691
81694
81695
81698
81699
81700
81701
81702
81704
81706
81707
81710
81712
81713
81714
81715
81716
81718
81719
81721
81723
81724
81725
81726
81727
81728
81729
81732
81733
81734
81735
81736
81737
81738
81739
81740
81741
81743
81744
81745
81747
81749
81750
81754
81757
81758
81760
81761
81765
81766
81767
81770
81771
81772
81773
81774
81776
81777
81778
81779
81780
81781
81783
81786
81787
81788
81789
81791
81793
81794
81797
81799
81800
81801
81803
81804
81806
81807
81809
81810
81812
81813
81815
81816
81817
81818
81819
81820
81821
81822
81823
81824
81825
81826
81827
81828
81829
81832
81833
81835
81836
81837
81839
81840
81842
81844
81847
81850
81852
81853
81856
81857
81858
81859
81860
81861
81863
81864
81866
81867
81868
81869
81871
81873
81874
81875
81876
81877
81878
81879
81880
81883
81884
81885
81886
81887
81888
81889
81891
81892
81893
81894
81895
81896
81897
81899
81900
81901
81903
81904
81905
81906
81907
81908
81909
81910
81911
81912
81914
81915
81916
81917
81919
81921
81922
81923
81924
81925
81926
81928
81929
81931
81933
81934
81935
81938
81940
81941
81943
81945
81946
81947
81949
81950
81951
81952
81955
81958
81961
81967
81968
81972
81973
81974
81977
81978
81979
81980
81981
81982
81983
81984
81987
81988
81989
81990
81991
81992
81993
81994
81995
81997
81998
81999
82000
82001
82003
82005
82006
82007
82008
82010
82011
82012
82013
82015
82016
82018
82019
82020
82024
82025
82026
82027
82028
82029
82032
82033
82034
82035
82036
82037
82040
82041
82042
82045
82047
82048
82050
82052
82053
82055
82057
82058
82061
82062
82063
82065
82068
82071
82072
82074
82076
82078
82081
82082
82085
82086
82087
82089
82090
82091
82092
82093
82095
82096
82097
82098
82099
82100
82101
82102
82105
82106
82107
82108
82109
82110
82111
82113
82114
82115
82116
82117
82118
82119
82121
82122
82124
82125
82126
82127
82128
82129
82130
82131
82132
82133
82134
82138
82141
82142
82143
82144
82148
82150
82153
82155
82156
82157
82158
82159
82161
82163
82165
82166
82167
82169
82170
82171
82173
82174
82175
82177
82178
82181
82183
82184
82185
82187
82188
82189
82190
82193
82195
82196
82199
82201
82202
82203
82205
82206
82209
82211
82213
82217
82218
82220
82221
82223
82224
82225
82229
82230
82231
82232
82233
82234
82235
82236
82237
82239
82240
82243
82246
82247
82248
82251
82252
82253
82254
82255
82256
82257
82258
82259
82261
82263
82264
82265
82266
82267
82272
82273
82274
82275
82277
82280
82282
82283
82284
82285
82287
82288
82290
82291
82294
82296
82299
82301
82302
82305
82308
82309
82310
82313
82314
82315
82318
82320
82321
82322
82323
82325
82326
82327
82328
82329
82331
82332
82334
82335
82336
82338
82342
82343
82344
82345
82346
82349
82351
82352
82353
82354
82355
82356
82358
82360
82363
82365
82367
82368
82372
82374
82375
82376
82379
82381
82382
82383
82384
82385
82387
82388
82389
82390
82391
82396
82397
82398
82401
82402
82403
82407
82408
82411
82412
82413
82417
82418
82419
82420
82421
82422
82425
82427
82428
82429
82430
82431
82433
82434
82436
82437
82438
82439
82441
82442
82444
82446
82447
82448
82449
82452
82453
82454
82456
82458
82459
82460
82461
82462
82463
82464
82465
82466
82467
82468
82469
82472
82475
82476
82481
82482
82485
82487
82488
82489
82490
82491
82494
82496
82497
82498
82499
82500
82503
82504
82505
82506
82507
82508
82511
82513
82514
82515
82516
82518
82519
82520
82521
82522
82523
82525
82526
82528
82529
82530
82531
82532
82534
82535
82537
82539
82540
82546
82547
82548
82553
82555
82556
82557
82558
82559
82560
82563
82564
82565
82566
82567
82568
82569
82570
82572
82574
82575
82576
82577
82578
82580
82584
82588
82589
82590
82591
82592
82593
82596
82597
82599
82601
82602
82603
82605
82606
82608
82614
82615
82616
82618
82619
82621
82622
82623
82625
82627
82629
82630
82631
82632
82633
82634
82635
82636
82642
82644
82646
82647
82648
82649
82651
82653
82654
82655
82656
82657
82658
82660
82661
82662
82663
82664
82666
82667
82669
82670
82671
82673
82674
82675
82676
82677
82678
82679
82681
82685
82687
82689
82691
82692
82698
82700
82701
82702
82703
82705
82706
82707
82709
82710
82713
82718
82719
82720
82721
82723
82726
82727
82728
82729
82731
82732
82740
82741
82743
82744
82745
82747
82748
82749
82751
82752
82753
82754
82756
82760
82761
82762
82763
82765
82766
82767
82768
82769
82771
82772
82773
82774
82776
82777
82780
82782
82783
82784
82785
82787
82788
82789
82790
82793
82796
82797
82798
82800
82801
82803
82804
82805
82806
82807
82808
82810
82812
82813
82814
82817
82818
82819
82821
82822
82823
82824
82826
82828
82829
82830
82831
82833
82836
82838
82840
82841
82842
82843
82844
82845
82848
82849
82850
82852
82853
82854
82855
82859
82861
82863
82864
82867
82869
82870
82871
82873
82875
82876
82877
82879
82880
82883
82886
82887
82890
82891
82893
82896
82897
82898
82899
82900
82901
82902
82903
82905
82906
82909
82911
82913
82915
82917
82918
82919
82920
82921
82922
82923
82924
82925
82926
82929
82930
82932
82933
82934
82935
82936
82938
82944
82945
82947
82949
82950
82952
82953
82955
82958
82960
82962
82963
82965
82966
82967
82969
82970
82971
82972
82973
82974
82975
82976
82977
82981
82982
82983
82985
82987
82988
82989
82990
82991
82993
82994
82995
82996
82997
83000
83001
83002
83003
83005
83008
83011
83013
83014
83015
83016
83018
83020
83024
83026
83028
83030
83032
83034
83037
83039
83042
83043
83044
83045
83046
83047
83048
83049
83054
83055
83059
83061
83062
83065
83067
83068
83070
83072
83073
83075
83076
83077
83078
83079
83081
83082
83084
83085
83086
83088
83091
83092
83093
83097
83098
83102
83106
83107
83108
83110
83111
83115
83116
83119
83120
83122
83124
83126
83128
83129
83130
83131
83132
83134
83135
83136
83137
83139
83140
83141
83142
83143
83144
83145
83146
83148
83150
83151
83152
83154
83155
83157
83158
83159
83160
83161
83162
83163
83166
83167
83168
83169
83170
83171
83174
83175
83176
83177
83178
83179
83180
83182
83185
83186
83189
83190
83191
83192
83193
83196
83199
83200
83201
83203
83207
83208
83211
83215
83218
83219
83220
83222
83223
83224
83225
83228
83229
83235
83238
83239
83241
83242
83243
83245
83246
83247
83249
83251
83253
83258
83259
83260
83262
83263
83265
83267
83268
83270
83272
83273
83277
83279
83280
83281
83282
83283
83285
83286
83288
83290
83292
83295
83297
83301
83302
83305
83307
83308
83309
83310
83311
83312
83315
83317
83318
83319
83320
83321
83323
83324
83327
83329
83331
83333
83335
83336
83337
83339
83340
83344
83345
83346
83351
83352
83353
83354
83356
83359
83361
83362
83363
83364
83366
83367
83368
83370
83371
83372
83374
83375
83378
83380
83381
83382
83383
83384
83386
83389
83390
83391
83392
83393
83396
83398
83399
83400
83402
83403
83405
83406
83408
83410
83411
83414
83415
83419
83430
83431
83432
83433
83435
83436
83437
83439
83441
83442
83443
83447
83449
83450
83451
83452
83453
83456
83459
83463
83466
83467
83470
83471
83472
83473
83475
83476
83478
83479
83480
83482
83485
83488
83489
83490
83491
83492
83493
83494
83495
83496
83497
83498
83499
83507
83511
83512
83513
83514
83515
83517
83518
83520
83521
83522
83525
83528
83529
83530
83537
83538
83540
83544
83546
83548
83549
83552
83553
83555
83556
83557
83558
83559
83560
83561
83564
83565
83567
83568
83569
83570
83574
83575
83576
83577
83578
83579
83581
83582
83586
83587
83589
83593
83594
83595
83600
83602
83603
83605
83606
83607
83609
83610
83612
83614
83615
83616
83619
83621
83623
83624
83625
83626
83629
83630
83633
83634
83635
83637
83640
83641
83642
83644
83645
83647
83649
83650
83651
83652
83654
83655
83656
83658
83659
83661
83662
83663
83666
83667
83668
83669
83670
83671
83672
83673
83674
83675
83676
83677
83679
83680
83687
83689
83691
83692
83696
83697
83698
83699
83700
83701
83702
83703
83706
83707
83708
83711
83713
83715
83717
83719
83720
83721
83724
83725
83727
83728
83729
83730
83733
83734
83736
83737
83738
83739
83740
83742
83743
83744
83745
83750
83751
83753
83754
83756
83757
83758
83759
83760
83761
83762
83764
83765
83768
83770
83771
83772
83774
83775
83776
83783
83786
83787
83788
83790
83795
83796
83798
83799
83802
83805
83806
83807
83808
83809
83810
83814
83815
83817
83821
83823
83824
83826
83827
83828
83834
83835
83837
83839
83840
83841
83842
83845
83846
83847
83849
83852
83854
83855
83856
83857
83858
83859
83861
83863
83867
83868
83870
83871
83872
83873
83874
83877
83879
83880
83883
83886
83887
83889
83890
83891
83892
83893
83894
83895
83896
83898
83900
83905
83906
83908
83910
83915
83916
83917
83919
83920
83921
83922
83923
83924
83926
83927
83928
83929
83930
83931
83932
83933
83934
83936
83937
83938
83939
83942
83943
83945
83949
83950
83953
83954
83955
83956
83957
83958
83960
83961
83962
83963
83970
83972
83976
83980
83981
83985
83986
83987
83988
83990
83991
83992
83993
83994
83995
83997
84000
84001
84003
84004
84006
84010
84013
84014
84019
84021
84022
84024
84027
84030
84032
84033
84034
84035
84037
84040
84041
84045
84046
84049
84051
84053
84055
84057
84058
84061
84063
84064
84065
84066
84067
84069
84070
84071
84072
84074
84075
84077
84078
84079
84080
84081
84082
84085
84089
84090
84091
84094
84095
84097
84099
84102
84105
84112
84113
84115
84116
84117
84118
84124
84125
84126
84127
84131
84134
84135
84136
84138
84139
84142
84147
84148
84151
84152
84153
84162
84166
84167
84168
84170
84171
84173
84175
84178
84179
84180
84181
84182
84184
84185
84186
84189
84190
84191
84192
84195
84199
84200
84203
84207
84210
84211
84212
84215
84216
84219
84220
84221
84222
84228
84229
84235
84237
84238
84241
84242
84244
84246
84248
84250
84252
84253
84255
84256
84258
84259
84261
84265
84266
84269
84270
84271
84272
84274
84277
84279
84283
84286
84289
84291
84293
84294
84295
84296
84303
84304
84305
84307
84312
84313
84314
84315
84316
84317
84318
84319
84322
84324
84326
84327
84328
84330
84331
84332
84334
84336
84340
84341
84342
84343
84344
84345
84347
84348
84349
84353
84354
84356
84358
84359
84360
84361
84363
84364
84368
84370
84371
84373
84375
84377
84378
84379
84380
84384
84385
84386
84388
84392
84396
84398
84399
84400
84401
84403
84404
84405
84407
84408
84410
84415
84418
84419
84421
84422
84424
84425
84426
84428
84430
84432
84436
84437
84441
84442
84443
84444
84447
84448
84451
84453
84454
84456
84459
84462
84463
84464
84465
84466
84467
84468
84469
84471
84473
84474
84476
84477
84479
84481
84482
84484
84486
84488
84490
84493
84494
84495
84496
84499
84500
84502
84504
84505
84507
84508
84509
84512
84514
84515
84517
84521
84523
84524
84525
84529
84531
84533
84536
84537
84538
84540
84541
84542
84543
84544
84545
84549
84550
84551
84552
84553
84554
84555
84562
84563
84564
84565
84567
84570
84571
84572
84574
84575
84576
84577
84579
84581
84583
84585
84587
84590
84595
84598
84599
84602
84603
84606
84608
84609
84611
84614
84617
84618
84619
84620
84622
84623
84624
84625
84628
84629
84632
84633
84637
84638
84639
84641
84642
84643
84644
84645
84646
84653
84654
84658
84659
84661
84663
84664
84665
84668
84671
84673
84676
84677
84678
84679
84680
84682
84684
84686
84687
84688
84689
84691
84696
84697
84700
84702
84706
84710
84712
84713
84717
84718
84720
84721
84722
84728
84731
84732
84734
84735
84737
84738
84739
84744
84745
84751
84752
84753
84755
84757
84760
84761
84762
84763
84765
84769
84770
84773
84775
84784
84785
84788
84790
84792
84793
84795
84796
84798
84802
84803
84804
84805
84806
84807
84808
84810
84812
84813
84814
84815
84818
84819
84820
84821
84822
84823
84824
84829
84830
84831
84832
84833
84834
84835
84836
84837
84839
84842
84843
84844
84852
84855
84857
84859
84860
84861
84862
84863
84865
84866
84871
84874
84875
84877
84883
84884
84885
84887
84889
84890
84893
84894
84895
84897
84898
84902
84904
84905
84906
84907
84909
84910
84911
84914
84916
84918
84919
84920
84924
84925
84926
84928
84932
84933
84934
84935
84936
84937
84938
84939
84942
84945
84946
84948
84950
84952
84954
84958
84961
84962
84963
84964
84965
84966
84968
84969
84972
84973
84976
84977
84978
84979
84981
84983
84984
84985
84986
84987
84988
84990
84991
84993
84994
84995
84996
84997
84998
85003
85006
85007
85008
85010
85011
85012
85014
85015
85016
85017
85020
85021
85026
85027
85030
85031
85032
85033
85034
85036
85037
85038
85039
85040
85042
85043
85045
85046
85048
85049
85051
85052
85053
85054
85055
85058
85059
85064
85065
85066
85069
85073
85074
85078
85079
85084
85086
85087
85092
85094
85097
85099
85100
85101
85102
85103
85105
85106
85107
85108
85109
85110
85112
85113
85114
85116
85118
85121
85122
85123
85124
85125
85127
85129
85130
85131
85132
85133
85134
85138
85139
85140
85141
85144
85145
85148
85150
85152
85156
85157
85159
85161
85162
85163
85165
85166
85167
85168
85171
85172
85173
85176
85177
85178
85179
85180
85182
85183
85184
85185
85187
85188
85189
85191
85192
85196
85199
85201
85202
85203
85204
85205
85206
85207
85208
85211
85212
85214
85216
85218
85221
85222
85223
85225
85227
85228
85232
85233
85236
85237
85240
85242
85243
85244
85250
85253
85255
85257
85258
85259
85262
85263
85264
85265
85269
85270
85273
85274
85275
85279
85280
85281
85282
85283
85284
85285
85287
85289
85290
85292
85295
85297
85298
85300
85301
85302
85304
85306
85307
85308
85309
85312
85313
85314
85315
85316
85317
85318
85319
85321
85322
85323
85324
85325
85327
85328
85329
85330
85332
85333
85335
85336
85337
85338
85341
85343
85344
85346
85347
85348
85349
85350
85351
85352
85354
85355
85361
85362
85363
85366
85369
85370
85373
85378
85379
85381
85384
85385
85387
85389
85390
85392
85395
85397
85398
85399
85401
85404
85405
85406
85409
85411
85412
85414
85415
85416
85419
85420
85422
85424
85428
85429
85430
85431
85434
85435
85437
85438
85440
85441
85443
85444
85445
85452
85454
85456
85457
85458
85465
85466
85468
85469
85472
85474
85482
85483
85484
85488
85489
85491
85494
85495
85496
85500
85502
85503
85505
85508
85515
85520
85521
85525
85531
85532
85533
85534
85535
85537
85539
85540
85541
85544
85549
85550
85555
85561
85564
85566
85567
85568
85571
85574
85577
85580
85581
85582
85583
85584
85587
85591
85593
85594
85595
85598
85599
85601
85602
85603
85604
85605
85608
85609
85610
85612
85614
85615
85616
85621
85622
85623
85624
85626
85627
85630
85633
85634
85635
85636
85637
85638
85640
85641
85644
85646
85647
85648
85649
85651
85660
85669
85672
85674
85677
85678
85681
85683
85684
85685
85687
85693
85696
85697
85704
85705
85706
85707
85708
85709
85710
85711
85712
85714
85717
85720
85723
85727
85729
85730
85733
85734
85736
85738
85739
85740
85745
85746
85747
85752
85753
85756
85757
85760
85761
85763
85765
85767
85768
85769
85772
85773
85775
85776
85778
85787
85788
85791
85794
85795
85797
85798
85799
85801
85802
85803
85807
85810
85811
85812
85815
85816
85817
85819
85820
85823
85824
85827
85828
85829
85831
85833
85834
85835
85839
85842
85844
85845
85846
85853
85854
85858
85860
85861
85866
85871
85872
85876
85880
85882
85883
85884
85890
85893
85894
85897
85898
85904
85905
85909
85910
85911
85918
85919
85925
85926
85930
85931
85933
85934
85937
85939
85941
85943
85944
85945
85948
85953
85956
85957
85960
85965
85966
85974
85975
85978
85981
85983
85984
85985
85986
85989
85990
85991
85992
85997
85998
86004
86006
86010
86018
86029
86030
86034
86038
86041
86048
86059
86060
86065
86067
86073
86078
86080
86081
86082
86084
86085
86086
86087
86090
86093
86094
86098
86100
86102
86105
86106
86109
86110
86111
86114
86117
86118
86120
86121
86122
86123
86126
86127
86128
86129
86130
86131
86133
86135
86137
86139
86142
86144
86145
86146
86148
86158
86159
86160
86162
86165
86170
86176
86179
86183
86185
86188
86189
86193
86194
86200
86201
86204
86209
86210
86211
86212
86214
86216
86217
86221
86224
86225
86227
86228
86229
86230
86231
86234
86235
86236
86238
86239
86240
86241
86243
86245
86246
86258
86259
86261
86262
86263
86264
86274
86275
86276
86279
86281
86282
86283
86284
86285
86291
86295
86296
86297
86299
86306
86307
86313
86314
86315
86317
86318
86319
86320
86321
86327
86331
86334
86335
86336
86337
86338
86341
86343
86349
86353
86354
86355
86364
86366
86368
86370
86373
86379
86381
86382
86384
86385
86393
86394
86397
86398
86400
86401
86404
86406
86414
86418
86419
86421
86422
86423
86424
86426
86427
86428
86434
86438
86444
86445
86446
86447
86449
86451
86453
86458
86462
86468
86472
86476
86479
86483
86488
86491
86493
86494
86498
86502
86504
86507
86508
86511
86518
86519
86520
86521
86522
86524
86528
86529
86533
86541
86542
86544
86548
86551
86552
86556
86557
86562
86564
86566
86567
86575
86581
86582
86585
86586
86587
86588
86589
86596
86601
86602
86610
86613
86615
86616
86621
86624
86625
86629
86630
86631
86639
86641
86642
86643
86652
86655
86661
86664
86667
86669
86672
86674
86676
86680
86693
86697
86703
86706
86708
86709
86711
86712
86714
86715
86717
86720
86722
86723
86724
86726
86727
86728
86730
86731
86732
86734
86739
86742
86743
86745
86748
86751
86753
86754
86760
86761
86767
86769
86776
86777
86783
86784
86787
86790
86793
86798
86800
86802
86804
86808
86810
86812
86822
86823
86826
86831
86835
86838
86839
86841
86843
86845
86850
86862
86863
86868
86871
86875
86877
86879
86880
86885
86886
86889
86891
86892
86899
86900
86903
86911
86912
86913
86919
86923
86924
86928
86934
86938
86942
86945
86952
86954
86956
86957
86958
86959
86961
86962
86965
86973
86979
86980
86981
86985
86989
86991
86992
86995
86997
86999
87000
87001
87007
87017
87019
87022
87023
87024
87028
87031
87036
87037
87038
87039
87041
87044
87049
87050
87052
87055
87056
87060
87061
87063
87064
87065
87068
87071
87072
87073
87081
87082
87086
87087
87093
87095
87102
87105
87108
87114
87121
87123
87124
87129
87132
87135
87138
87141
87142
87144
87146
87147
87149
87150
87152
87155
87161
87163
87164
87168
87169
87173
87176
87177
87178
87186
87187
87193
87194
87196
87198
87202
87206
87214
87216
87220
87225
87228
87230
87237
87240
87243
87244
87245
87247
87248
87249
87253
87262
87266
87267
87271
87278
87279
87280
87281
87284
87285
87286
87287
87291
87294
87295
87296
87299
87301
87308
87314
87315
87321
87325
87328
87330
87332
87333
87334
87336
87339
87340
87342
87344
87346
87350
87356
87357
87362
87377
87381
87386
87390
87391
87394
87399
87400
87401
87402
87405
87408
87411
87413
87418
87422
87425
87427
87438
87439
87440
87441
87444
87445
87446
87452
87457
87458
87459
87460
87462
87464
87467
87471
87472
87473
87476
87477
87482
87484
87493
87496
87499
87504
87509
87511
87513
87517
87518
87523
87524
87526
87527
87528
87531
87532
87533
87537
87543
87547
87548
87556
87559
87560
87561
87564
87566
87567
87575
87577
87582
87583
87588
87590
87591
87596
87597
87603
87605
87611
87612
87618
87620
87621
87623
87624
87626
87630
87631
87637
87647
87656
87660
87668
87669
87670
87671
87676
87677
87678
87687
87702
87708
87715
87717
87721
87722
87724
87726
87734
87738
87739
87750
87758
87773
87780
87781
87786
87788
87791
87794
87795
87797
87800
87801
87802
87805
87812
87817
87838
87840
87843
87844
87847
87862
87873
87874
87875
87879
87880
87881
87882
87883
87884
87890
87892
87894
87895
87896
87897
87899
87903
87907
87909
87917
87924
87927
87932
87941
87947
87948
87949
87951
87956
87959
87973
87974
87976
87977
87981
87984
87990
87992
87998
88006
88007
88009
88012
88017
88018
88019
88021
88023
88028
88029
88034
88035
88039
88042
88043
88044
88048
88049
88050
88052
88055
88058
88059
88060
88065
88067
88072
88078
88079
88080
88081
88085
88089
88090
88093
88095
88097
88102
88106
88120
88122
88125
88126
88130
88132
88134
88140
88141
88152
88153
88164
88165
88171
88173
88176
88183
88184
88189
88191
88193
88194
88196
88199
88203
88204
88206
88208
88215
88217
88222
88227
88228
88229
88232
88234
88240
88241
88248
88250
88252
88260
88270
88271
88273
88278
88281
88283
88287
88289
88316
88322
88323
88326
88333
88335
88338
88343
88359
88361
88363
88373
88379
88384
88387
88389
88401
88403
88404
88408
88410
88420
88432
88441
88443
88445
88446
88451
88453
88457
88463
88466
88470
88474
88476
88482
88484
88511
88512
88515
88516
88518
88521
88522
88524
88536
88538
88545
88550
88553
88554
88555
88556
88557
88564
88570
88573
88574
88575
88580
88581
88588
88591
88594
88600
88616
88617
88620
88627
88632
88635
88641
88645
88648
88650
88657
88666
88669
88673
88685
88688
88700
88702
88704
88719
88726
88733
88738
88739
88758
88770
88771
88776
88784
88786
88787
88797
88799
88801
88802
88806
88810
88813
88820
88821
88823
88827
88835
88838
88844
88852
88867
88869
88875
88876
88880
88881
88888
88891
88898
88914
88917
88918
88920
88923
88934
88935
88943
88944
88956
88957
88959
88966
88971
88973
88976
88980
88991
88992
88993
88997
89003
89005
89021
89026
89031
89033
89036
89046
89047
89056
89059
89062
89069
89070
89073
89077
89087
89100
89106
89111
89112
89114
89122
89124
89128
89144
89146
89168
89174
89178
89180
89184
89185
89192
89195
89215
89219
89220
89221
89224
89230
89233
89234
89236
89239
89243
89244
89252
89255
89256
89258
89264
89267
89268
89271
89272
89278
89281
89286
89295
89303
89320
89327
89340
89345
89346
89349
89359
89363
89365
89370
89375
89386
89388
89391
89396
89398
89404
89406
89407
89416
89417
89425
89427
89433
89437
89449
89450
89452
89455
89456
89465
89467
89471
89472
89477
89479
89487
89491
89511
89513
89514
89520
89528
89533
89537
89543
89544
89552
89559
89565
89566
89567
89571
89572
89575
89580
89583
89585
89594
89596
89627
89636
89643
89644
89660
89661
89663
89665
89676
89684
89691
89694
89700
89707
89713
89722
89724
89729
89731
89737
89746
89757
89759
89762
89766
89770
89773
89793
89798
89799
89802
89807
89814
89819
89820
89824
89831
89832
89835
89837
89854
89856
89857
89863
89866
89869
89872
89880
89886
89892
89900
89905
89906
89910
89932
89933
89935
89937
89938
89940
89942
89944
89945
89946
89949
89951
89953
89954
89968
89975
89977
89980
89985
89991
89998
89999
90003
90014
90031
90032
90037
90043
90046
90048
90054
90059
90062
90063
90066
90075
90076
90083
90096
90098
90103
90107
90121
90122
90130
90136
90149
90150
90156
90162
90164
90177
90199
90204
90205
90208
90209
90214
90218
90220
90242
90244
90246
90249
90254
90258
90261
90266
90269
90272
90278
90283
90293
90297
90299
90301
90303
90304
90305
90311
90316
90319
90327
90328
90342
90343
90347
90350
90361
90362
90363
90372
90373
90376
90378
90393
90398
90399
90409
90412
90416
90418
90419
90422
90425
90441
90448
90471
90485
90488
90493
90495
90496
90506
90509
90512
90514
90518
90522
90523
90529
90540
90549
90557
90558
90564
90571
90575
90576
90579
90590
90593
90597
90598
90599
90614
90616
90620
90621
90631
90634
90635
90637
90638
90645
90647
90648
90652
90659
90665
90666
90669
90671
90673
90677
90683
90684
90687
90689
90691
90703
90709
90726
90736
90747
90761
90766
90770
90771
90791
90802
90807
90811
90823
90824
90825
90831
90832
90837
90840
90841
90846
90853
90856
90874
90882
90886
90893
90895
90902
90903
90928
90932
90935
90946
90959
90965
90969
90970
90976
90993
90997
91000
91006
91011
91012
91013
91019
91027
91028
91034
91049
91053
91054
91058
91060
91066
91068
91088
91090
91096
91102
91103
91110
91129
91136
91137
91138
91139
91141
91142
91153
91161
91169
91194
91197
91215
91222
91228
91253
91254
91259
91264
91265
91268
91274
91286
91292
91297
91301
91311
91315
91320
91327
91342
91350
91363
91369
91371
91381
91382
91412
91415
91421
91426
91438
91440
91446
91448
91450
91452
91453
91469
91476
91487
91491
91495
91498
91499
91501
91503
91505
91541
91542
91551
91560
91562
91571
91572
91577
91586
91594
91598
91603
91606
91607
91609
91618
91619
91620
91621
91634
91635
91640
91651
91663
91664
91670
91671
91672
91690
91692
91696
91697
91699
91704
91731
91732
91733
91737
91739
91744
91745
91755
91762
91765
91768
91786
91788
91789
91798
91799
91800
91803
91806
91807
91809
91810
91812
91833
91844
91848
91853
91856
91862
91865
91868
91876
91883
91887
91894
91911
91916
91920
91921
91928
91931
91933
91942
91944
91972
91974
91980
91985
91988
91991
91994
92001
92021
92023
92033
92044
92045
92047
92053
92059
92067
92074
92085
92089
92092
92108
92111
92114
92122
92124
92127
92131
92137
92140
92153
92162
92164
92171
92181
92182
92186
92189
92193
92194
92195
92198
92200
92253
92259
92262
92275
92286
92297
92303
92308
92320
92322
92340
92342
92343
92344
92353
92360
92370
92373
92378
92384
92390
92399
92402
92409
92414
92417
92418
92421
92424
92428
92436
92444
92450
92453
92456
92472
92473
92474
92476
92477
92498
92502
92504
92510
92527
92528
92532
92543
92553
92560
92567
92574
92578
92579
92585
92587
92596
92606
92608
92611
92613
92618
92623
92634
92641
92642
92644
92657
92667
92672
92678
92680
92682
92690
92692
92696
92700
92713
92721
92729
92731
92732
92734
92740
92747
92756
92757
92762
92774
92776
92780
92781
92784
92797
92800
92806
92818
92825
92831
92842
92845
92850
92851
92855
92859
92862
92875
92882
92883
92885
92886
92894
92896
92901
92905
92913
92920
92922
92928
92948
92955
92958
92962
92965
92980
92982
92984
92990
92993
92996
93001
93011
93016
93017
93020
93038
93040
93042
93047
93048
93049
93050
93051
93055
93060
93062
93083
93088
93094
93102
93103
93109
93110
93114
93115
93119
93120
93136
93140
93141
93143
93168
93169
93171
93172
93175
93179
93182
93187
93188
93191
93202
93206
93207
93210
93212
93214
93225
93229
93233
93240
93245
93246
93247
93248
93252
93255
93258
93263
93273
93277
93279
93285
93288
93291
93298
93301
93304
93313
93333
93337
93338
93339
93341
93345
93350
93351
93352
93353
93357
93360
93361
93368
93376
93378
93381
93383
93384
93386
93391
93394
93395
93399
93406
93410
93411
93416
93421
93424
93427
93429
93431
93434
93446
93450
93452
93469
93471
93474
93477
93478
93479
93480
93481
93484
93491
93495
93502
93503
93507
93511
93514
93515
93517
93521
93522
93532
93540
93549
93550
93551
93558
93566
93572
93575
93576
93587
93588
93592
93596
93603
93605
93613
93627
93629
93632
93637
93638
93643
93645
93653
93657
93658
93660
93661
93663
93667
93671
93672
93673
93678
93679
93680
93683
93703
93706
93711
93712
93714
93715
93716
93718
93721
93727
93731
93732
93748
93753
93754
93761
93762
93765
93776
93777
93778
93785
93786
93793
93794
93808
93811
93812
93814
93815
93816
93817
93819
93820
93825
93828
93829
93830
93832
93833
93837
93839
93841
93844
93848
93849
93854
93858
93861
93863
93864
93875
93876
93880
93881
93882
93886
93891
93892
93894
93898
93904
93907
93908
93909
93910
93911
93924
93933
93936
93942
93946
93949
93960
93963
93967
93969
93971
93972
93973
93976
93982
93988
93989
93990
93996
93998
94002
94003
94005
94007
94009
94014
94021
94024
94025
94031
94039
94043
94048
94051
94053
94055
94061
94062
94063
94064
94077
94081
94082
94085
94086
94087
94094
94099
94100
94101
94102
94103
94104
94107
94108
94109
94112
94115
94117
94120
94121
94122
94124
94128
94140
94148
94150
94153
94154
94155
94156
94157
94161
94162
94166
94169
94171
94176
94178
94180
94185
94187
94189
94190
94191
94192
94195
94196
94198
94201
94205
94208
94218
94222
94225
94236
94244
94250
94253
94257
94260
94261
94262
94264
94266
94268
94269
94273
94276
94277
94280
94286
94288
94296
94297
94298
94299
94300
94301
94308
94310
94311
94314
94317
94323
94325
94332
94334
94336
94341
94343
94345
94348
94349
94350
94352
94353
94358
94361
94365
94367
94368
94370
94371
94373
94374
94375
94378
94379
94380
94386
94389
94390
94391
94392
94398
94402
94407
94411
94412
94417
94419
94420
94422
94423
94425
94426
94429
94430
94432
94437
94440
94443
94444
94455
94457
94458
94459
94461
94462
94465
94470
94471
94474
94477
94479
94481
94482
94485
94486
94487
94489
94490
94496
94500
94501
94507
94509
94510
94511
94513
94515
94516
94518
94519
94521
94527
94531
94532
94533
94534
94537
94546
94548
94550
94552
94553
94556
94557
94559
94560
94561
94565
94569
94570
94571
94572
94573
94577
94578
94583
94584
94587
94589
94592
94594
94596
94598
94599
94602
94606
94607
94608
94610
94611
94612
94613
94614
94616
94619
94621
94624
94625
94628
94629
94630
94633
94634
94635
94640
94641
94644
94645
94649
94651
94656
94658
94659
94663
94668
94669
94670
94671
94672
94676
94677
94678
94679
94680
94683
94684
94685
94688
94690
94691
94693
94697
94699
94700
94701
94704
94708
94709
94712
94717
94718
94722
94724
94725
94728
94731
94735
94736
94738
94743
94744
94746
94752
94753
94754
94762
94763
94764
94768
94769
94770
94773
94777
94780
94781
94782
94786
94787
94789
94791
94793
94796
94797
94799
94800
94802
94805
94811
94816
94819
94820
94821
94823
94824
94827
94828
94831
94835
94842
94844
94847
94850
94853
94856
94859
94861
94863
94865
94869
94870
94876
94877
94882
94883
94886
94892
94893
94894
94896
94898
94900
94902
94909
94910
94913
94914
94918
94921
94923
94925
94927
94928
94930
94931
94932
94939
94940
94941
94943
94944
94946
94949
94954
94956
94959
94960
94962
94964
94965
94970
94971
94974
94975
94976
94982
94986
94990
94991
94992
94994
94996
94997
94998
94999
95001
95005
95008
95011
95015
95017
95018
95020
95021
95022
95023
95025
95031
95037
95039
95042
95044
95045
95048
95051
95053
95054
95055
95056
95057
95059
95060
95065
95068
95069
95074
95075
95078
95079
95084
95087
95088
95090
95091
95092
95093
95094
95095
95096
95101
95102
95104
95111
95113
95118
95119
95120
95121
95124
95128
95129
95131
95132
95133
95135
95137
95143
95148
95149
95150
95155
95160
95161
95163
95170
95175
95178
95181
95184
95186
95187
95188
95190
95192
95193
95195
95197
95198
95199
95201
95204
95206
95207
95208
95212
95213
95217
95218
95221
95222
95224
95227
95229
95234
95235
95236
95238
95239
95242
95243
95244
95246
95249
95254
95257
95258
95259
95262
95265
95266
95269
95272
95273
95274
95275
95276
95280
95282
95284
95287
95288
95289
95292
95293
95295
95299
95304
95306
95309
95314
95316
95317
95318
95319
95325
95328
95329
95330
95331
95337
95338
95339
95341
95345
95347
95348
95351
95352
95353
95356
95359
95360
95362
95363
95364
95365
95366
95369
95370
95371
95372
95374
95375
95382
95385
95386
95387
95388
95389
95390
95393
95394
95396
95397
95398
95399
95402
95403
95408
95410
95411
95412
95415
95416
95417
95418
95420
95421
95422
95427
95429
95432
95433
95435
95436
95437
95440
95441
95442
95444
95446
95448
95449
95455
95461
95465
95466
95467
95468
95470
95471
95472
95476
95477
95478
95483
95485
95487
95489
95490
95491
95492
95496
95497
95499
95500
95502
95504
95507
95509
95510
95512
95514
95518
95520
95521
95522
95524
95526
95527
95528
95529
95532
95533
95534
95535
95537
95541
95542
95544
95550
95551
95554
95555
95556
95557
95560
95561
95564
95565
95567
95569
95572
95574
95576
95582
95583
95584
95585
95586
95587
95588
95590
95592
95593
95594
95596
95597
95598
95599
95601
95602
95607
95608
95611
95615
95616
95618
95623
95624
95625
95626
95630
95631
95632
95633
95634
95636
95639
95644
95645
95646
95648
95650
95652
95654
95655
95656
95657
95658
95660
95661
95666
95668
95669
95671
95672
95676
95679
95680
95681
95684
95685
95686
95688
95691
95692
95693
95695
95697
95698
95699
95700
95702
95704
95705
95707
95708
95709
95710
95714
95715
95716
95717
95718
95721
95722
95726
95728
95732
95735
95738
95739
95741
95743
95744
95747
95750
95753
95754
95755
95758
95761
95763
95764
95765
95768
95769
95774
95776
95779
95780
95782
95784
95787
95792
95794
95795
95797
95798
95800
95803
95804
95805
95808
95809
95810
95811
95812
95813
95814
95815
95817
95819
95820
95821
95822
95825
95828
95829
95830
95831
95833
95834
95835
95837
95839
95840
95841
95845
95847
95848
95849
95850
95851
95852
95855
95856
95857
95858
95859
95860
95862
95865
95866
95868
95869
95873
95874
95875
95876
95877
95883
95884
95888
95889
95890
95891
95892
95893
95897
95898
95899
95900
95901
95902
95903
95904
95907
95908
95909
95910
95913
95918
95920
95922
95923
95924
95926
95927
95929
95930
95931
95933
95934
95938
95939
95940
95943
95944
95945
95947
95948
95950
95953
95955
95958
95959
95962
95963
95965
95966
95969
95970
95972
95975
95977
95978
95979
95980
95982
95983
95984
95985
95986
95987
95992
95993
95994
95996
95999
96004
96010
96013
96014
96016
96018
96021
96022
96025
96028
96030
96032
96036
96037
96039
96041
96042
96045
96048
96049
96050
96052
96053
96055
96059
96064
96069
96072
96073
96076
96078
96079
96081
96084
96086
96088
96089
96090
96091
96092
96093
96095
96097
96102
96103
96106
96107
96108
96109
96112
96113
96117
96118
96122
96123
96126
96127
96129
96130
96135
96136
96137
96140
96141
96143
96144
96145
96147
96148
96149
96150
96152
96156
96158
96160
96161
96162
96163
96165
96166
96171
96173
96174
96175
96176
96177
96179
96180
96183
96188
96191
96192
96193
96194
96195
96199
96203
96204
96205
96206
96208
96209
96211
96213
96214
96216
96221
96224
96225
96226
96230
96231
96232
96233
96234
96238
96239
96240
96242
96244
96246
96249
96250
96251
96254
96257
96258
96260
96262
96263
96266
96269
96272
96273
96274
96275
96276
96278
96280
96282
96285
96289
96292
96294
96296
96297
96298
96299
96302
96304
96305
96306
96310
96311
96313
96314
96317
96318
96321
96322
96323
96324
96325
96327
96331
96332
96333
96335
96338
96340
96342
96344
96345
96347
96348
96349
96350
96351
96353
96355
96356
96358
96360
96362
96364
96367
96368
96370
96374
96375
96376
96379
96381
96382
96383
96386
96387
96391
96392
96393
96399
96401
96402
96403
96405
96406
96407
96408
96410
96412
96413
96414
96415
96416
96417
96418
96420
96421
96423
96424
96425
96427
96430
96431
96435
96438
96439
96440
96442
96443
96444
96445
96446
96447
96449
96450
96452
96455
96457
96458
96462
96463
96465
96466
96467
96468
96469
96471
96473
96474
96475
96476
96477
96479
96480
96481
96483
96484
96489
96496
96500
96501
96502
96503
96504
96505
96510
96512
96513
96515
96516
96517
96518
96519
96523
96524
96528
96529
96530
96531
96532
96534
96535
96536
96537
96539
96540
96542
96543
96546
96547
96549
96550
96552
96554
96555
96556
96557
96559
96560
96563
96564
96565
96566
96568
96569
96572
96573
96574
96578
96581
96583
96584
96585
96586
96587
96588
96589
96590
96592
96593
96595
96596
96599
96600
96602
96603
96605
96606
96607
96608
96610
96611
96619
96620
96623
96625
96626
96627
96628
96631
96632
96634
96636
96639
96640
96641
96642
96644
96645
96646
96648
96649
96650
96651
96652
96656
96657
96658
96660
96662
96663
96664
96665
96667
96668
96669
96670
96671
96672
96675
96677
96678
96680
96681
96682
96683
96686
96687
96689
96691
96692
96693
96694
96696
96699
96700
96702
96703
96705
96706
96707
96708
96711
96713
96714
96715
96716
96718
96719
96721
96725
96729
96730
96731
96732
96734
96735
96737
96738
96741
96742
96749
96750
96751
96752
96754
96755
96756
96757
96759
96761
96763
96764
96765
96768
96769
96770
96772
96774
96775
96778
96780
96783
96784
96785
96786
96788
96789
96790
96791
96793
96795
96796
96798
96800
96802
96804
96805
96807
96808
96811
96814
96815
96816
96817
96819
96820
96821
96822
96825
96827
96829
96831
96832
96833
96834
96835
96836
96837
96838
96839
96840
96847
96850
96853
96854
96855
96857
96858
96859
96861
96863
96870
96872
96873
96875
96876
96877
96881
96882
96885
96886
96889
96892
96893
96895
96896
96897
96903
96904
96906
96907
96908
96910
96911
96915
96919
96920
96922
96924
96926
96928
96930
96932
96935
96936
96937
96938
96939
96942
96943
96945
96947
96951
96953
96955
96957
96962
96963
96965
96966
96968
96969
96972
96973
96974
96976
96977
96980
96985
96986
96987
96988
96989
96992
96994
96995
96996
96997
96998
97004
97007
97011
97014
97015
97016
97017
97018
97019
97020
97021
97022
97024
97027
97028
97030
97031
97032
97033
97037
97038
97040
97042
97043
97045
97047
97048
97051
97052
97054
97055
97058
97062
97063
97065
97067
97068
97071
97073
97074
97075
97076
97077
97078
97082
97084
97090
97091
97093
97094
97098
97099
97100
97101
97102
97105
97106
97107
97108
97109
97110
97111
97112
97113
97114
97117
97118
97120
97121
97122
97123
97124
97125
97126
97127
97129
97130
97131
97133
97135
97136
97139
97141
97143
97147
97149
97150
97152
97153
97154
97156
97158
97159
97160
97161
97162
97165
97166
97168
97169
97170
97171
97175
97176
97177
97178
97183
97188
97190
97191
97192
97193
97194
97195
97198
97199
97200
97202
97204
97206
97208
97209
97210
97211
97212
97213
97216
97219
97222
97224
97225
97226
97227
97233
97234
97235
97237
97242
97247
97248
97249
97250
97251
97255
97257
97258
97259
97260
97261
97263
97264
97265
97266
97267
97268
97270
97272
97274
97276
97278
97279
97280
97281
97282
97283
97287
97288
97292
97293
97294
97295
97296
97297
97299
97303
97304
97310
97313
97314
97316
97318
97319
97321
97322
97323
97324
97329
97331
97334
97335
97337
97338
97339
97341
97343
97345
97347
97348
97349
97351
97353
97354
97358
97360
97362
97363
97364
97365
97366
97367
97368
97370
97372
97375
97376
97377
97378
97379
97381
97382
97383
97384
97387
97388
97390
97391
97392
97394
97395
97396
97397
97398
97399
97400
97401
97404
97406
97408
97411
97413
97414
97418
97419
97424
97425
97426
97427
97428
97429
97430
97431
97433
97434
97435
97436
97440
97442
97443
97444
97449
97450
97452
97453
97456
97457
97459
97460
97461
97462
97463
97465
97468
97470
97471
97472
97473
97475
97477
97478
97481
97482
97485
97487
97489
97494
97495
97497
97500
97501
97503
97504
97506
97508
97509
97511
97512
97513
97515
97516
97517
97519
97520
97522
97523
97526
97528
97529
97532
97534
97536
97537
97539
97541
97543
97545
97546
97547
97548
97550
97551
97555
97556
97557
97558
97559
97561
97562
97566
97572
97575
97577
97579
97580
97581
97583
97585
97586
97587
97589
97590
97591
97592
97599
97604
97605
97606
97607
97608
97609
97610
97612
97613
97614
97615
97616
97618
97623
97627
97628
97630
97632
97633
97636
97639
97640
97643
97645
97649
97651
97652
97656
97659
97660
97662
97663
97664
97666
97667
97668
97669
97670
97671
97672
97673
97674
97675
97676
97677
97678
97680
97682
97686
97688
97690
97691
97692
97693
97694
97695
97698
97699
97700
97703
97704
97705
97707
97708
97710
97711
97712
97714
97716
97717
97718
97719
97720
97722
97723
97725
97728
97732
97734
97738
97740
97742
97746
97747
97749
97750
97751
97755
97757
97758
97759
97760
97761
97762
97764
97765
97766
97767
97769
97772
97773
97774
97775
97777
97779
97780
97781
97783
97784
97785
97786
97788
97789
97792
97793
97794
97797
97799
97800
97802
97805
97806
97807
97809
97810
97811
97812
97813
97814
97815
97816
97817
97822
97825
97826
97829
97830
97831
97833
97834
97836
97838
97839
97843
97846
97847
97848
97849
97852
97853
97855
97857
97860
97861
97862
97863
97869
97870
97872
97874
97876
97877
97878
97879
97881
97883
97887
97889
97892
97893
97894
97898
97900
97901
97902
97905
97909
97911
97912
97913
97914
97915
97918
97920
97923
97926
97928
97931
97933
97934
97939
97941
97942
97947
97948
97951
97952
97953
97954
97955
97956
97957
97959
97960
97961
97967
97968
97969
97974
97975
97976
97977
97981
97982
97984
97985
97986
97989
97990
97991
97994
97995
98000
98001
98004
98006
98008
98009
98010
98011
98012
98013
98014
98015
98016
98017
98018
98019
98021
98024
98025
98026
98028
98029
98030
98031
98033
98034
98036
98038
98040
98042
98045
98049
98052
98055
98056
98057
98058
98060
98062
98063
98064
98065
98067
98068
98071
98074
98077
98078
98079
98080
98081
98082
98083
98085
98086
98088
98089
98090
98091
98097
98099
98101
98102
98103
98105
98107
98109
98110
98113
98115
98116
98117
98120
98121
98122
98123
98124
98126
98127
98130
98132
98133
98135
98137
98138
98140
98142
98143
98144
98146
98147
98148
98149
98152
98153
98154
98155
98156
98157
98158
98159
98161
98163
98164
98167
98168
98169
98170
98173
98175
98177
98181
98182
98185
98187
98188
98190
98191
98192
98194
98195
98198
98199
98200
98201
98203
98204
98205
98207
98208
98209
98212
98213
98216
98219
98220
98221
98223
98224
98225
98226
98228
98229
98230
98231
98232
98234
98236
98238
98239
98240
98241
98242
98243
98245
98247
98248
98249
98250
98251
98252
98253
98255
98256
98259
98261
98262
98266
98267
98268
98269
98270
98271
98272
98273
98274
98275
98276
98277
98278
98279
98280
98281
98282
98283
98285
98287
98292
98297
98298
98300
98301
98305
98308
98309
98310
98311
98312
98313
98314
98315
98316
98317
98318
98320
98321
98322
98323
98326
98328
98330
98331
98332
98333
98336
98337
98338
98339
98341
98342
98343
98345
98348
98349
98353
98355
98356
98357
98358
98360
98362
98363
98364
98365
98366
98367
98371
98373
98375
98376
98378
98380
98382
98383
98385
98386
98391
98392
98394
98396
98397
98400
98402
98403
98404
98406
98408
98409
98410
98411
98413
98414
98415
98416
98419
98420
98421
98422
98423
98425
98427
98428
98429
98431
98432
98433
98435
98438
98439
98440
98441
98442
98444
98445
98447
98448
98449
98450
98452
98453
98456
98457
98462
98463
98464
98465
98466
98467
98468
98469
98471
98473
98474
98476
98477
98479
98483
98484
98485
98486
98488
98489
98490
98491
98496
98500
98503
98504
98505
98507
98508
98509
98511
98512
98514
98515
98517
98523
98525
98526
98527
98528
98529
98531
98533
98534
98536
98537
98539
98540
98542
98545
98546
98547
98549
98553
98554
98555
98556
98558
98559
98560
98562
98564
98565
98566
98567
98569
98571
98574
98575
98576
98577
98579
98582
98584
98586
98587
98588
98589
98590
98594
98596
98597
98598
98601
98602
98603
98604
98606
98607
98608
98611
98612
98614
98615
98616
98617
98618
98620
98623
98624
98625
98626
98627
98628
98629
98631
98632
98633
98635
98639
98640
98641
98642
98643
98648
98649
98650
98651
98652
98653
98654
98656
98657
98659
98660
98662
98663
98665
98666
98668
98669
98670
98671
98672
98676
98678
98679
98680
98681
98684
98686
98687
98689
98690
98691
98693
98696
98698
98699
98700
98701
98702
98705
98707
98708
98709
98710
98712
98714
98718
98719
98721
98722
98724
98726
98729
98731
98732
98733
98734
98735
98738
98739
98740
98744
98746
98749
98750
98751
98752
98755
98756
98757
98758
98759
98760
98762
98763
98764
98765
98766
98769
98771
98772
98774
98775
98778
98780
98784
98788
98789
98790
98791
98792
98793
98794
98796
98797
98798
98799
98800
98802
98804
98807
98808
98810
98811
98812
98813
98816
98818
98820
98822
98824
98827
98829
98831
98832
98833
98835
98839
98841
98843
98846
98847
98848
98849
98850
98851
98852
98853
98857
98858
98861
98862
98864
98866
98867
98868
98871
98872
98873
98874
98877
98878
98879
98881
98882
98883
98884
98885
98886
98889
98891
98893
98894
98896
98897
98898
98900
98901
98902
98904
98905
98907
98909
98911
98912
98913
98914
98915
98916
98917
98919
98920
98923
98925
98927
98928
98929
98930
98931
98933
98934
98935
98936
98937
98940
98941
98943
98945
98946
98948
98949
98950
98951
98952
98953
98954
98956
98960
98962
98963
98964
98965
98966
98967
98969
98973
98975
98978
98979
98980
98981
98982
98984
98985
98986
98987
98988
98989
98991
98992
98994
98995
98996
98997
99000
99001
99002
99003
99004
99005
99006
99008
99010
99012
99015
99016
99017
99018
99019
99020
99021
99022
99023
99024
99027
99029
99030
99032
99034
99035
99036
99037
99038
99040
99041
99042
99043
99044
99045
99047
99049
99050
99051
99052
99054
99057
99058
99059
99065
99066
99067
99068
99069
99071
99072
99073
99074
99075
99076
99077
99078
99079
99080
99081
99083
99084
99085
99088
99090
99091
99092
99093
99096
99097
99098
99100
99101
99104
99105
99106
99107
99108
99109
99111
99112
99114
99115
99118
99120
99121
99122
99123
99124
99126
99127
99131
99134
99135
99138
99142
99143
99145
99146
99147
99149
99150
99151
99153
99154
99155
99156
99157
99158
99159
99160
99163
99164
99165
99167
99168
99170
99171
99172
99173
99175
99176
99177
99179
99180
99183
99187
99188
99189
99191
99192
99194
99196
99199
99200
99202
99203
99206
99208
99209
99210
99211
99213
99214
99216
99219
99220
99222
99223
99224
99225
99227
99230
99232
99235
99237
99238
99240
99242
99244
99245
99246
99247
99250
99254
99255
99256
99257
99258
99260
99261
99263
99264
99267
99268
99270
99271
99272
99273
99275
99276
99278
99280
99281
99282
99283
99286
99288
99290
99291
99292
99294
99295
99298
99300
99301
99302
99306
99307
99308
99311
99313
99314
99315
99316
99317
99318
99324
99325
99326
99327
99329
99331
99332
99333
99335
99337
99338
99339
99342
99343
99344
99347
99350
99352
99353
99354
99356
99359
99361
99362
99364
99365
99367
99368
99369
99370
99373
99375
99377
99379
99380
99383
99385
99389
99390
99393
99394
99396
99397
99399
99400
99402
99403
99404
99405
99406
99411
99412
99414
99418
99419
99421
99423
99424
99427
99431
99432
99433
99434
99435
99437
99439
99441
99443
99445
99446
99447
99448
99450
99451
99453
99455
99456
99457
99458
99459
99460
99461
99462
99464
99468
99469
99470
99472
99473
99475
99476
99478
99479
99481
99483
99485
99486
99489
99491
99494
99495
99498
99499
99501
99503
99504
99505
99506
99507
99511
99513
99516
99517
99519
99521
99523
99525
99526
99527
99528
99532
99533
99535
99536
99538
99540
99542
99544
99545
99546
99547
99548
99549
99551
99554
99555
99556
99558
99559
99560
99561
99563
99564
99566
99568
99569
99570
99571
99573
99574
99579
99580
99581
99582
99583
99584
99585
99586
99587
99593
99595
99596
99597
99598
99603
99604
99605
99608
99609
99610
99612
99614
99615
99616
99617
99619
99620
99623
99624
99625
99626
99628
99629
99630
99631
99633
99634
99635
99636
99637
99639
99640
99641
99643
99647
99649
99651
99653
99654
99658
99659
99660
99662
99665
99666
99669
99670
99671
99672
99673
99674
99675
99677
99679
99681
99682
99685
99688
99690
99691
99692
99693
99695
99696
99697
99699
99701
99702
99704
99706
99709
99710
99712
99715
99716
99718
99719
99722
99724
99725
99726
99727
99729
99731
99732
99734
99735
99736
99737
99738
99739
99741
99742
99743
99744
99745
99747
99748
99750
99751
99752
99753
99754
99755
99758
99759
99761
99762
99763
99764
99765
99766
99767
99769
99771
99773
99774
99775
99777
99778
99780
99781
99784
99785
99786
99787
99788
99789
99790
99791
99795
99798
99799
99800
99802
99803
99804
99807
99808
99809
99810
99812
99814
99815
99816
99818
99822
99824
99825
99826
99827
99830
99831
99832
99833
99835
99837
99839
99840
99841
99842
99843
99845
99846
99848
99849
99850
99851
99852
99853
99854
99855
99856
99857
99860
99861
99863
99864
99865
99866
99868
99869
99870
99871
99872
99873
99874
99877
99879
99884
99885
99886
99887
99888
99890
99891
99895
99896
99897
99898
99900
99901
99902
99904
99906
99907
99909
99911
99913
99914
99915
99916
99919
99920
99921
99925
99926
99927
99929
99930
99931
99932
99934
99935
99939
99941
99942
99943
99944
99945
99946
99947
99948
99949
99950
99951
99952
99954
99955
99956
99960
99961
99963
99965
99966
99968
99969
99970
99971
99972
99973
99974
99975
99976
99977
99978
99980
99981
99982
99983
99984
99985
99987
99989
99990
99991
99992
99993
99994
99995
99996
99997
99998
99999
100000
100003
100004
100005
100006
100007
100009
100010
100011
100012
100013
100014
100015
100016
100017
100018
100019
100020
100021
100023
100024
100025
100026
100027
100028
100029
100030
100031
100032
100035
100037
100038
100040
100041
100043
100044
100047
100049
100050
100051
100053
100055
100057
100058
100060
100061
100062
100063
100065
100066
100069
100070
100071
100072
100073
100074
100075
100077
100079
100080
100083
100084
100085
100086
100087
100088
100091
100093
100095
100096
100097
100098
100099
100100
100101
100102
100103
100104
100108
100109
100112
100114
100115
100117
100119
100121
100122
100125
100126
100127
100130
100131
100133
100134
100135
100136
100137
100138
100139
100140
100143
100146
100147
100149
100151
100152
100153
100155
100156
100157
100158
100159
100161
100164
100165
100167
100169
100170
100171
100172
100174
100175
100177
100178
100181
100182
100183
100185
100186
100188
100190
100191
100192
100193
100194
100196
100197
100198
100199
100200
100202
100203
100208
100209
100210
100212
100213
100214
100215
100217
100219
100220
100223
100224
100227
100228
100229
100230
100231
100232
100234
100235
100236
100237
100238
100240
100242
100244
100245
100246
100248
100251
100252
100254
100256
100259
100260
100261
100262
100264
100265
100267
100268
100270
100271
100272
100276
100277
100278
100279
100280
100281
100282
100285
100286
100288
100290
100292
100294
100295
100296
100297
100298
100299
100300
100301
100302
100305
100306
100309
100310
100311
100312
100314
100316
100317
100318
100320
100321
100323
100324
100326
100327
100329
100330
100331
100334
100336
100341
100342
100343
100344
100345
100346
100347
100348
100350
100352
100358
100365
100366
100367
100369
100370
100371
100373
100374
100376
100377
100379
100380
100381
100382
100384
100386
100387
100392
100394
100396
100397
100398
100399
100401
100402
100403
100404
100405
100407
100409
100410
100412
100413
100414
100417
100418
100419
100421
100423
100425
100426
100428
100429
100430
100434
100435
100437
100438
100440
100443
100444
100445
100446
100448
100449
100450
100452
100454
100455
100457
100460
100461
100462
100463
100464
100465
100466
100467
100469
100471
100472
100473
100474
100476
100479
100480
100481
100482
100483
100484
100485
100488
100490
100491
100492
100497
100498
100499
100500
100501
100503
100504
100505
100506
100507
100508
100510
100511
100512
100513
100514
100515
100517
100518
100519
100520
100521
100523
100524
100525
100527
100528
100529
100531
100532
100533
100534
100535
100536
100537
100540
100543
100547
100548
100550
100551
100552
100553
100554
100556
100557
100558
100559
100561
100562
100563
100564
100566
100567
100570
100572
100573
100574
100575
100576
100579
100581
100582
100583
100586
100588
100591
100592
100593
100600
100601
100602
100603
100604
100605
100606
100608
100609
100613
100615
100618
100621
100622
100626
100628
100629
100630
100631
100632
100633
100634
100636
100637
100638
100639
100641
100643
100644
100645
100646
100649
100650
100651
100652
100653
100654
100655
100657
100660
100662
100666
100667
100669
100670
100672
100673
100674
100676
100678
100679
100680
100681
100683
100685
100687
100688
100690
100691
100692
100693
100694
100699
100700
100701
100702
100703
100704
100707
100708
100710
100714
100715
100716
100717
100718
100719
100720
100721
100722
100723
100728
100729
100731
100733
100734
100736
100737
100739
100742
100744
100745
100746
100747
100748
100750
100751
100753
100754
100757
100758
100759
100760
100762
100764
100766
100767
100770
100771
100772
100773
100774
100775
100777
100778
100780
100781
100786
100787
100789
100790
100792
100793
100794
100796
100799
100801
100802
100803
100804
100806
100807
100809
100810
100811
100813
100814
100818
100819
100820
100821
100823
100825
100826
100827
100829
100830
100831
100832
100834
100835
100836
100837
100838
100839
100840
100843
100844
100845
100846
100847
100848
100850
100851
100852
100854
100855
100856
100857
100860
100863
100866
100870
100871
100873
100874
100875
100876
100878
100879
100881
100882
100886
100887
100888
100889
100890
100891
100893
100895
100898
100899
100900
100903
100907
100908
100910
100911
100912
100913
100915
100918
100919
100921
100922
100923
100925
100926
100927
100928
100929
100933
100934
100935
100936
100937
100938
100941
100942
100944
100945
100946
100948
100949
100950
100952
100953
100955
100957
100963
100964
100965
100968
100969
100971
100974
100976
100977
100979
100980
100981
100982
100983
100985
100986
100987
100988
100989
100990
100995
100996
100997
100998
101000
101003
101004
101005
101006
101008
101009
101011
101012
101014
101015
101016
101017
101019
101020
101021
101023
101024
101025
101026
101027
101028
101029
101030
101031
101032
101033
101035
101036
101037
101039
101040
101041
101042
101044
101045
101047
101048
101049
101050
101051
101052
101054
101055
101056
101057
101059
101060
101061
101063
101064
101065
101068
101069
101070
101071
101074
101075
101076
101077
101078
101080
101081
101084
101085
101086
101087
101088
101089
101093
101096
101097
101099
101100
101101
101103
101104
101105
101106
101107
101108
101109
101110
101112
101113
101114
101115
101116
101117
101119
101120
101121
101122
101123
101124
101125
101126
101128
101129
101130
101131
101133
101134
101137
101138
101140
101141
101142
101144
101145
101146
101147
101148
101149
101151
101152
101153
101154
101157
101160
101162
101163
101164
101166
101167
101169
101171
101173
101174
101175
101176
101178
101180
101181
101182
101183
101186
101187
101188
101189
101190
101192
101193
101195
101197
101198
101200
101201
101202
101203
101204
101205
101206
101207
101208
101209
101210
101212
101213
101215
101216
101217
101219
101220
101224
101226
101229
101233
101236
101237
101238
101239
101241
101246
101247
101248
101250
101253
101254
101255
101256
101259
101261
101263
101265
101268
101269
101270
101271
101272
101277
101278
101280
101281
101284
101285
101286
101287
101289
101290
101292
101293
101294
101295
101296
101299
101301
101305
101307
101308
101309
101310
101311
101312
101313
101314
101315
101316
101321
101322
101324
101325
101327
101328
101329
101331
101333
101334
101336
101337
101338
101339
101342
101343
101344
101345
101346
101349
101351
101352
101354
101355
101356
101357
101358
101360
101364
101366
101367
101372
101374
101376
101379
101380
101383
101384
101385
101387
101389
101390
101393
101395
101396
101398
101399
101401
101402
101403
101404
101406
101407
101408
101409
101410
101411
101413
101414
101415
101416
101418
101422
101423
101427
101428
101429
101430
101432
101433
101437
101438
101439
101440
101442
101443
101444
101445
101446
101447
101448
101451
101454
101455
101456
101459
101462
101465
101469
101470
101471
101472
101473
101474
101475
101476
101477
101479
101480
101481
101484
101485
101486
101487
101488
101489
101490
101491
101492
101493
101494
101495
101496
101497
101498
101500
101501
101503
101504
101505
101508
101510
101511
101512
101514
101518
101520
101521
101522
101523
101524
101525
101527
101529
101530
101532
101533
101536
101542
101544
101545
101546
101547
101548
101549
101552
101553
101554
101555
101557
101558
101559
101560
101562
101564
101565
101566
101567
101568
101569
101570
101571
101572
101574
101575
101576
101577
101578
101579
101582
101583
101585
101586
101587
101589
101590
101591
101594
101595
101597
101601
101604
101608
101609
101610
101611
101613
101614
101615
101616
101617
101619
101621
101622
101623
101624
101625
101629
101633
101634
101635
101636
101637
101639
101644
101645
101647
101648
101649
101651
101652
101654
101660
101661
101663
101666
101667
101668
101669
101670
101672
101673
101674
101676
101677
101678
101679
101680
101681
101682
101684
101685
101687
101688
101690
101692
101693
101696
101697
101698
101699
101705
101706
101707
101709
101712
101713
101715
101716
101719
101720
101721
101723
101724
101725
101726
101727
101728
101729
101731
101733
101734
101736
101737
101739
101740
101741
101742
101743
101744
101745
101746
101749
101751
101753
101755
101756
101757
101758
101760
101761
101762
101763
101765
101766
101767
101768
101769
101770
101774
101777
101778
101780
101781
101782
101785
101786
101787
101788
101793
101794
101795
101798
101800
101802
101804
101805
101807
101808
101809
101810
101813
101814
101817
101818
101819
101820
101822
101824
101827
101828
101829
101830
101833
101834
101838
101840
101842
101844
101846
101847
101848
101849
101850
101851
101853
101859
101860
101861
101866
101869
101870
101871
101872
101873
101874
101877
101878
101881
101882
101883
101884
101886
101887
101888
101889
101892
101893
101895
101897
101898
101899
101900
101901
101903
101905
101906
101909
101910
101911
101912
101913
101914
101916
101918
101919
101921
101922
101923
101924
101925
101926
101927
101928
101929
101930
101931
101933
101934
101936
101941
101943
101944
101948
101949
101950
101952
101957
101958
101959
101960
101962
101963
101964
101965
101967
101968
101969
101971
101973
101974
101975
101978
101979
101980
101981
101983
101984
101985
101986
101987
101988
101990
101991
101992
101993
101998
102000
102001
102002
102003
102004
102007
102009
102010
102011
102012
102013
102014
102015
102016
102017
102020
102022
102023
102024
102027
102028
102029
102030
102032
102033
102034
102035
102039
102042
102044
102045
102047
102048
102049
102050
102051
102052
102053
102057
102060
102061
102062
102063
102064
102067
102070
102071
102072
102073
102074
102075
102078
102079
102081
102082
102083
102084
102085
102086
102088
102089
102090
102092
102094
102095
102096
102100
102104
102105
102106
102107
102108
102109
102110
102111
102113
102114
102116
102119
102120
102121
102122
102123
102125
102126
102127
102128
102129
102130
102132
102133
102136
102137
102139
102140
102141
102144
102146
102147
102148
102150
102151
102152
102153
102155
102156
102158
102159
102160
102161
102162
102164
102165
102166
102169
102173
102174
102176
102177
102181
102182
102185
102186
102187
102189
102191
102193
102195
102196
102197
102199
102200
102202
102203
102204
102205
102206
102208
102213
102215
102216
102218
102220
102221
102223
102224
102226
102228
102233
102235
102236
102237
102238
102239
102240
102241
102243
102245
102248
102249
102252
102254
102256
102257
102258
102262
102266
102267
102269
102271
102272
102273
102274
102275
102279
102280
102281
102284
102285
102288
102291
102292
102294
102295
102296
102298
102302
102303
102304
102305
102306
102311
102312
102315
102316
102317
102319
102320
102322
102323
102324
102325
102326
102327
102331
102332
102333
102334
102336
102337
102339
102340
102341
102342
102343
102347
102348
102349
102351
102352
102353
102354
102359
102361
102363
102364
102365
102366
102367
102368
102369
102370
102372
102375
102378
102379
102380
102381
102383
102386
102387
102389
102390
102391
102392
102393
102394
102395
102397
102398
102400
102402
102407
102408
102409
102410
102411
102412
102415
102416
102418
102420
102421
102422
102423
102424
102425
102426
102427
102431
102432
102436
102437
102438
102439
102440
102441
102447
102450
102452
102455
102456
102457
102461
102462
102463
102464
102466
102467
102468
102469
102470
102473
102475
102476
102477
102478
102479
102480
102481
102482
102484
102487
102489
102490
102491
102493
102494
102495
102498
102499
102500
102501
102502
102503
102504
102505
102507
102509
102510
102511
102513
102514
102517
102518
102519
102520
102521
102523
102524
102525
102526
102527
102528
102529
102530
102531
102532
102533
102534
102537
102539
102540
102541
102543
102544
102547
102548
102550
102551
102552
102554
102555
102556
102557
102558
102559
102560
102561
102563
102566
102567
102569
102571
102572
102574
102577
102578
102579
102581
102582
102583
102587
102589
102591
102592
102593
102594
102595
102596
102597
102600
102601
102602
102603
102604
102605
102606
102607
102614
102615
102618
102619
102620
102622
102623
102624
102625
102626
102627
102628
102629
102631
102632
102633
102635
102636
102638
102639
102640
102644
102645
102647
102648
102650
102651
102652
102653
102655
102656
102657
102658
102659
102660
102661
102662
102667
102668
102669
102670
102671
102674
102675
102677
102679
102680
102681
102682
102683
102686
102687
102688
102689
102690
102691
102694
102696
102697
102700
102701
102702
102704
102705
102706
102711
102713
102714
102715
102716
102718
102719
102721
102722
102723
102724
102726
102728
102729
102731
102733
102734
102735
102737
102738
102740
102741
102742
102745
102746
102747
102749
102751
102752
102753
102754
102756
102757
102758
102759
102760
102762
102764
102766
102768
102769
102770
102771
102773
102774
102775
102776
102777
102778
102780
102781
102782
102783
102785
102786
102793
102794
102795
102797
102798
102799
102802
102803
102804
102805
102807
102808
102809
102811
102812
102813
102814
102817
102818
102819
102822
102824
102827
102830
102831
102833
102834
102835
102837
102838
102839
102840
102842
102843
102844
102845
102847
102848
102849
102850
102852
102853
102855
102858
102859
102860
102861
102862
102863
102864
102868
102869
102872
102873
102875
102876
102877
102878
102879
102880
102881
102884
102885
102887
102888
102892
102893
102894
102897
102900
102901
102902
102904
102905
102909
102910
102911
102912
102914
102915
102917
102918
102919
102920
102921
102922
102924
102927
102928
102929
102930
102932
102935
102938
102942
102947
102948
102949
102950
102951
102952
102953
102954
102955
102957
102958
102960
102961
102962
102963
102964
102966
102968
102969
102970
102971
102973
102974
102975
102977
102980
102981
102982
102983
102985
102986
102987
102988
102992
102994
102996
102998
102999
103000
103002
103003
103005
103006
103007
103008
103009
103010
103012
103013
103014
103015
103016
103020
103022
103023
103024
103026
103027
103030
103033
103034
103035
103036
103037
103039
103040
103043
103044
103045
103046
103048
103050
103051
103052
103054
103055
103057
103058
103059
103061
103063
103064
103065
103067
103069
103070
103072
103073
103077
103078
103079
103080
103082
103083
103085
103086
103087
103088
103089
103090
103092
103093
103094
103095
103096
103097
103100
103102
103104
103105
103106
103107
103110
103114
103115
103116
103118
103119
103121
103122
103123
103125
103126
103127
103128
103129
103131
103132
103134
103135
103136
103138
103139
103141
103143
103145
103150
103151
103153
103155
103156
103157
103158
103159
103160
103161
103165
103167
103169
103170
103171
103172
103174
103178
103179
103181
103182
103187
103188
103189
103190
103192
103194
103195
103197
103198
103200
103204
103205
103206
103207
103209
103210
103211
103213
103218
103219
103220
103221
103222
103225
103227
103231
103232
103233
103234
103235
103238
103240
103241
103243
103244
103246
103250
103252
103253
103254
103255
103256
103257
103261
103262
103263
103265
103267
103268
103269
103271
103272
103273
103274
103275
103276
103278
103280
103282
103283
103284
103286
103287
103291
103294
103296
103297
103299
103301
103302
103304
103305
103307
103309
103312
103313
103314
103315
103317
103319
103320
103324
103325
103326
103327
103328
103329
103330
103331
103333
103334
103335
103337
103339
103341
103342
103343
103344
103345
103349
103350
103355
103357
103358
103359
103360
103361
103362
103363
103364
103366
103369
103370
103371
103372
103373
103374
103377
103378
103379
103381
103382
103383
103387
103388
103389
103390
103392
103395
103396
103399
103400
103401
103402
103403
103404
103405
103406
103409
103414
103415
103416
103417
103418
103420
103421
103422
103423
103424
103426
103428
103429
103430
103431
103433
103434
103435
103436
103438
103440
103442
103443
103445
103448
103449
103450
103451
103452
103453
103454
103455
103456
103457
103458
103460
103461
103462
103463
103464
103465
103466
103467
103469
103470
103472
103475
103476
103477
103478
103479
103481
103483
103484
103486
103488
103489
103494
103495
103498
103499
103500
103501
103502
103503
103504
103505
103507
103509
103510
103511
103513
103515
103517
103518
103520
103521
103523
103524
103526
103527
103529
103531
103532
103533
103534
103535
103536
103537
103538
103541
103542
103543
103544
103546
103549
103550
103551
103552
103555
103558
103559
103560
103561
103567
103568
103573
103574
103576
103579
103580
103582
103583
103585
103586
103588
103589
103590
103591
103593
103594
103599
103600
103601
103603
103604
103605
103607
103608
103609
103611
103612
103614
103615
103616
103617
103619
103620
103621
103622
103623
103626
103628
103629
103630
103631
103632
103633
103635
103636
103637
103640
103641
103643
103644
103646
103647
103649
103650
103651
103655
103656
103658
103660
103661
103662
103663
103665
103668
103672
103673
103674
103677
103678
103679
103681
103682
103683
103684
103686
103687
103688
103691
103692
103693
103695
103696
103697
103699
103701
103703
103704
103705
103708
103709
103711
103712
103713
103714
103715
103716
103717
103718
103720
103721
103722
103723
103724
103725
103729
103730
103731
103734
103737
103738
103739
103741
103742
103743
103744
103747
103748
103750
103751
103753
103754
103755
103756
103758
103759
103762
103763
103765
103767
103768
103769
103771
103772
103773
103774
103777
103778
103781
103782
103785
103786
103788
103789
103790
103792
103796
103797
103800
103801
103804
103805
103806
103807
103808
103810
103813
103815
103816
103817
103818
103819
103820
103821
103822
103824
103825
103826
103828
103829
103830
103831
103834
103835
103837
103838
103839
103841
103842
103844
103845
103847
103848
103850
103851
103852
103853
103854
103855
103856
103857
103858
103859
103860
103861
103862
103863
103865
103866
103867
103868
103870
103872
103873
103874
103875
103876
103877
103878
103879
103880
103881
103885
103886
103889
103891
103893
103895
103896
103899
103902
103906
103909
103910
103912
103913
103915
103916
103918
103919
103920
103922
103923
103925
103929
103930
103931
103934
103935
103937
103938
103940
103941
103942
103943
103948
103949
103951
103952
103954
103955
103958
103960
103964
103965
103966
103967
103968
103969
103970
103971
103972
103976
103977
103979
103980
103981
103982
103983
103986
103987
103988
103989
103990
103992
103993
103994
103996
103997
103998
104000
104001
104002
104003
104004
104005
104006
104007
104008
104009
104010
104016
104018
104019
104020
104024
104025
104026
104028
104032
104034
104036
104037
104038
104039
104040
104042
104043
104044
104045
104046
104048
104049
104050
104051
104052
104053
104054
104055
104056
104058
104059
104061
104062
104063
104066
104069
104070
104071
104072
104073
104074
104075
104076
104078
104079
104081
104085
104086
104091
104092
104094
104098
104100
104101
104103
104106
104107
104110
104111
104113
104114
104115
104116
104117
104118
104119
104121
104123
104124
104126
104127
104129
104130
104132
104134
104135
104136
104137
104139
104140
104141
104142
104144
104145
104146
104147
104149
104151
104153
104155
104156
104157
104160
104161
104164
104165
104166
104168
104173
104178
104179
104180
104181
104182
104183
104184
104187
104188
104189
104190
104191
104196
104197
104198
104199
104202
104203
104205
104207
104208
104209
104211
104212
104213
104214
104217
104218
104221
104223
104224
104227
104229
104230
104231
104234
104236
104237
104238
104239
104240
104241
104245
104246
104247
104250
104251
104252
104253
104254
104255
104256
104258
104260
104261
104264
104265
104267
104269
104271
104273
104274
104275
104276
104277
104278
104279
104283
104284
104286
104287
104288
104289
104292
104294
104295
104296
104300
104301
104303
104304
104306
104309
104310
104311
104313
104314
104315
104316
104317
104319
104321
104322
104323
104324
104325
104326
104329
104331
104332
104333
104334
104336
104337
104339
104340
104341
104343
104344
104345
104346
104348
104349
104350
104352
104353
104354
104356
104357
104359
104361
104363
104366
104367
104368
104369
104371
104372
104373
104377
104385
104386
104387
104388
104390
104391
104392
104393
104394
104395
104397
104398
104399
104402
104409
104410
104411
104413
104414
104417
104418
104419
104420
104423
104424
104425
104426
104427
104430
104431
104432
104433
104435
104436
104437
104438
104439
104440
104441
104442
104445
104446
104448
104449
104450
104454
104456
104457
104460
104463
104464
104465
104471
104474
104475
104478
104480
104481
104482
104484
104485
104487
104490
104491
104492
104495
104496
104497
104499
104500
104503
104504
104505
104507
104509
104510
104511
104512
104513
104514
104516
104517
104520
104521
104523
104525
104526
104527
104528
104530
104531
104533
104534
104535
104540
104541
104542
104543
104544
104545
104546
104547
104548
104550
104553
104554
104555
104559
104562
104565
104566
104567
104568
104569
104571
104573
104574
104576
104578
104579
104580
104582
104584
104585
104586
104587
104589
104591
104592
104593
104598
104599
104600
104601
104602
104603
104605
104607
104608
104609
104611
104613
104614
104616
104617
104618
104621
104622
104629
104630
104631
104632
104633
104634
104635
104636
104637
104639
104640
104642
104644
104645
104646
104648
104650
104651
104652
104653
104654
104655
104659
104660
104663
104665
104666
104667
104668
104669
104671
104673
104674
104678
104680
104683
104684
104686
104687
104688
104690
104693
104694
104697
104702
104703
104706
104709
104711
104716
104718
104719
104720
104721
104722
104723
104725
104727
104728
104730
104731
104734
104735
104736
104738
104739
104740
104741
104742
104745
104746
104747
104748
104750
104752
104753
104755
104756
104757
104760
104761
104764
104765
104767
104769
104770
104771
104772
104775
104776
104778
104780
104781
104782
104783
104784
104786
104789
104790
104792
104793
104794
104795
104797
104799
104802
104803
104806
104807
104809
104810
104811
104813
104814
104817
104818
104821
104823
104824
104826
104827
104828
104829
104831
104833
104835
104836
104837
104838
104842
104845
104846
104848
104850
104851
104852
104853
104855
104856
104858
104860
104862
104863
104865
104867
104869
104870
104871
104872
104873
104874
104876
104877
104878
104880
104882
104884
104885
104886
104887
104888
104889
104892
104893
104896
104897
104898
104899
104900
104902
104904
104905
104906
104907
104908
104909
104911
104912
104913
104915
104917
104919
104920
104923
104924
104925
104926
104927
104928
104929
104931
104932
104934
104937
104938
104939
104940
104941
104942
104944
104946
104947
104949
104951
104952
104954
104955
104957
104958
104959
104960
104961
104962
104963
104964
104965
104967
104969
104972
104973
104974
104975
104976
104981
104982
104983
104984
104985
104986
104988
104990
104991
104992
104993
104994
104997
104998
104999
105000
105003
105004
105006
105007
105009
105010
105011
105012
105013
105014
105015
105018
105020
105021
105022
105023
105024
105026
105027
105028
105029
105030
105031
105035
105036
105037
105039
105040
105042
105047
105048
105050
105053
105054
105058
105060
105069
105070
105071
105072
105073
105074
105075
105076
105079
105080
105081
105082
105083
105084
105086
105088
105089
105091
105092
105093
105094
105095
105096
105099
105100
105101
105105
105109
105110
105111
105112
105113
105115
105116
105117
105118
105119
105121
105122
105123
105127
105130
105134
105135
105136
105139
105141
105142
105145
105146
105147
105154
105155
105156
105157
105159
105161
105163
105166
105167
105168
105169
105174
105176
105177
105180
105181
105183
105184
105187
105188
105189
105191
105193
105194
105195
105196
105197
105198
105199
105203
105205
105207
105208
105209
105210
105211
105216
105218
105219
105220
105223
105225
105226
105231
105232
105233
105236
105237
105239
105240
105241
105243
105244
105245
105248
105249
105250
105251
105252
105253
105254
105255
105260
105266
105267
105268
105270
105273
105274
105277
105279
105280
105281
105283
105285
105288
105289
105290
105291
105293
105294
105297
105300
105306
105307
105309
105310
105311
105312
105314
105318
105319
105321
105322
105323
105324
105325
105329
105330
105331
105332
105333
105336
105337
105339
105340
105344
105347
105348
105349
105350
105352
105353
105355
105356
105357
105358
105359
105360
105361
105362
105364
105365
105368
105369
105371
105374
105375
105376
105377
105378
105379
105382
105383
105384
105385
105386
105388
105389
105391
105394
105396
105398
105399
105401
105403
105405
105406
105410
105411
105412
105414
105417
105418
105420
105421
105422
105423
105427
105428
105430
105431
105433
105434
105435
105436
105437
105439
105440
105441
105442
105444
105446
105448
105449
105450
105451
105452
105453
105454
105455
105457
105459
105464
105465
105466
105467
105469
105470
105471
105472
105473
105474
105475
105477
105478
105479
105480
105482
105483
105484
105485
105486
105487
105489
105490
105491
105492
105493
105496
105497
105500
105501
105505
105506
105508
105511
105512
105513
105514
105515
105516
105520
105522
105523
105524
105525
105526
105527
105528
105532
105533
105535
105537
105539
105541
105542
105545
105546
105548
105549
105551
105553
105554
105556
105557
105559
105560
105561
105563
105565
105566
105568
105569
105571
105572
105573
105575
105576
105577
105579
105581
105582
105583
105585
105587
105588
105590
105594
105595
105596
105597
105598
105600
105603
105604
105605
105606
105611
105612
105613
105615
105616
105619
105620
105621
105622
105623
105625
105626
105629
105631
105632
105633
105634
105635
105636
105638
105639
105640
105643
105644
105648
105650
105651
105655
105658
105660
105666
105667
105668
105669
105670
105671
105673
105674
105675
105677
105678
105680
105683
105688
105689
105692
105693
105694
105695
105696
105700
105701
105703
105704
105708
105710
105711
105712
105713
105716
105718
105720
105724
105727
105728
105730
105735
105736
105738
105739
105740
105742
105743
105744
105748
105749
105751
105753
105757
105759
105765
105767
105768
105771
105772
105777
105778
105780
105781
105782
105783
105785
105787
105788
105790
105792
105793
105794
105795
105798
105799
105800
105801
105804
105808
105810
105811
105812
105814
105815
105816
105818
105819
105822
105824
105825
105826
105827
105829
105830
105831
105832
105833
105834
105835
105836
105838
105839
105840
105843
105844
105845
105846
105849
105850
105851
105852
105854
105855
105858
105859
105860
105861
105862
105863
105864
105867
105868
105869
105870
105873
105876
105878
105881
105882
105883
105884
105885
105886
105888
105889
105890
105891
105892
105893
105897
105900
105901
105904
105906
105911
105912
105914
105915
105919
105920
105921
105922
105924
105925
105928
105929
105931
105935
105936
105938
105939
105942
105943
105944
105945
105946
105951
105952
105953
105957
105959
105960
105961
105963
105965
105966
105967
105968
105972
105973
105974
105976
105977
105979
105983
105985
105986
105987
105988
105989
105990
105991
105992
105993
105996
105997
105998
106000
106001
106005
106009
106010
106011
106016
106018
106020
106021
106025
106026
106027
106031
106032
106036
106037
106039
106040
106041
106042
106047
106048
106049
106050
106054
106055
106056
106060
106061
106062
106063
106064
106065
106066
106067
106068
106069
106071
106073
106075
106077
106079
106085
106087
106089
106090
106092
106093
106096
106097
106103
106104
106105
106106
106107
106108
106109
106111
106112
106115
106117
106118
106119
106120
106121
106123
106124
106126
106127
106128
106129
106130
106131
106132
106133
106134
106135
106137
106138
106139
106140
106141
106142
106143
106144
106145
106147
106149
106151
106154
106155
106156
106158
106159
106161
106165
106166
106168
106170
106172
106173
106175
106177
106179
106180
106181
106182
106183
106184
106185
106186
106187
106188
106189
106190
106192
106194
106195
106198
106200
106201
106202
106203
106204
106206
106207
106209
106210
106211
106213
106214
106215
106216
106218
106219
106221
106222
106224
106225
106227
106228
106229
106231
106232
106233
106236
106237
106238
106239
106241
106242
106245
106246
106249
106251
106252
106253
106254
106255
106257
106258
106259
106261
106264
106267
106268
106272
106275
106279
106280
106281
106282
106283
106284
106285
106286
106288
106291
106292
106294
106295
106296
106298
106299
106300
106301
106304
106305
106306
106307
106308
106309
106310
106313
106315
106317
106318
106319
106320
106321
106322
106323
106324
106325
106327
106330
106333
106336
106338
106339
106340
106343
106346
106349
106351
106352
106355
106356
106358
106361
106365
106366
106367
106370
106371
106372
106373
106374
106376
106377
106378
106379
106380
106381
106383
106385
106386
106389
106390
106391
106393
106395
106396
106397
106398
106399
106401
106403
106405
106407
106408
106409
106410
106411
106413
106414
106415
106417
106418
106420
106430
106432
106436
106437
106438
106440
106442
106446
106449
106450
106455
106456
106458
106459
106460
106464
106465
106467
106471
106472
106474
106475
106478
106479
106480
106483
106484
106486
106487
106488
106491
106493
106495
106496
106498
106499
106502
106506
106509
106510
106511
106514
106517
106518
106519
106521
106524
106525
106526
106527
106530
106534
106538
106539
106540
106543
106544
106550
106551
106552
106553
106554
106557
106558
106559
106561
106563
106564
106566
106573
106574
106577
106578
106579
106581
106582
106584
106587
106590
106591
106592
106596
106598
106600
106601
106602
106603
106604
106605
106606
106609
106610
106611
106612
106613
106614
106615
106616
106617
106619
106621
106625
106626
106627
106628
106629
106630
106631
106633
106634
106635
106636
106637
106638
106643
106644
106648
106650
106651
106652
106653
106654
106655
106657
106659
106661
106663
106665
106668
106669
106670
106671
106672
106673
106674
106675
106676
106677
106678
106679
106680
106681
106682
106685
106687
106691
106694
106695
106696
106697
106701
106703
106704
106706
106707
106708
106709
106710
106711
106712
106713
106715
106720
106723
106724
106726
106727
106729
106731
106733
106734
106737
106739
106742
106744
106745
106746
106750
106752
106761
106762
106763
106764
106765
106767
106769
106772
106773
106774
106778
106780
106781
106783
106785
106789
106790
106792
106793
106794
106796
106797
106800
106801
106802
106803
106807
106808
106811
106813
106814
106816
106819
106821
106822
106826
106828
106833
106834
106835
106838
106844
106845
106846
106848
106849
106853
106854
106855
106857
106858
106860
106863
106865
106866
106868
106869
106872
106877
106878
106881
106883
106884
106887
106888
106889
106890
106891
106893
106894
106896
106897
106898
106899
106900
106903
106905
106908
106909
106910
106911
106912
106913
106915
106917
106920
106921
106922
106925
106926
106928
106929
106930
106932
106933
106934
106935
106937
106941
106943
106944
106945
106946
106947
106948
106949
106953
106954
106956
106957
106958
106959
106960
106961
106962
106964
106969
106970
106971
106972
106973
106976
106978
106979
106982
106983
106984
106985
106987
106988
106989
106990
106991
106992
106993
106997
106998
106999
107000
107001
107002
107003
107004
107005
107006
107008
107009
107010
107011
107013
107014
107015
107019
107020
107024
107027
107030
107031
107032
107033
107038
107040
107041
107042
107045
107046
107047
107050
107055
107056
107057
107059
107060
107062
107064
107065
107070
107071
107077
107078
107081
107082
107083
107085
107086
107087
107090
107091
107092
107093
107094
107095
107096
107097
107099
107100
107101
107102
107103
107105
107106
107108
107109
107110
107111
107112
107113
107114
107115
107117
107118
107119
107122
107125
107126
107127
107128
107130
107131
107135
107139
107140
107142
107144
107145
107147
107148
107149
107150
107151
107152
107153
107154
107158
107159
107160
107163
107164
107166
107167
107168
107169
107170
107171
107172
107175
107176
107177
107180
107181
107182
107184
107186
107187
107188
107189
107190
107200
107201
107204
107206
107208
107209
107211
107213
107214
107215
107216
107218
107219
107220
107221
107225
107226
107227
107232
107235
107236
107237
107240
107241
107244
107245
107247
107248
107250
107251
107255
107256
107257
107258
107260
107263
107264
107270
107274
107275
107276
107277
107278
107282
107283
107284
107285
107290
107292
107293
107295
107297
107299
107300
107301
107302
107303
107304
107308
107310
107311
107312
107313
107314
107316
107319
107320
107321
107324
107327
107328
107329
107330
107331
107333
107335
107338
107339
107340
107343
107345
107346
107348
107350
107351
107352
107353
107355
107356
107360
107361
107362
107363
107364
107365
107367
107369
107371
107372
107374
107380
107381
107383
107385
107386
107387
107388
107390
107391
107392
107393
107394
107395
107396
107398
107399
107401
107404
107405
107409
107410
107411
107412
107414
107415
107416
107418
107419
107420
107421
107422
107424
107426
107427
107430
107432
107433
107434
107435
107436
107437
107438
107439
107440
107442
107443
107445
107446
107447
107449
107451
107452
107453
107454
107455
107459
107461
107463
107465
107467
107468
107469
107470
107472
107475
107476
107478
107480
107482
107483
107484
107485
107486
107487
107491
107495
107497
107499
107500
107501
107502
107504
107506
107508
107509
107510
107511
107515
107516
107520
107521
107522
107524
107525
107531
107532
107533
107536
107537
107538
107539
107540
107543
107544
107546
107547
107548
107549
107550
107552
107553
107554
107557
107558
107559
107560
107563
107564
107565
107566
107569
107572
107576
107579
107584
107585
107587
107589
107592
107599
107601
107602
107604
107605
107606
107607
107608
107610
107612
107613
107615
107616
107617
107618
107619
107620
107622
107623
107624
107625
107626
107627
107628
107630
107631
107632
107633
107634
107635
107636
107638
107639
107640
107642
107643
107644
107645
107646
107649
107650
107652
107655
107657
107658
107661
107662
107665
107669
107670
107671
107672
107673
107674
107675
107678
107679
107681
107682
107684
107685
107686
107687
107688
107689
107690
107695
107696
107697
107700
107703
107705
107710
107711
107712
107716
107719
107720
107723
107725
107727
107728
107730
107733
107734
107735
107737
107738
107742
107745
107747
107748
107749
107750
107752
107755
107757
107758
107760
107762
107764
107765
107767
107768
107769
107770
107773
107775
107776
107779
107782
107783
107784
107786
107787
107788
107789
107792
107794
107796
107797
107799
107800
107801
107807
107813
107815
107816
107817
107818
107820
107822
107823
107824
107826
107830
107831
107834
107836
107837
107839
107841
107843
107844
107851
107852
107853
107855
107858
107859
107863
107864
107865
107866
107867
107869
107870
107872
107874
107875
107876
107878
107880
107881
107883
107884
107887
107889
107891
107893
107896
107902
107903
107904
107905
107906
107908
107911
107912
107913
107918
107919
107922
107923
107924
107926
107927
107928
107930
107931
107934
107935
107937
107938
107939
107940
107941
107942
107943
107944
107946
107947
107954
107957
107958
107960
107961
107962
107965
107966
107967
107968
107969
107970
107972
107974
107976
107977
107978
107981
107982
107983
107984
107985
107986
107987
107988
107991
107993
107994
107995
107998
107999
108001
108005
108007
108009
108014
108016
108017
108018
108019
108020
108022
108023
108024
108027
108028
108030
108032
108033
108034
108035
108036
108037
108038
108040
108042
108043
108045
108046
108047
108048
108049
108050
108052
108053
108054
108055
108057
108060
108063
108064
108066
108067
108069
108070
108071
108074
108075
108076
108077
108078
108079
108080
108084
108085
108086
108089
108091
108094
108095
108097
108098
108099
108101
108103
108104
108105
108108
108109
108111
108112
108113
108114
108116
108118
108120
108121
108122
108123
108124
108129
108131
108133
108136
108137
108138
108140
108141
108143
108144
108146
108147
108148
108149
108151
108153
108154
108156
108157
108158
108159
108160
108161
108162
108163
108164
108167
108168
108169
108170
108172
108173
108175
108177
108178
108179
108183
108184
108185
108188
108189
108190
108192
108193
108197
108198
108199
108200
108202
108204
108205
108206
108208
108210
108211
108213
108216
108218
108219
108220
108226
108229
108230
108231
108233
108234
108235
108238
108239
108240
108241
108244
108246
108247
108250
108251
108254
108258
108260
108262
108264
108265
108266
108268
108269
108272
108273
108275
108276
108277
108279
108280
108282
108284
108285
108286
108289
108291
108293
108294
108295
108298
108299
108300
108301
108302
108303
108304
108305
108311
108313
108314
108315
108317
108319
108320
108321
108322
108323
108324
108325
108326
108327
108329
108333
108334
108337
108338
108341
108342
108344
108346
108347
108348
108349
108351
108353
108354
108355
108356
108357
108359
108362
108364
108366
108367
108368
108369
108370
108373
108375
108376
108378
108381
108382
108384
108385
108386
108387
108389
108390
108392
108393
108396
108399
108401
108402
108403
108406
108408
108409
108410
108411
108413
108414
108415
108416
108421
108423
108424
108425
108427
108430
108431
108432
108433
108437
108438
108439
108440
108441
108444
108446
108450
108451
108453
108454
108456
108461
108465
108466
108467
108470
108472
108473
108474
108475
108477
108478
108482
108485
108487
108489
108490
108491
108492
108493
108494
108496
108499
108500
108502
108503
108505
108506
108507
108508
108509
108510
108512
108513
108515
108518
108519
108520
108521
108522
108523
108524
108525
108526
108527
108533
108536
108537
108539
108542
108545
108546
108550
108552
108557
108559
108561
108562
108564
108566
108567
108568
108569
108570
108573
108574
108576
108577
108578
108580
108581
108582
108584
108585
108588
108589
108590
108591
108593
108595
108596
108598
108599
108603
108604
108606
108607
108608
108609
108610
108612
108613
108615
108616
108617
108620
108621
108622
108625
108626
108628
108629
108631
108632
108633
108635
108636
108637
108638
108640
108641
108642
108643
108644
108645
108646
108647
108649
108651
108652
108653
108654
108655
108657
108658
108660
108664
108665
108666
108669
108682
108683
108684
108685
108687
108689
108691
108692
108693
108694
108695
108696
108701
108702
108704
108706
108707
108708
108710
108712
108717
108718
108722
108723
108724
108725
108726
108727
108728
108729
108731
108733
108737
108739
108740
108741
108742
108743
108744
108746
108748
108751
108752
108753
108755
108756
108757
108759
108761
108764
108766
108767
108768
108769
108770
108772
108774
108775
108777
108778
108781
108783
108786
108788
108792
108793
108795
108797
108799
108802
108803
108804
108805
108807
108808
108810
108812
108814
108815
108818
108820
108821
108822
108823
108824
108826
108828
108829
108831
108832
108833
108840
108841
108842
108843
108845
108846
108849
108852
108853
108855
108856
108858
108860
108861
108862
108863
108865
108866
108867
108869
108870
108872
108873
108874
108877
108879
108881
108884
108885
108886
108887
108888
108889
108891
108893
108895
108897
108898
108899
108902
108903
108908
108913
108915
108916
108917
108918
108919
108920
108921
108923
108925
108927
108928
108929
108930
108931
108932
108933
108934
108936
108938
108939
108941
108942
108943
108944
108945
108946
108948
108951
108952
108953
108955
108959
108961
108962
108964
108966
108968
108969
108971
108973
108974
108975
108977
108978
108979
108980
108982
108984
108985
108986
108987
108988
108989
108992
108993
108995
108996
108997
108998
108999
109000
109003
109007
109008
109009
109010
109011
109012
109015
109016
109018
109020
109022
109023
109025
109027
109028
109030
109031
109033
109041
109042
109043
109045
109047
109048
109049
109050
109051
109054
109056
109059
109062
109064
109067
109070
109072
109073
109076
109078
109080
109081
109084
109085
109087
109088
109089
109090
109093
109094
109095
109096
109098
109101
109108
109110
109111
109112
109113
109114
109115
109122
109124
109126
109127
109131
109132
109134
109138
109139
109140
109141
109142
109143
109149
109150
109151
109155
109158
109159
109160
109161
109163
109165
109166
109167
109168
109169
109170
109172
109173
109175
109176
109177
109179
109180
109181
109183
109184
109186
109188
109189
109191
109192
109193
109195
109197
109200
109202
109205
109208
109213
109214
109215
109216
109217
109218
109219
109225
109226
109228
109229
109230
109234
109235
109236
109238
109239
109240
109245
109246
109249
109250
109251
109252
109253
109254
109255
109256
109258
109262
109264
109267
109268
109269
109270
109271
109272
109273
109274
109277
109279
109280
109282
109283
109284
109286
109288
109292
109293
109294
109297
109298
109300
109301
109303
109304
109305
109307
109308
109309
109310
109311
109315
109316
109318
109320
109322
109323
109324
109325
109326
109328
109329
109330
109334
109337
109339
109341
109342
109345
109348
109349
109354
109356
109358
109359
109360
109363
109364
109366
109367
109368
109369
109370
109372
109373
109374
109377
109378
109380
109381
109383
109385
109386
109387
109388
109390
109392
109393
109394
109395
109397
109399
109400
109404
109407
109410
109411
109414
109416
109418
109421
109422
109423
109425
109427
109428
109431
109433
109436
109437
109440
109442
109443
109444
109448
109449
109453
109455
109456
109457
109458
109459
109460
109461
109462
109463
109465
109466
109467
109468
109469
109471
109472
109473
109476
109478
109481
109482
109483
109485
109486
109487
109489
109490
109491
109493
109495
109498
109500
109501
109503
109506
109507
109510
109511
109512
109514
109516
109517
109520
109521
109523
109524
109525
109530
109532
109533
109535
109536
109538
109539
109541
109542
109543
109544
109545
109546
109547
109548
109549
109550
109552
109555
109556
109558
109560
109561
109562
109563
109564
109565
109573
109574
109576
109577
109578
109579
109583
109589
109592
109593
109594
109596
109599
109600
109601
109603
109604
109605
109609
109610
109611
109612
109613
109614
109615
109616
109617
109618
109620
109621
109623
109624
109627
109628
109630
109633
109635
109636
109638
109639
109641
109642
109643
109644
109647
109648
109649
109651
109653
109654
109655
109656
109658
109659
109661
109662
109663
109668
109669
109670
109671
109673
109680
109681
109682
109683
109685
109686
109687
109688
109691
109692
109693
109694
109696
109697
109698
109700
109701
109702
109703
109706
109707
109708
109711
109714
109716
109719
109720
109722
109727
109728
109729
109731
109733
109736
109738
109741
109742
109743
109744
109745
109748
109749
109751
109752
109755
109757
109758
109760
109761
109763
109765
109766
109767
109768
109772
109773
109778
109779
109780
109783
109785
109788
109793
109794
109795
109796
109798
109799
109800
109803
109805
109806
109807
109809
109812
109814
109815
109816
109817
109819
109822
109823
109827
109828
109829
109830
109831
109837
109838
109841
109842
109843
109845
109847
109848
109849
109850
109853
109854
109856
109857
109858
109859
109860
109862
109866
109869
109872
109874
109876
109877
109878
109882
109883
109887
109888
109890
109893
109896
109897
109902
109906
109907
109911
109912
109913
109914
109916
109917
109918
109919
109920
109921
109924
109925
109926
109927
109928
109929
109931
109932
109933
109934
109935
109936
109937
109938
109940
109941
109942
109943
109944
109945
109946
109948
109949
109950
109951
109954
109956
109958
109961
109965
109967
109968
109972
109975
109976
109977
109978
109983
109988
109989
109990
109992
109994
109997
109998
110000
110002
110004
110005
110007
110008
110009
110011
110014
110016
110017
110018
110022
110027
110029
110031
110036
110037
110039
110040
110042
110043
110045
110046
110048
110051
110052
110053
110054
110056
110057
110058
110059
110061
110063
110064
110068
110069
110070
110072
110074
110076
110077
110078
110079
110082
110083
110084
110090
110092
110093
110094
110095
110096
110097
110099
110100
110101
110111
110113
110114
110115
110116
110120
110124
110125
110126
110128
110132
110133
110134
110135
110136
110139
110141
110142
110146
110148
110149
110150
110151
110152
110155
110156
110157
110159
110160
110164
110165
110167
110169
110170
110173
110174
110175
110176
110177
110178
110179
110180
110185
110186
110187
110190
110194
110195
110196
110198
110200
110201
110202
110205
110207
110209
110210
110212
110214
110217
110218
110219
110220
110221
110222
110223
110227
110228
110230
110233
110234
110235
110237
110241
110242
110244
110245
110247
110248
110249
110250
110251
110253
110257
110258
110259
110260
110261
110262
110264
110265
110266
110268
110269
110271
110273
110274
110277
110278
110279
110281
110282
110283
110285
110287
110288
110289
110291
110292
110293
110294
110296
110297
110299
110300
110309
110312
110314
110315
110319
110320
110328
110329
110331
110332
110334
110336
110337
110338
110340
110341
110342
110343
110344
110347
110354
110355
110356
110357
110359
110360
110361
110366
110367
110373
110374
110375
110376
110377
110378
110381
110382
110386
110388
110390
110391
110392
110395
110400
110402
110404
110411
110412
110415
110416
110417
110418
110419
110420
110421
110423
110424
110425
110428
110429
110430
110432
110433
110434
110438
110442
110443
110445
110446
110450
110451
110453
110454
110455
110456
110459
110461
110462
110463
110464
110466
110467
110468
110469
110473
110475
110479
110480
110481
110482
110483
110484
110485
110487
110488
110490
110491
110492
110494
110496
110497
110499
110503
110504
110505
110506
110512
110513
110514
110515
110519
110525
110527
110528
110529
110531
110533
110535
110539
110544
110547
110548
110549
110550
110551
110552
110556
110557
110559
110561
110562
110563
110564
110565
110567
110569
110571
110572
110576
110577
110578
110579
110580
110581
110585
110586
110587
110589
110590
110591
110592
110593
110594
110595
110596
110610
110611
110613
110615
110616
110617
110621
110622
110624
110625
110628
110629
110630
110634
110635
110636
110637
110638
110639
110640
110643
110652
110653
110657
110658
110659
110661
110664
110667
110668
110672
110676
110679
110680
110681
110682
110686
110697
110698
110701
110703
110704
110707
110708
110709
110710
110712
110715
110718
110719
110720
110722
110723
110724
110725
110729
110730
110732
110733
110734
110735
110739
110740
110744
110745
110748
110752
110753
110755
110756
110757
110758
110760
110763
110765
110767
110771
110774
110775
110777
110778
110779
110782
110785
110787
110788
110789
110790
110791
110796
110798
110801
110804
110805
110806
110807
110808
110809
110810
110811
110812
110815
110818
110819
110821
110822
110823
110825
110828
110829
110832
110833
110834
110838
110839
110843
110847
110848
110850
110851
110852
110853
110854
110856
110857
110859
110860
110861
110862
110864
110865
110866
110868
110870
110871
110872
110874
110875
110876
110877
110879
110881
110884
110887
110890
110892
110893
110894
110897
110901
110904
110905
110907
110909
110911
110912
110913
110914
110917
110918
110920
110922
110928
110929
110930
110932
110933
110934
110937
110940
110947
110948
110949
110950
110953
110954
110955
110958
110959
110961
110963
110969
110971
110972
110974
110975
110977
110979
110980
110981
110983
110986
110987
110988
110989
110990
110991
111002
111005
111006
111007
111008
111009
111011
111012
111014
111016
111017
111021
111024
111027
111029
111031
111032
111033
111035
111036
111037
111039
111040
111043
111051
111052
111053
111054
111055
111056
111058
111059
111060
111061
111063
111065
111066
111067
111069
111072
111074
111075
111079
111081
111082
111084
111086
111087
111089
111092
111093
111095
111097
111099
111103
111107
111109
111110
111111
111115
111116
111117
111119
111120
111121
111123
111124
111125
111126
111129
111132
111133
111138
111142
111144
111145
111147
111150
111151
111152
111153
111155
111158
111159
111166
111168
111169
111170
111171
111173
111179
111180
111181
111182
111183
111184
111186
111188
111190
111193
111194
111195
111199
111200
111204
111206
111208
111209
111210
111214
111215
111216
111217
111218
111222
111223
111225
111226
111227
111228
111232
111235
111236
111238
111239
111241
111244
111245
111246
111247
111248
111250
111253
111256
111259
111261
111262
111264
111265
111266
111267
111269
111271
111273
111274
111275
111277
111278
111279
111280
111281
111284
111285
111287
111288
111289
111290
111292
111293
111294
111295
111298
111299
111302
111305
111306
111308
111311
111312
111313
111320
111325
111326
111329
111331
111332
111336
111338
111340
111341
111342
111343
111345
111347
111348
111350
111352
111355
111356
111358
111361
111362
111364
111366
111369
111373
111375
111376
111378
111381
111382
111383
111384
111385
111386
111390
111391
111395
111397
111398
111401
111403
111404
111408
111409
111410
111413
111414
111415
111416
111418
111420
111421
111423
111424
111425
111427
111428
111429
111430
111432
111434
111437
111438
111439
111440
111441
111442
111443
111447
111448
111451
111453
111454
111455
111456
111458
111460
111462
111464
111469
111470
111471
111475
111479
111481
111482
111483
111484
111485
111488
111489
111494
111496
111497
111498
111499
111506
111507
111508
111509
111510
111514
111522
111523
111528
111531
111536
111542
111545
111549
111550
111551
111553
111554
111556
111557
111558
111559
111561
111562
111563
111566
111567
111571
111573
111574
111575
111576
111577
111579
111582
111583
111587
111588
111589
111591
111593
111596
111599
111600
111602
111611
111612
111614
111615
111616
111618
111619
111620
111621
111624
111625
111626
111627
111632
111634
111635
111636
111638
111639
111640
111641
111642
111644
111645
111649
111650
111656
111657
111658
111661
111662
111665
111667
111668
111670
111672
111673
111675
111676
111678
111679
111680
111683
111685
111687
111689
111690
111692
111693
111695
111703
111704
111705
111706
111709
111710
111711
111712
111713
111714
111715
111716
111718
111721
111723
111724
111726
111738
111739
111742
111743
111744
111745
111746
111747
111749
111756
111757
111759
111760
111761
111763
111765
111767
111768
111770
111773
111774
111775
111776
111779
111780
111782
111784
111786
111787
111788
111792
111795
111800
111802
111803
111805
111806
111807
111808
111809
111810
111811
111812
111815
111820
111823
111824
111828
111831
111835
111836
111838
111844
111845
111848
111852
111854
111856
111857
111859
111860
111861
111865
111867
111868
111870
111871
111876
111878
111880
111881
111882
111883
111885
111886
111887
111888
111890
111892
111893
111894
111895
111898
111900
111903
111905
111906
111909
111910
111911
111912
111913
111914
111916
111917
111918
111919
111920
111921
111924
111926
111928
111929
111931
111934
111935
111936
111938
111939
111941
111950
111952
111953
111955
111957
111959
111961
111963
111969
111971
111975
111976
111977
111978
111979
111981
111982
111983
111986
111987
111988
111989
111994
111995
111996
112000
112002
112007
112008
112009
112010
112011
112013
112017
112020
112024
112025
112026
112028
112031
112033
112035
112037
112039
112041
112046
112047
112048
112049
112050
112051
112053
112055
112057
112061
112062
112064
112066
112068
112069
112071
112072
112073
112074
112075
112079
112081
112083
112084
112086
112088
112089
112091
112092
112093
112094
112095
112096
112097
112101
112102
112104
112105
112108
112109
112110
112111
112112
112113
112116
112117
112121
112123
112124
112126
112128
112130
112132
112133
112134
112136
112137
112143
112144
112147
112148
112149
112151
112155
112157
112159
112160
112161
112162
112164
112166
112167
112168
112169
112170
112171
112172
112177
112179
112180
112181
112182
112183
112186
112187
112189
112191
112192
112193
112194
112196
112199
112200
112201
112202
112203
112206
112207
112208
112210
112212
112214
112215
112219
112221
112222
112223
112224
112228
112229
112230
112231
112232
112233
112235
112236
112237
112238
112239
112241
112242
112243
112246
112249
112251
112253
112254
112255
112257
112260
112263
112264
112265
112267
112269
112273
112275
112276
112279
112281
112284
112285
112286
112287
112288
112290
112291
112292
112293
112295
112296
112298
112299
112301
112303
112304
112305
112311
112312
112313
112314
112315
112316
112318
112320
112322
112327
112328
112329
112330
112331
112334
112336
112338
112340
112342
112343
112344
112346
112348
112349
112350
112351
112354
112355
112359
112362
112369
112370
112371
112374
112376
112377
112378
112380
112382
112383
112384
112386
112388
112389
112392
112393
112395
112398
112401
112405
112407
112408
112410
112411
112412
112414
112416
112418
112420
112424
112427
112429
112431
112433
112434
112435
112438
112439
112440
112442
112443
112444
112445
112446
112448
112451
112452
112453
112455
112456
112457
112460
112462
112463
112464
112465
112466
112467
112469
112473
112477
112480
112482
112488
112489
112491
112492
112494
112496
112502
112504
112505
112506
112507
112510
112516
112518
112520
112521
112522
112523
112524
112525
112529
112532
112535
112536
112538
112540
112541
112543
112544
112545
112546
112548
112550
112551
112552
112553
112558
112559
112560
112562
112564
112565
112568
112569
112570
112574
112575
112576
112577
112578
112579
112581
112582
112583
112584
112585
112587
112590
112593
112594
112595
112596
112601
112604
112605
112608
112609
112611
112617
112618
112619
112620
112622
112629
112631
112632
112633
112635
112636
112637
112638
112639
112641
112642
112643
112644
112648
112649
112652
112653
112656
112658
112662
112664
112667
112669
112671
112676
112679
112680
112681
112685
112688
112690
112691
112699
112700
112701
112703
112705
112706
112707
112711
112712
112714
112715
112716
112717
112718
112720
112722
112726
112728
112731
112732
112735
112738
112739
112740
112741
112744
112745
112746
112748
112749
112751
112753
112759
112761
112762
112764
112766
112767
112768
112769
112770
112771
112772
112774
112775
112780
112783
112784
112785
112788
112789
112790
112795
112796
112797
112798
112801
112807
112808
112809
112813
112819
112820
112821
112825
112826
112829
112830
112831
112835
112836
112837
112838
112840
112843
112844
112845
112846
112848
112851
112852
112853
112862
112863
112864
112865
112866
112867
112869
112871
112872
112874
112876
112880
112882
112886
112889
112895
112898
112901
112902
112903
112904
112905
112906
112910
112911
112912
112913
112915
112918
112919
112922
112923
112924
112926
112931
112935
112936
112938
112942
112943
112944
112947
112950
112951
112952
112953
112954
112958
112960
112961
112962
112963
112968
112969
112971
112974
112975
112976
112977
112978
112980
112981
112982
112985
112988
112989
112991
112992
112993
112995
112997
112999
113000
113001
113002
113003
113004
113007
113010
113012
113013
113014
113016
113017
113019
113025
113026
113028
113030
113032
113033
113036
113038
113040
113044
113046
113053
113054
113055
113058
113063
113064
113065
113066
113068
113069
113072
113073
113074
113075
113078
113079
113080
113081
113082
113084
113088
113089
113096
113097
113098
113099
113100
113101
113102
113106
113108
113113
113114
113115
113119
113120
113126
113131
113132
113135
113136
113137
113139
113141
113142
113143
113146
113150
113151
113152
113153
113154
113158
113167
113169
113170
113175
113176
113178
113179
113182
113183
113186
113189
113193
113198
113199
113201
113202
113205
113207
113208
113209
113210
113211
113212
113213
113214
113215
113217
113219
113220
113229
113237
113238
113244
113250
113251
113252
113253
113254
113255
113256
113257
113259
113261
113264
113266
113267
113268
113269
113271
113273
113275
113280
113281
113284
113289
113290
113294
113295
113297
113299
113301
113303
113305
113306
113307
113308
113309
113312
113314
113315
113316
113318
113319
113321
113322
113325
113326
113328
113329
113330
113331
113333
113339
113341
113343
113344
113345
113347
113350
113352
113353
113354
113367
113370
113374
113377
113378
113381
113382
113383
113387
113389
113391
113392
113393
113394
113395
113396
113398
113400
113403
113408
113409
113411
113412
113415
113417
113418
113419
113421
113422
113426
113432
113433
113435
113437
113438
113442
113444
113447
113448
113453
113456
113458
113462
113465
113467
113471
113473
113475
113477
113479
113480
113481
113483
113484
113487
113490
113491
113493
113496
113497
113499
113501
113502
113503
113506
113509
113510
113513
113516
113517
113521
113522
113524
113527
113528
113529
113530
113533
113534
113538
113539
113541
113543
113546
113548
113549
113554
113556
113557
113560
113561
113566
113568
113569
113571
113572
113573
113576
113578
113579
113580
113585
113586
113589
113591
113593
113597
113599
113602
113604
113605
113607
113609
113610
113613
113617
113619
113621
113622
113624
113625
113626
113627
113628
113629
113631
113632
113636
113639
113640
113641
113643
113645
113646
113647
113652
113654
113655
113657
113660
113663
113664
113665
113666
113667
113668
113670
113672
113674
113675
113676
113677
113678
113681
113682
113683
113684
113686
113688
113690
113691
113694
113695
113696
113699
113700
113702
113710
113712
113715
113717
113719
113722
113724
113725
113726
113729
113731
113732
113734
113737
113738
113740
113743
113744
113745
113747
113751
113758
113762
113763
113764
113765
113766
113768
113772
113774
113775
113776
113777
113779
113781
113783
113787
113788
113793
113798
113799
113801
113802
113803
113804
113807
113808
113809
113810
113813
113814
113816
113817
113818
113821
113825
113828
113829
113831
113833
113834
113836
113837
113840
113841
113844
113847
113848
113849
113850
113851
113853
113854
113855
113856
113859
113860
113861
113863
113864
113868
113869
113871
113872
113873
113875
113876
113877
113879
113880
113884
113885
113886
113887
113888
113890
113892
113894
113897
113898
113900
113901
113903
113908
113909
113910
113914
113915
113916
113917
113922
113926
113927
113931
113933
113934
113935
113940
113941
113945
113946
113947
113948
113949
113951
113953
113954
113957
113958
113959
113961
113962
113963
113964
113966
113967
113968
113969
113971
113972
113976
113977
113982
113983
113985
113988
113989
113990
113994
113997
113998
114004
114006
114007
114009
114015
114016
114017
114019
114021
114024
114025
114026
114027
114029
114033
114034
114037
114038
114042
114044
114047
114048
114049
114051
114053
114054
114058
114060
114061
114062
114063
114066
114069
114070
114074
114078
114079
114080
114082
114083
114085
114087
114088
114089
114090
114091
114092
114093
114094
114100
114101
114105
114108
114110
114114
114115
114116
114118
114119
114120
114122
114123
114124
114125
114126
114127
114128
114129
114130
114131
114132
114133
114134
114136
114137
114138
114139
114141
114142
114149
114151
114152
114159
114160
114163
114165
114168
114169
114172
114173
114175
114176
114177
114178
114181
114182
114184
114189
114190
114191
114192
114193
114196
114197
114198
114199
114202
114203
114207
114209
114210
114211
114212
114214
114215
114216
114218
114220
114221
114223
114225
114226
114228
114235
114238
114239
114241
114245
114247
114250
114251
114252
114253
114254
114256
114257
114259
114260
114261
114263
114266
114267
114268
114270
114272
114273
114274
114275
114279
114284
114287
114291
114294
114296
114299
114304
114307
114310
114311
114319
114320
114321
114322
114325
114329
114331
114333
114336
114337
114339
114341
114343
114346
114347
114348
114349
114352
114355
114356
114357
114358
114359
114362
114363
114364
114365
114366
114368
114369
114371
114372
114373
114375
114378
114382
114383
114384
114387
114390
114393
114394
114396
114399
114400
114402
114404
114408
114411
114413
114414
114415
114417
114418
114419
114420
114422
114423
114424
114425
114427
114428
114433
114435
114437
114438
114440
114443
114448
114449
114450
114451
114455
114457
114458
114461
114464
114465
114466
114469
114474
114477
114481
114482
114483
114487
114488
114489
114491
114492
114495
114497
114498
114499
114501
114503
114505
114510
114511
114512
114514
114516
114517
114518
114519
114520
114523
114524
114527
114528
114532
114535
114538
114541
114545
114546
114547
114548
114550
114552
114553
114557
114558
114561
114562
114567
114570
114573
114576
114578
114582
114583
114584
114585
114589
114591
114596
114597
114598
114599
114600
114602
114603
114604
114605
114606
114607
114609
114611
114615
114617
114619
114625
114627
114630
114633
114636
114640
114643
114645
114647
114651
114652
114653
114654
114658
114661
114663
114664
114666
114667
114670
114671
114675
114677
114678
114684
114687
114688
114689
114690
114692
114694
114695
114696
114698
114699
114700
114703
114704
114708
114709
114710
114711
114714
114718
114721
114722
114724
114725
114727
114731
114735
114736
114737
114740
114744
114750
114751
114753
114757
114758
114760
114761
114762
114763
114765
114769
114770
114771
114772
114773
114775
114776
114780
114781
114782
114787
114788
114789
114790
114791
114792
114793
114795
114796
114797
114799
114801
114802
114805
114807
114808
114809
114811
114814
114815
114816
114819
114820
114821
114822
114824
114826
114827
114829
114832
114836
114840
114841
114844
114845
114846
114849
114850
114853
114855
114856
114860
114861
114863
114864
114868
114869
114870
114872
114876
114884
114887
114890
114891
114893
114900
114903
114905
114906
114907
114908
114910
114912
114914
114916
114919
114920
114921
114922
114926
114927
114929
114930
114937
114938
114939
114940
114941
114943
114945
114946
114948
114950
114952
114955
114957
114958
114959
114961
114962
114963
114966
114968
114971
114973
114975
114976
114982
114986
114992
114993
114995
114997
115002
115003
115006
115007
115016
115020
115021
115024
115029
115030
115032
115035
115036
115037
115038
115040
115041
115042
115043
115044
115046
115047
115052
115053
115055
115056
115059
115060
115065
115070
115072
115073
115074
115075
115079
115082
115083
115084
115086
115088
115089
115091
115093
115094
115096
115099
115101
115102
115105
115106
115109
115113
115114
115117
115118
115119
115120
115123
115127
115128
115129
115132
115133
115135
115138
115139
115141
115142
115144
115145
115148
115150
115151
115154
115157
115161
115162
115163
115164
115166
115168
115170
115171
115172
115173
115174
115176
115182
115185
115186
115187
115192
115193
115194
115196
115197
115202
115203
115204
115205
115207
115208
115210
115211
115215
115216
115217
115218
115219
115222
115225
115226
115227
115228
115229
115230
115231
115232
115239
115240
115242
115243
115244
115245
115248
115249
115250
115251
115252
115254
115256
115257
115262
115264
115265
115266
115268
115269
115271
115272
115273
115274
115275
115276
115277
115278
115280
115281
115282
115283
115285
115288
115289
115290
115291
115292
115294
115296
115299
115305
115306
115309
115311
115313
115314
115315
115321
115323
115324
115327
115328
115329
115330
115331
115332
115340
115341
115343
115346
115354
115355
115356
115357
115359
115361
115364
115365
115366
115368
115374
115375
115376
115377
115378
115383
115384
115386
115387
115389
115390
115393
115394
115396
115397
115400
115401
115404
115405
115408
115409
115410
115412
115413
115415
115416
115417
115418
115421
115423
115424
115426
115428
115433
115434
115435
115436
115437
115439
115440
115441
115443
115445
115452
115454
115455
115456
115457
115458
115459
115460
115461
115464
115467
115468
115469
115470
115475
115476
115480
115482
115486
115488
115489
115496
115497
115498
115501
115502
115506
115509
115512
115513
115514
115523
115524
115526
115527
115528
115529
115531
115533
115537
115539
115543
115545
115546
115547
115548
115554
115556
115558
115560
115561
115562
115563
115565
115566
115569
115572
115576
115580
115581
115583
115585
115590
115593
115594
115599
115601
115602
115603
115606
115612
115614
115615
115616
115620
115621
115623
115624
115625
115629
115631
115633
115634
115636
115638
115639
115640
115641
115642
115644
115646
115647
115650
115651
115656
115659
115660
115661
115663
115667
115668
115669
115670
115671
115672
115673
115674
115675
115681
115683
115684
115685
115686
115687
115690
115691
115692
115694
115696
115701
115704
115705
115706
115708
115710
115711
115712
115713
115714
115715
115717
115718
115719
115720
115723
115725
115727
115729
115730
115731
115733
115735
115737
115739
115740
115741
115742
115743
115745
115747
115749
115753
115756
115757
115759
115760
115762
115763
115764
115765
115770
115775
115777
115779
115783
115785
115787
115790
115792
115793
115794
115796
115797
115798
115799
115802
115803
115805
115807
115808
115810
115812
115814
115815
115817
115819
115820
115822
115823
115824
115827
115830
115831
115832
115833
115836
115845
115847
115848
115850
115851
115853
115854
115856
115857
115858
115862
115864
115866
115869
115870
115874
115875
115877
115880
115882
115886
115887
115890
115891
115892
115895
115899
115901
115902
115905
115909
115912
115918
115920
115924
115926
115930
115932
115933
115936
115938
115939
115943
115944
115946
115947
115950
115951
115952
115955
115958
115959
115960
115961
115962
115963
115965
115968
115971
115972
115975
115976
115979
115981
115984
115985
115986
115988
115989
115991
115993
115995
115996
115998
115999
116001
116003
116007
116011
116012
116014
116023
116024
116025
116028
116030
116031
116035
116036
116037
116038
116040
116041
116042
116044
116046
116047
116049
116053
116057
116058
116059
116063
116064
116066
116067
116068
116069
116071
116072
116073
116075
116077
116078
116083
116088
116090
116092
116095
116096
116097
116099
116104
116105
116110
116114
116115
116117
116122
116123
116124
116125
116127
116128
116129
116132
116133
116134
116135
116137
116138
116139
116141
116142
116143
116145
116149
116150
116151
116153
116155
116156
116157
116160
116161
116162
116164
116167
116168
116169
116172
116173
116174
116175
116176
116185
116188
116190
116191
116195
116197
116205
116206
116209
116210
116211
116214
116216
116217
116219
116222
116223
116226
116231
116238
116240
116241
116242
116243
116245
116248
116251
116255
116256
116261
116263
116264
116265
116268
116269
116272
116273
116275
116278
116285
116287
116293
116295
116297
116299
116300
116301
116303
116304
116305
116306
116308
116309
116311
116312
116314
116315
116318
116319
116320
116324
116325
116334
116337
116338
116340
116341
116345
116346
116349
116351
116352
116355
116359
116360
116361
116366
116368
116369
116371
116372
116374
116376
116379
116380
116382
116385
116386
116387
116389
116393
116394
116395
116396
116397
116398
116402
116403
116404
116408
116409
116410
116411
116412
116413
116414
116415
116416
116418
116423
116424
116427
116431
116433
116436
116441
116442
116446
116449
116452
116453
116455
116456
116462
116463
116465
116469
116470
116473
116477
116478
116479
116480
116481
116482
116483
116487
116488
116489
116491
116493
116494
116495
116497
116498
116500
116503
116504
116507
116510
116512
116513
116515
116520
116521
116522
116523
116525
116532
116535
116536
116538
116539
116540
116543
116544
116545
116548
116550
116551
116554
116555
116556
116558
116562
116563
116564
116566
116567
116570
116572
116573
116575
116577
116580
116583
116584
116585
116586
116590
116592
116595
116596
116599
116601
116603
116604
116605
116610
116611
116614
116619
116620
116621
116622
116624
116625
116626
116627
116628
116629
116630
116632
116633
116634
116635
116641
116643
116644
116645
116646
116647
116652
116655
116656
116659
116662
116664
116666
116669
116670
116671
116672
116675
116676
116677
116678
116679
116682
116684
116685
116687
116690
116691
116692
116693
116696
116697
116698
116700
116701
116702
116705
116706
116707
116708
116709
116711
116713
116714
116715
116716
116718
116721
116722
116723
116724
116726
116729
116730
116731
116736
116741
116743
116744
116745
116747
116749
116750
116752
116754
116756
116759
116760
116767
116768
116769
116772
116775
116777
116778
116779
116781
116787
116788
116789
116791
116794
116795
116796
116797
116798
116799
116801
116803
116805
116806
116807
116809
116811
116814
116815
116816
116820
116821
116824
116825
116829
116832
116834
116835
116836
116845
116848
116850
116852
116854
116856
116858
116859
116862
116864
116865
116866
116870
116871
116873
116874
116880
116881
116884
116889
116891
116895
116898
116899
116901
116902
116903
116905
116906
116907
116908
116909
116912
116913
116914
116916
116918
116919
116920
116923
116924
116926
116928
116929
116939
116941
116944
116949
116950
116951
116952
116953
116954
116957
116958
116960
116961
116962
116964
116965
116966
116968
116969
116973
116974
116975
116977
116978
116979
116982
116983
116984
116989
116991
116992
116995
116996
116998
117001
117002
117003
117005
117007
117009
117010
117011
117012
117015
117018
117022
117023
117024
117025
117026
117027
117028
117029
117030
117035
117036
117039
117041
117044
117046
117049
117051
117052
117055
117056
117057
117058
117059
117061
117062
117066
117067
117069
117070
117072
117073
117076
117077
117078
117080
117084
117085
117087
117091
117092
117094
117097
117099
117100
117102
117105
117109
117113
117114
117115
117116
117117
117119
117125
117127
117128
117129
117130
117131
117132
117134
117136
117137
117141
117143
117145
117147
117151
117152
117154
117155
117158
117159
117160
117162
117163
117167
117168
117169
117171
117173
117175
117176
117177
117178
117179
117181
117184
117185
117186
117187
117191
117194
117195
117201
117206
117209
117210
117211
117213
117219
117227
117228
117229
117230
117233
117234
117235
117237
117240
117241
117242
117243
117247
117248
117250
117252
117253
117255
117256
117258
117261
117265
117266
117267
117271
117272
117273
117274
117277
117280
117281
117282
117285
117289
117291
117293
117294
117295
117296
117297
117298
117301
117306
117308
117309
117313
117314
117316
117318
117320
117321
117322
117324
117325
117327
117328
117329
117332
117333
117334
117335
117336
117339
117340
117341
117344
117346
117348
117350
117351
117353
117354
117358
117364
117367
117368
117369
117370
117372
117374
117375
117376
117377
117378
117379
117381
117382
117384
117385
117386
117387
117389
117390
117393
117398
117403
117406
117407
117410
117413
117414
117415
117419
117420
117422
117423
117424
117425
117426
117430
117431
117440
117441
117442
117445
117447
117453
117454
117457
117459
117461
117462
117463
117464
117465
117466
117467
117469
117470
117471
117473
117474
117478
117480
117482
117483
117487
117490
117493
117497
117500
117501
117502
117504
117506
117509
117513
117514
117515
117517
117518
117521
117526
117533
117535
117541
117542
117544
117546
117549
117550
117552
117554
117557
117558
117564
117565
117568
117570
117572
117573
117574
117575
117576
117579
117580
117581
117582
117583
117585
117586
117587
117588
117589
117590
117591
117592
117593
117594
117595
117596
117597
117600
117601
117602
117603
117605
117606
117607
117609
117611
117612
117613
117614
117615
117618
117619
117621
117622
117624
117627
117628
117630
117631
117633
117634
117635
117638
117643
117644
117645
117647
117649
117653
117655
117656
117659
117661
117662
117665
117666
117667
117668
117671
117672
117673
117674
117675
117676
117678
117681
117682
117683
117684
117686
117687
117688
117690
117692
117693
117694
117695
117696
117697
117699
117701
117702
117703
117706
117707
117709
117714
117715
117718
117721
117722
117723
117724
117726
117727
117728
117729
117731
117736
117737
117738
117740
117741
117742
117744
117746
117747
117748
117749
117751
117753
117754
117755
117758
117759
117760
117762
117763
117764
117765
117767
117769
117770
117772
117773
117774
117775
117776
117777
117778
117780
117782
117783
117785
117787
117790
117792
117793
117795
117796
117804
117807
117808
117810
117811
117813
117814
117819
117821
117822
117823
117824
117825
117826
117827
117828
117829
117835
117838
117839
117840
117842
117844
117847
117848
117850
117852
117853
117856
117857
117859
117860
117861
117862
117866
117870
117871
117872
117877
117878
117879
117880
117881
117883
117884
117887
117892
117893
117895
117898
117901
117904
117908
117909
117910
117911
117912
117913
117914
117915
117917
117918
117919
117924
117926
117927
117928
117929
117930
117931
117934
117936
117944
117945
117946
117947
117948
117951
117953
117954
117957
117958
117961
117962
117966
117971
117973
117976
117980
117986
117987
117989
117990
117991
117992
117997
118003
118006
118007
118008
118009
118012
118013
118014
118016
118017
118018
118019
118021
118023
118024
118028
118033
118035
118038
118043
118044
118046
118047
118049
118051
118053
118054
118057
118058
118060
118063
118064
118065
118068
118071
118073
118076
118078
118081
118083
118084
118086
118087
118089
118091
118097
118099
118102
118103
118109
118110
118114
118116
118119
118124
118126
118128
118130
118131
118132
118138
118140
118141
118142
118144
118145
118146
118147
118151
118152
118153
118155
118157
118158
118159
118160
118163
118168
118169
118170
118176
118178
118180
118181
118184
118185
118187
118188
118189
118191
118193
118196
118197
118200
118201
118202
118203
118204
118205
118208
118211
118212
118213
118214
118215
118216
118217
118218
118221
118222
118225
118232
118233
118234
118235
118237
118245
118246
118249
118253
118254
118255
118257
118258
118259
118261
118264
118265
118266
118267
118270
118274
118277
118278
118279
118281
118283
118284
118285
118286
118288
118289
118290
118296
118298
118301
118303
118304
118305
118307
118308
118311
118313
118315
118316
118321
118322
118323
118324
118327
118329
118330
118331
118332
118333
118334
118335
118336
118337
118338
118339
118340
118343
118344
118345
118349
118352
118353
118354
118355
118358
118360
118361
118362
118363
118365
118367
118368
118369
118371
118375
118377
118378
118379
118380
118385
118391
118392
118394
118397
118398
118399
118400
118401
118402
118403
118405
118409
118410
118414
118415
118416
118417
118419
118420
118421
118423
118424
118426
118428
118429
118430
118432
118434
118438
118440
118444
118446
118447
118448
118450
118451
118452
118456
118457
118458
118459
118460
118463
118465
118467
118470
118471
118473
118474
118477
118478
118481
118483
118486
118488
118490
118491
118500
118501
118504
118512
118514
118515
118516
118522
118523
118524
118525
118526
118531
118532
118535
118536
118540
118541
118543
118544
118545
118546
118547
118549
118550
118552
118555
118565
118567
118574
118575
118577
118578
118581
118582
118585
118586
118587
118588
118590
118591
118592
118593
118594
118598
118599
118600
118601
118603
118604
118605
118606
118609
118610
118611
118614
118616
118623
118626
118627
118629
118630
118631
118632
118633
118634
118635
118636
118638
118640
118641
118642
118643
118645
118647
118649
118650
118653
118656
118657
118658
118659
118661
118663
118665
118668
118669
118670
118671
118675
118676
118677
118678
118680
118683
118684
118685
118686
118687
118692
118695
118696
118698
118701
118702
118704
118705
118706
118707
118708
118709
118710
118712
118717
118719
118720
118721
118723
118727
118728
118730
118731
118732
118733
118734
118735
118736
118743
118744
118745
118746
118748
118749
118750
118751
118752
118753
118754
118756
118764
118770
118772
118773
118774
118777
118778
118779
118781
118783
118784
118789
118790
118791
118796
118797
118799
118805
118807
118808
118812
118813
118814
118816
118817
118823
118824
118827
118829
118831
118832
118833
118837
118838
118847
118848
118849
118850
118854
118856
118857
118858
118860
118861
118865
118866
118868
118870
118872
118874
118878
118879
118880
118881
118882
118885
118887
118890
118891
118893
118897
118900
118903
118904
118905
118908
118909
118910
118911
118912
118913
118915
118916
118918
118921
118923
118925
118926
118928
118931
118934
118935
118936
118937
118940
118944
118945
118947
118949
118954
118960
118963
118964
118965
118966
118967
118970
118971
118973
118974
118977
118984
118987
118990
118993
118994
118995
118996
119000
119003
119004
119005
119009
119010
119014
119020
119026
119028
119029
119034
119035
119036
119038
119041
119043
119044
119045
119046
119049
119050
119051
119057
119059
119063
119064
119065
119067
119068
119069
119072
119073
119074
119075
119078
119085
119086
119088
119090
119092
119093
119096
119097
119098
119099
119100
119105
119106
119108
119113
119114
119116
119118
119121
119122
119123
119128
119130
119136
119137
119139
119140
119141
119142
119147
119148
119155
119159
119162
119163
119165
119169
119170
119171
119172
119175
119177
119181
119183
119185
119186
119188
119192
119194
119195
119196
119197
119198
119200
119201
119203
119204
119206
119208
119211
119212
119216
119217
119220
119222
119223
119225
119226
119227
119232
119233
119234
119237
119238
119239
119243
119244
119245
119246
119250
119252
119253
119256
119259
119261
119266
119268
119270
119271
119272
119273
119283
119284
119286
119288
119289
119293
119296
119297
119299
119303
119304
119305
119308
119310
119311
119312
119313
119314
119316
119318
119323
119328
119330
119333
119334
119335
119339
119340
119343
119344
119345
119350
119352
119354
119357
119358
119366
119368
119379
119380
119381
119382
119383
119384
119385
119386
119391
119393
119395
119396
119397
119399
119404
119405
119406
119414
119416
119418
119420
119421
119423
119424
119425
119426
119429
119430
119432
119434
119435
119436
119437
119438
119440
119442
119444
119446
119448
119449
119451
119452
119455
119456
119457
119459
119461
119463
119466
119467
119469
119470
119472
119474
119475
119477
119478
119479
119481
119482
119483
119484
119485
119486
119487
119488
119489
119490
119493
119496
119500
119502
119503
119504
119506
119507
119509
119512
119515
119518
119519
119520
119524
119526
119528
119529
119530
119531
119533
119537
119539
119540
119541
119545
119547
119548
119551
119556
119558
119561
119564
119568
119571
119572
119574
119575
119576
119577
119578
119579
119580
119581
119583
119584
119586
119587
119588
119590
119591
119592
119593
119594
119596
119597
119599
119602
119604
119608
119611
119620
119625
119629
119631
119632
119633
119634
119637
119640
119644
119646
119647
119648
119650
119652
119653
119659
119661
119664
119667
119668
119669
119671
119674
119675
119676
119677
119682
119683
119684
119685
119686
119687
119690
119692
119693
119694
119695
119697
119702
119703
119705
119706
119707
119711
119714
119715
119716
119718
119719
119720
119721
119723
119725
119729
119730
119732
119733
119735
119736
119738
119739
119742
119743
119744
119745
119746
119749
119750
119753
119754
119756
119759
119761
119762
119765
119766
119767
119771
119772
119773
119774
119775
119776
119777
119779
119781
119782
119783
119787
119788
119790
119794
119798
119800
119801
119802
119803
119804
119806
119808
119810
119811
119812
119813
119815
119819
119820
119824
119825
119826
119827
119828
119830
119831
119832
119836
119837
119839
119840
119841
119842
119844
119845
119846
119847
119850
119851
119853
119854
119856
119857
119858
119860
119862
119863
119865
119869
119872
119874
119883
119884
119885
119890
119891
119893
119894
119895
119896
119898
119899
119900
119901
119902
119903
119904
119905
119906
119907
119908
119909
119910
119911
119912
119915
119916
119920
119922
119923
119924
119925
119927
119929
119930
119931
119932
119933
119934
119936
119937
119939
119942
119945
119946
119947
119948
119951
119954
119955
119956
119957
119960
119961
119964
119966
119967
119968
119971
119973
119975
119977
119978
119980
119981
119982
119986
119989
119990
119992
119993
119994
119995
119996
119998
120002
120004
120005
120007
120011
120012
120014
120015
120016
120017
120018
120020
120022
120027
120031
120033
120035
120036
120037
120039
120040
120042
120043
120044
120046
120047
120050
120052
120053
120054
120055
120057
120058
120059
120061
120062
120063
120065
120066
120067
120068
120070
120071
120073
120074
120075
120076
120078
120079
120080
120081
120085
120086
120090
120092
120093
120095
120096
120097
120100
120104
120105
120110
120111
120115
120121
120123
120124
120127
120128
120131
120132
120137
120138
120140
120142
120143
120144
120145
120147
120153
120156
120157
120158
120162
120163
120164
120165
120168
120169
120171
120173
120176
120178
120180
120181
120182
120183
120185
120187
120188
120189
120190
120191
120193
120195
120196
120198
120200
120205
120206
120212
120214
120215
120216
120218
120219
120223
120224
120226
120227
120228
120229
120231
120232
120234
120235
120237
120238
120240
120241
120244
120245
120246
120247
120248
120251
120253
120255
120256
120262
120265
120266
120268
120269
120270
120271
120273
120274
120276
120277
120278
120280
120281
120282
120283
120285
120289
120290
120293
120295
120297
120298
120299
120307
120309
120310
120311
120312
120315
120316
120317
120318
120319
120326
120327
120329
120330
120331
120336
120337
120340
120342
120344
120346
120347
120348
120355
120358
120361
120364
120365
120367
120368
120369
120373
120374
120375
120376
120377
120379
120382
120383
120385
120386
120387
120388
120389
120390
120391
120394
120396
120397
120398
120400
120404
120405
120406
120407
120410
120411
120412
120413
120415
120416
120419
120422
120424
120425
120426
120427
120431
120434
120436
120437
120438
120439
120440
120442
120443
120445
120446
120449
120452
120454
120456
120458
120459
120460
120462
120463
120464
120466
120467
120468
120469
120470
120471
120473
120478
120479
120480
120481
120484
120486
120487
120488
120489
120490
120491
120492
120493
120496
120497
120499
120500
120501
120502
120503
120504
120505
120506
120507
120508
120509
120510
120511
120512
120513
120514
120516
120517
120518
120523
120524
120526
120529
120532
120535
120537
120539
120540
120543
120544
120545
120546
120547
120549
120551
120552
120553
120554
120555
120558
120559
120561
120562
120568
120569
120570
120574
120578
120580
120582
120586
120589
120592
120594
120596
120601
120602
120605
120606
120608
120610
120611
120612
120614
120615
120616
120617
120618
120619
120620
120622
120623
120625
120626
120629
120633
120635
120637
120638
120639
120640
120641
120642
120647
120648
120652
120657
120659
120660
120661
120663
120665
120668
120669
120670
120671
120673
120674
120676
120677
120679
120680
120682
120683
120684
120685
120687
120689
120694
120696
120699
120700
120702
120703
120706
120708
120710
120713
120714
120716
120718
120720
120723
120728
120731
120732
120733
120736
120741
120746
120747
120749
120750
120752
120753
120755
120757
120758
120759
120760
120761
120763
120764
120765
120766
120769
120771
120772
120773
120775
120776
120778
120779
120780
120781
120783
120786
120787
120788
120792
120794
120799
120800
120803
120805
120806
120807
120808
120810
120811
120812
120813
120814
120815
120816
120817
120820
120821
120824
120825
120827
120830
120834
120835
120838
120841
120842
120843
120845
120849
120850
120851
120853
120854
120855
120856
120858
120859
120860
120861
120862
120864
120865
120866
120868
120869
120871
120872
120873
120874
120876
120877
120879
120882
120883
120885
120887
120889
120892
120893
120896
120897
120902
120903
120904
120905
120908
120909
120913
120914
120918
120923
120925
120926
120927
120931
120936
120937
120938
120939
120941
120942
120943
120944
120945
120946
120947
120948
120949
120952
120953
120955
120956
120957
120959
120962
120963
120964
120965
120969
120971
120972
120973
120975
120976
120978
120980
120981
120982
120984
120988
120989
120990
120994
120995
120996
120999
121001
121002
121003
121004
121005
121008
121009
121010
121011
121013
121016
121018
121020
121023
121030
121034
121039
121042
121043
121045
121046
121047
121048
121054
121056
121057
121058
121059
121060
121061
121063
121064
121066
121067
121068
121070
121074
121075
121076
121080
121083
121084
121085
121086
121088
121089
121092
121093
121094
121095
121096
121098
121099
121100
121101
121103
121104
121105
121106
121110
121113
121116
121117
121120
121121
121123
121125
121127
121128
121132
121133
121134
121135
121136
121137
121138
121139
121146
121149
121150
121151
121153
121154
121155
121156
121158
121161
121162
121163
121164
121165
121166
121170
121171
121172
121175
121176
121177
121179
121180
121181
121182
121184
121190
121195
121197
121199
121200
121201
121202
121203
121205
121206
121207
121209
121210
121212
121216
121218
121222
121223
121228
121229
121232
121233
121234
121235
121236
121237
121240
121242
121245
121246
121247
121251
121252
121253
121255
121262
121264
121265
121266
121267
121268
121271
121272
121275
121277
121278
121279
121282
121283
121286
121287
121288
121289
121291
121292
121294
121296
121298
121299
121302
121303
121306
121307
121309
121310
121311
121314
121318
121319
121326
121328
121332
121334
121336
121337
121340
121347
121354
121355
121356
121357
121360
121363
121364
121366
121368
121370
121371
121374
121376
121377
121379
121384
121385
121389
121392
121394
121396
121397
121398
121399
121400
121402
121405
121409
121410
121411
121413
121415
121416
121417
121418
121419
121421
121422
121423
121424
121428
121431
121432
121433
121434
121436
121437
121441
121442
121443
121446
121449
121454
121455
121456
121457
121459
121462
121468
121470
121471
121473
121484
121489
121490
121492
121493
121494
121495
121496
121497
121499
121504
121505
121506
121507
121509
121510
121511
121512
121513
121514
121516
121518
121525
121527
121528
121529
121530
121531
121532
121533
121540
121541
121543
121544
121547
121548
121549
121554
121556
121557
121559
121560
121564
121567
121568
121569
121570
121573
121576
121577
121580
121581
121582
121583
121586
121589
121590
121594
121597
121598
121599
121602
121604
121606
121607
121608
121612
121615
121616
121620
121626
121627
121632
121634
121635
121641
121644
121647
121649
121650
121651
121652
121653
121655
121657
121659
121660
121662
121664
121669
121671
121672
121674
121676
121680
121681
121682
121683
121686
121689
121692
121693
121694
121695
121699
121700
121702
121703
121704
121706
121707
121709
121710
121712
121713
121718
121720
121721
121722
121723
121724
121726
121729
121733
121735
121738
121739
121740
121741
121742
121744
121745
121749
121753
121754
121755
121756
121758
121760
121761
121763
121764
121765
121768
121770
121771
121772
121773
121774
121778
121779
121780
121783
121784
121785
121787
121788
121789
121792
121793
121794
121797
121798
121800
121802
121805
121806
121808
121809
121813
121814
121815
121816
121820
121822
121825
121827
121830
121831
121834
121837
121838
121839
121840
121843
121844
121845
121848
121849
121850
121851
121855
121856
121857
121862
121863
121866
121870
121871
121872
121879
121880
121881
121882
121885
121894
121896
121898
121900
121901
121902
121903
121904
121905
121909
121922
121929
121930
121935
121936
121937
121939
121941
121942
121945
121947
121952
121953
121957
121958
121959
121960
121963
121968
121971
121972
121973
121974
121975
121977
121978
121981
121982
121985
121988
121993
121994
121998
121999
122000
122002
122003
122004
122006
122011
122012
122013
122014
122016
122017
122020
122021
122023
122027
122028
122029
122032
122035
122039
122041
122044
122047
122049
122056
122058
122059
122060
122061
122063
122064
122065
122067
122070
122072
122075
122080
122081
122082
122084
122088
122091
122093
122094
122096
122099
122100
122101
122102
122107
122109
122110
122113
122116
122117
122118
122123
122126
122127
122128
122129
122130
122131
122133
122136
122137
122140
122143
122144
122146
122151
122152
122156
122158
122159
122160
122161
122163
122165
122167
122168
122169
122170
122176
122177
122179
122180
122181
122182
122183
122190
122191
122193
122195
122196
122197
122198
122201
122202
122203
122204
122206
122207
122209
122210
122215
122217
122218
122219
122222
122224
122225
122226
122229
122230
122232
122233
122234
122235
122237
122238
122241
122242
122244
122245
122246
122247
122248
122249
122252
122253
122254
122255
122257
122260
122262
122264
122265
122267
122270
122272
122273
122279
122280
122281
122282
122284
122285
122286
122287
122288
122292
122295
122296
122297
122299
122302
122303
122307
122308
122310
122312
122314
122315
122316
122317
122319
122321
122322
122323
122328
122330
122333
122337
122338
122339
122341
122343
122344
122345
122347
122348
122350
122354
122356
122358
122359
122360
122363
122364
122365
122366
122367
122368
122369
122370
122376
122377
122380
122381
122382
122385
122386
122388
122391
122394
122395
122396
122397
122398
122399
122404
122405
122409
122411
122412
122415
122417
122419
122420
122423
122427
122428
122429
122430
122432
122434
122435
122436
122437
122438
122439
122441
122444
122448
122450
122452
122454
122455
122456
122459
122460
122461
122464
122465
122467
122468
122470
122471
122474
122477
122478
122479
122480
122481
122487
122491
122492
122494
122496
122498
122499
122500
122502
122503
122509
122511
122512
122513
122517
122520
122525
122530
122531
122535
122536
122538
122540
122542
122543
122544
122545
122548
122550
122551
122552
122553
122554
122556
122557
122560
122561
122563
122564
122565
122566
122567
122569
122570
122571
122572
122573
122576
122577
122582
122583
122585
122588
122589
122593
122594
122598
122601
122602
122605
122607
122608
122610
122612
122614
122616
122617
122619
122621
122622
122623
122624
122625
122626
122627
122629
122630
122632
122634
122635
122637
122638
122639
122640
122641
122643
122644
122645
122650
122651
122652
122655
122659
122662
122663
122666
122667
122668
122669
122671
122672
122673
122674
122675
122680
122681
122682
122684
122685
122686
122688
122690
122693
122694
122695
122696
122697
122701
122703
122712
122713
122715
122716
122717
122720
122721
122725
122726
122727
122728
122731
122732
122733
122735
122736
122738
122739
122742
122745
122746
122749
122751
122753
122755
122762
122763
122768
122769
122770
122776
122777
122778
122784
122785
122787
122789
122790
122791
122796
122798
122800
122801
122802
122803
122804
122805
122806
122807
122808
122811
122812
122813
122817
122818
122819
122820
122822
122824
122825
122826
122828
122829
122832
122834
122837
122839
122840
122843
122845
122846
122847
122849
122854
122855
122856
122858
122862
122863
122864
122865
122866
122876
122877
122879
122880
122882
122884
122885
122887
122888
122889
122890
122892
122893
122894
122895
122896
122897
122898
122899
122901
122902
122904
122906
122907
122909
122913
122916
122919
122923
122924
122927
122928
122935
122938
122941
122942
122943
122945
122946
122947
122949
122951
122957
122958
122963
122966
122968
122969
122974
122976
122978
122980
122984
122987
122988
122990
122993
122996
122997
122999
123000
123001
123002
123003
123004
123005
123006
123007
123008
123010
123011
123012
123013
123015
123022
123023
123024
123025
123027
123040
123041
123046
123047
123048
123050
123052
123054
123056
123061
123063
123064
123067
123068
123069
123070
123071
123072
123073
123078
123084
123085
123087
123088
123089
123090
123091
123094
123095
123098
123099
123100
123103
123105
123106
123107
123108
123109
123110
123111
123112
123118
123121
123125
123126
123127
123128
123129
123133
123136
123137
123139
123141
123143
123145
123146
123147
123148
123151
123152
123154
123156
123157
123159
123160
123161
123162
123164
123166
123167
123168
123169
123174
123175
123176
123177
123180
123182
123183
123186
123188
123189
123190
123192
123193
123194
123195
123197
123199
123200
123203
123205
123212
123213
123214
123217
123218
123219
123222
123223
123224
123225
123227
123228
123231
123232
123233
123237
123246
123247
123248
123250
123254
123256
123260
123262
123263
123265
123270
123271
123272
123274
123278
123279
123280
123282
123284
123285
123287
123288
123292
123293
123297
123299
123301
123302
123303
123311
123312
123314
123315
123316
123317
123318
123320
123321
123322
123326
123327
123329
123332
123334
123337
123338
123339
123342
123343
123344
123346
123347
123349
123350
123351
123352
123356
123359
123362
123364
123366
123367
123368
123369
123375
123379
123380
123386
123387
123388
123390
123392
123397
123398
123400
123401
123403
123404
123406
123407
123410
123414
123417
123418
123419
123423
123424
123426
123428
123429
123430
123434
123435
123438
123441
123443
123445
123446
123450
123451
123452
123453
123454
123456
123457
123460
123463
123464
123466
123473
123475
123476
123477
123482
123483
123485
123486
123488
123491
123492
123494
123495
123496
123498
123499
123500
123502
123503
123507
123509
123510
123511
123512
123513
123514
123518
123520
123521
123524
123525
123526
123527
123530
123532
123533
123534
123538
123539
123540
123546
123547
123548
123549
123550
123551
123552
123553
123554
123556
123559
123560
123562
123564
123566
123571
123572
123574
123575
123576
123580
123581
123582
123584
123588
123589
123591
123592
123594
123595
123596
123597
123598
123599
123600
123601
123604
123605
123607
123610
123611
123612
123613
123614
123616
123617
123619
123626
123627
123628
123629
123632
123633
123634
123636
123638
123642
123644
123648
123650
123651
123652
123654
123655
123656
123657
123659
123660
123663
123664
123665
123669
123670
123673
123674
123676
123682
123683
123685
123688
123693
123694
123695
123696
123700
123701
123707
123709
123710
123711
123712
123713
123715
123718
123719
123720
123723
123724
123726
123727
123728
123729
123733
123734
123735
123736
123737
123738
123739
123740
123741
123744
123745
123746
123747
123750
123751
123753
123754
123755
123756
123758
123760
123762
123763
123764
123771
123772
123775
123776
123777
123778
123780
123781
123783
123785
123786
123787
123788
123789
123790
123792
123795
123796
123797
123798
123799
123801
123804
123805
123806
123809
123812
123814
123815
123818
123819
123821
123823
123827
123828
123829
123834
123835
123838
123839
123844
123845
123846
123847
123850
123851
123856
123857
123858
123859
123861
123862
123863
123865
123866
123871
123872
123875
123876
123877
123878
123880
123882
123884
123885
123886
123891
123893
123894
123895
123897
123899
123901
123903
123906
123907
123908
123911
123913
123916
123921
123923
123925
123926
123927
123929
123932
123933
123934
123935
123936
123939
123946
123949
123951
123954
123957
123959
123962
123964
123965
123967
123968
123969
123970
123971
123976
123977
123980
123982
123985
123986
123987
123988
123989
123990
123991
123992
123995
124000
124004
124005
124009
124010
124012
124013
124014
124015
124017
124018
124019
124020
124021
124022
124024
124025
124027
124028
124030
124031
124032
124034
124039
124040
124041
124042
124044
124045
124047
124048
124049
124050
124051
124052
124053
124057
124060
124062
124065
124066
124067
124068
124070
124072
124077
124078
124079
124080
124082
124084
124085
124086
124087
124088
124089
124090
124093
124097
124098
124101
124103
124104
124105
124107
124108
124109
124110
124114
124115
124117
124118
124119
124120
124121
124122
124124
124126
124129
124130
124131
124132
124133
124134
124139
124140
124141
124147
124149
124150
124151
124154
124155
124156
124158
124162
124163
124165
124168
124169
124170
124171
124172
124173
124176
124187
124189
124190
124191
124192
124193
124196
124197
124200
124205
124209
124211
124215
124217
124218
124220
124222
124223
124224
124225
124227
124229
124230
124236
124237
124240
124241
124242
124243
124245
124247
124249
124254
124256
124259
124260
124261
124263
124265
124269
124271
124272
124273
124274
124275
124276
124280
124283
124284
124290
124291
124292
124293
124295
124296
124297
124298
124299
124305
124306
124313
124314
124315
124316
124317
124324
124330
124332
124338
124341
124342
124344
124346
124349
124351
124353
124355
124356
124357
124359
124360
124361
124362
124363
124368
124369
124370
124371
124373
124374
124377
124378
124379
124381
124384
124385
124386
124387
124388
124389
124392
124393
124394
124396
124400
124401
124402
124403
124404
124405
124407
124408
124410
124411
124412
124414
124418
124421
124424
124425
124427
124428
124430
124431
124432
124433
124434
124435
124436
124438
124439
124443
124444
124445
124446
124447
124451
124452
124453
124454
124455
124459
124460
124467
124468
124469
124471
124472
124474
124475
124477
124482
124483
124484
124485
124486
124487
124488
124490
124491
124492
124493
124494
124496
124500
124507
124508
124510
124511
124512
124513
124514
124518
124519
124523
124524
124525
124526
124527
124528
124529
124530
124531
124532
124533
124535
124538
124539
124540
124542
124543
124544
124545
124547
124550
124551
124552
124553
124554
124555
124557
124558
124561
124562
124567
124570
124572
124574
124575
124578
124579
124580
124582
124583
124585
124586
124587
124588
124590
124591
124592
124596
124598
124601
124602
124603
124605
124606
124607
124609
124610
124612
124613
124617
124619
124620
124621
124622
124624
124626
124627
124628
124631
124632
124633
124634
124635
124636
124637
124639
124642
124643
124644
124645
124646
124647
124648
124649
124650
124653
124654
124655
124656
124657
124658
124659
124660
124661
124662
124665
124667
124669
124672
124673
124674
124675
124676
124677
124678
124682
124683
124684
124685
124686
124689
124691
124692
124694
124697
124698
124699
124701
124704
124706
124708
124710
124711
124712
124713
124715
124718
124719
124720
124722
124724
124726
124729
124730
124732
124733
124737
124738
124739
124740
124742
124747
124755
124756
124758
124759
124761
124764
124765
124766
124767
124768
124775
124776
124778
124779
124783
124784
124785
124788
124789
124790
124791
124792
124795
124796
124797
124798
124799
124800
124801
124802
124803
124806
124808
124811
124813
124816
124818
124819
124824
124826
124828
124829
124830
124831
124833
124834
124836
124837
124838
124843
124844
124847
124848
124849
124850
124851
124852
124854
124856
124859
124860
124861
124862
124864
124865
124867
124868
124870
124874
124875
124876
124878
124879
124880
124882
124887
124888
124890
124891
124892
124895
124900
124904
124906
124907
124908
124911
124915
124916
124922
124924
124925
124928
124929
124930
124931
124933
124934
124935
124937
124938
124939
124940
124942
124943
124944
124945
124946
124947
124948
124951
124955
124956
124957
124960
124961
124962
124964
124965
124968
124969
124970
124972
124973
124974
124975
124976
124977
124978
124979
124981
124982
124983
124984
124986
124991
124993
124994
124995
124996
124999
125002
125003
125004
125008
125010
125011
125012
125013
125015
125016
125017
125026
125028
125029
125030
125033
125035
125038
125039
125041
125042
125043
125046
125047
125048
125049
125050
125051
125052
125054
125055
125057
125060
125065
125067
125069
125073
125074
125076
125077
125079
125081
125083
125085
125086
125087
125088
125089
125092
125093
125095
125100
125102
125104
125106
125108
125110
125111
125112
125113
125115
125120
125121
125122
125123
125124
125131
125132
125133
125134
125136
125137
125138
125139
125140
125141
125144
125145
125147
125149
125150
125152
125153
125154
125155
125156
125157
125158
125159
125160
125162
125163
125164
125165
125166
125167
125170
125173
125174
125176
125177
125178
125179
125182
125183
125186
125187
125189
125196
125197
125199
125200
125201
125203
125204
125205
125207
125211
125212
125213
125218
125220
125221
125222
125223
125225
125227
125228
125229
125233
125234
125235
125237
125238
125239
125241
125245
125246
125253
125254
125258
125259
125260
125264
125266
125268
125269
125270
125272
125273
125277
125278
125280
125281
125283
125285
125287
125288
125290
125291
125292
125293
125294
125295
125296
125297
125298
125300
125301
125302
125303
125305
125307
125308
125309
125311
125316
125317
125319
125320
125321
125322
125324
125327
125329
125331
125332
125335
125336
125338
125339
125342
125344
125345
125346
125347
125349
125350
125351
125353
125354
125355
125357
125360
125362
125363
125364
125368
125369
125371
125374
125375
125376
125379
125381
125382
125383
125385
125386
125387
125390
125393
125394
125396
125397
125398
125402
125404
125406
125407
125409
125411
125412
125415
125420
125422
125424
125425
125428
125429
125430
125432
125434
125435
125436
125442
125444
125446
125447
125448
125449
125450
125451
125453
125454
125455
125457
125458
125459
125460
125461
125462
125465
125466
125467
125469
125471
125472
125475
125476
125477
125478
125479
125480
125481
125482
125484
125486
125489
125490
125492
125493
125496
125499
125501
125502
125503
125504
125509
125510
125511
125514
125515
125516
125519
125521
125522
125528
125530
125533
125534
125537
125538
125543
125544
125545
125549
125551
125552
125553
125554
125555
125556
125559
125561
125562
125563
125564
125565
125566
125567
125568
125569
125570
125571
125572
125576
125578
125581
125582
125583
125585
125586
125588
125589
125592
125596
125597
125599
125600
125605
125606
125610
125612
125613
125614
125615
125616
125619
125620
125621
125623
125625
125626
125630
125631
125632
125633
125635
125636
125637
125638
125639
125642
125643
125646
125648
125649
125651
125652
125655
125656
125658
125662
125663
125665
125666
125667
125668
125670
125672
125674
125676
125677
125680
125681
125686
125687
125688
125689
125690
125691
125692
125694
125696
125697
125698
125699
125700
125701
125702
125707
125708
125709
125711
125712
125713
125714
125716
125718
125719
125720
125721
125722
125726
125727
125728
125730
125731
125737
125738
125740
125741
125743
125744
125745
125746
125750
125751
125753
125755
125756
125758
125759
125760
125761
125763
125765
125766
125767
125768
125769
125772
125773
125774
125778
125779
125780
125781
125782
125783
125786
125787
125789
125792
125793
125794
125795
125796
125797
125799
125801
125802
125803
125807
125808
125809
125813
125815
125817
125818
125821
125822
125823
125824
125825
125828
125830
125831
125832
125833
125835
125837
125840
125842
125847
125848
125849
125850
125852
125853
125854
125855
125856
125857
125858
125859
125860
125861
125863
125866
125867
125868
125871
125873
125874
125875
125877
125879
125880
125881
125886
125888
125889
125890
125891
125897
125898
125899
125900
125902
125903
125904
125905
125906
125907
125909
125910
125914
125917
125919
125921
125922
125923
125924
125925
125926
125927
125929
125933
125934
125935
125936
125937
125940
125941
125942
125944
125945
125947
125948
125952
125954
125956
125957
125958
125959
125960
125961
125962
125963
125964
125967
125968
125969
125971
125975
125977
125978
125979
125982
125983
125984
125985
125987
125988
125989
125990
125992
125995
125996
125997
125998
125999
126000
126007
126008
126012
126013
126014
126016
126017
126020
126021
126023
126024
126025
126032
126033
126035
126039
126040
126042
126043
126045
126046
126047
126048
126049
126053
126054
126057
126059
126060
126063
126064
126065
126067
126068
126069
126071
126072
126073
126074
126077
126078
126079
126081
126083
126084
126088
126089
126090
126092
126093
126095
126096
126097
126099
126100
126102
126103
126105
126106
126107
126108
126109
126110
126111
126112
126113
126117
126118
126119
126121
126122
126123
126124
126125
126126
126127
126129
126131
126132
126133
126134
126135
126136
126137
126138
126140
126142
126144
126145
126146
126147
126148
126149
126150
126151
126152
126153
126155
126156
126158
126159
126160
126161
126163
126164
126168
126169
126170
126173
126174
126176
126177
126179
126180
126181
126182
126190
126191
126192
126194
126195
126196
126197
126198
126199
126200
126202
126203
126204
126208
126209
126211
126213
126217
126218
126220
126221
126222
126223
126224
126226
126229
126231
126232
126233
126234
126235
126238
126240
126243
126252
126253
126254
126255
126256
126259
126260
126262
126263
126268
126269
126270
126271
126272
126273
126274
126276
126277
126280
126282
126283
126287
126290
126291
126293
126294
126295
126298
126304
126305
126307
126308
126310
126313
126318
126319
126322
126323
126325
126328
126329
126330
126333
126334
126335
126337
126339
126340
126341
126342
126343
126346
126348
126350
126351
126352
126358
126359
126360
126362
126365
126366
126369
126370
126371
126372
126376
126378
126379
126380
126381
126382
126383
126384
126385
126386
126387
126388
126389
126390
126392
126393
126394
126396
126397
126402
126403
126404
126405
126407
126408
126409
126411
126412
126413
126414
126415
126416
126419
126420
126421
126422
126423
126424
126426
126427
126428
126430
126431
126432
126433
126434
126435
126436
126438
126441
126446
126447
126448
126449
126450
126453
126455
126456
126461
126462
126464
126466
126468
126469
126470
126473
126474
126475
126476
126477
126479
126481
126482
126484
126485
126486
126487
126488
126489
126490
126491
126492
126493
126494
126495
126499
126500
126501
126503
126504
126506
126507
126508
126509
126510
126513
126514
126515
126517
126518
126520
126521
126522
126523
126527
126531
126532
126533
126535
126536
126538
126539
126540
126542
126544
126545
126547
126548
126549
126550
126551
126552
126553
126554
126555
126556
126557
126559
126560
126561
126562
126565
126566
126569
126572
126575
126577
126578
126579
126580
126581
126582
126584
126589
126591
126592
126594
126595
126596
126597
126598
126600
126601
126603
126605
126606
126609
126610
126611
126612
126613
126614
126616
126617
126619
126620
126621
126623
126625
126631
126632
126634
126635
126637
126638
126639
126643
126645
126646
126648
126649
126650
126651
126652
126653
126654
126655
126656
126657
126660
126661
126663
126664
126665
126669
126670
126671
126673
126677
126679
126680
126682
126683
126684
126685
126689
126690
126692
126693
126695
126696
126697
126699
126700
126701
126702
126703
126706
126707
126709
126710
126711
126712
126713
126717
126719
126722
126724
126725
126726
126729
126730
126733
126734
126741
126742
126743
126744
126747
126748
126749
126750
126753
126757
126758
126759
126761
126763
126764
126765
126773
126774
126775
126776
126781
126782
126784
126785
126786
126787
126788
126789
126791
126792
126793
126795
126796
126797
126798
126799
126802
126803
126805
126806
126807
126809
126810
126812
126813
126815
126816
126817
126820
126821
126823
126824
126826
126828
126829
126830
126832
126833
126834
126835
126836
126837
126838
126840
126843
126845
126848
126849
126850
126855
126856
126858
126859
126860
126861
126862
126863
126865
126866
126867
126869
126870
126872
126877
126878
126881
126882
126883
126884
126885
126887
126888
126889
126890
126891
126892
126893
126894
126897
126901
126902
126903
126904
126905
126907
126909
126910
126912
126913
126914
126917
126918
126919
126921
126922
126924
126925
126926
126927
126928
126929
126931
126932
126933
126934
126937
126938
126939
126941
126943
126944
126946
126947
126948
126949
126950
126951
126953
126954
126955
126957
126958
126960
126961
126962
126963
126965
126966
126968
126969
126970
126971
126972
126975
126976
126977
126978
126980
126981
126982
126983
126985
126986
126989
126990
126991
126993
126995
126996
126999
127000
127001
127002
127003
127007
127008
127010
127012
127013
127014
127015
127018
127019
127020
127021
127022
127023
127024
127025
127026
127027
127031
127032
127033
127034
127037
127038
127040
127042
127045
127046
127047
127050
127051
127052
127053
127054
127055
127056
127057
127058
127059
127063
127064
127065
127066
127067
127068
127069
127072
127073
127074
127076
127077
127078
127079
127080
127081
127082
127083
127084
127085
127088
127089
127090
127091
127092
127094
127096
127097
127098
127101
127104
127105
127106
127107
127108
127109
127110
127111
127112
127113
127116
127121
127122
127123
127127
127129
127130
127131
127132
127134
127135
127136
127137
127138
127139
127140
127141
127142
127143
127144
127145
127147
127148
127149
127151
127153
127155
127156
127157
127158
127159
127162
127163
127164
127166
127168
127169
127170
127171
127172
127173
127175
127176
127177
127180
127182
127183
127184
127186
127187
127191
127193
127195
127196
127197
127199
127200
127201
127202
127203
127204
127205
127206
127207
127208
127209
127210
127211
127215
127217
127218
127219
127220
127224
127225
127226
127227
127228
127230
127231
127232
127233
127234
127235
127236
127237
127238
127240
127241
127242
127244
127245
127247
127253
127254
127255
127257
127259
127261
127262
127265
127266
127267
127271
127272
127273
127275
127276
127277
127278
127279
127280
127281
127282
127283
127284
127286
127287
127289
127291
127293
127294
127295
127296
127299
127300
127301
127302
127303
127305
127306
127307
127308
127309
127310
127311
127312
127313
127314
127315
127318
127321
127323
127326
127330
127331
127332
127334
127335
127337
127338
127341
127342
127343
127346
127347
127349
127350
127351
127353
127357
127358
127361
127362
127363
127365
127366
127367
127368
127374
127377
127378
127379
127380
127382
127385
127386
127387
127388
127389
127390
127391
127393
127394
127395
127396
127399
127400
127401
127402
127404
127406
127409
127410
127411
127412
127413
127414
127416
127417
127419
127421
127425
127428
127429
127431
127432
127433
127437
127438
127439
127442
127445
127446
127449
127454
127455
127458
127460
127462
127463
127467
127469
127470
127471
127472
127473
127475
127476
127478
127479
127480
127482
127483
127484
127486
127487
127488
127491
127494
127495
127499
127500
127502
127504
127507
127508
127510
127511
127512
127513
127514
127519
127523
127524
127525
127526
127527
127528
127529
127533
127537
127539
127540
127541
127543
127544
127545
127551
127552
127553
127554
127558
127563
127564
127566
127567
127569
127571
127572
127577
127578
127579
127581
127582
127584
127586
127587
127589
127591
127592
127594
127600
127603
127604
127605
127607
127609
127610
127611
127615
127617
127620
127623
127624
127625
127626
127627
127630
127634
127635
127637
127640
127643
127644
127645
127646
127649
127653
127657
127658
127659
127660
127662
127663
127664
127665
127667
127668
127669
127670
127672
127676
127680
127683
127685
127686
127688
127689
127690
127691
127693
127700
127702
127703
127704
127705
127715
127717
127719
127720
127721
127722
127723
127724
127725
127726
127728
127732
127733
127735
127739
127741
127743
127748
127750
127751
127753
127755
127756
127758
127759
127762
127765
127771
127773
127775
127776
127778
127779
127781
127782
127783
127784
127785
127786
127790
127793
127794
127797
127798
127799
127800
127802
127803
127804
127805
127809
127810
127811
127812
127813
127814
127816
127817
127819
127820
127822
127824
127825
127827
127830
127831
127833
127836
127837
127838
127840
127842
127843
127844
127845
127846
127848
127849
127850
127851
127854
127857
127858
127860
127861
127862
127863
127864
127867
127868
127869
127870
127871
127872
127876
127877
127878
127881
127882
127884
127885
127888
127889
127890
127891
127892
127893
127894
127895
127896
127897
127900
127901
127903
127907
127908
127909
127910
127911
127914
127915
127916
127917
127920
127921
127922
127923
127926
127928
127929
127930
127931
127932
127934
127937
127938
127939
127941
127942
127943
127944
127945
127946
127948
127949
127950
127951
127953
127954
127955
127958
127959
127964
127968
127971
127972
127973
127975
127976
127977
127978
127981
127984
127986
127987
127989
127990
127991
127992
127994
127996
127997
127998
128000
128001
128002
128004
128005
128007
128008
128010
128013
128015
128016
128017
128018
128019
128020
128022
128026
128027
128029
128030
128032
128033
128034
128035
128036
128038
128040
128042
128043
128044
128045
128047
128051
128052
128053
128054
128055
128056
128057
128059
128061
128062
128064
128065
128066
128068
128070
128071
128072
128073
128074
128075
128077
128081
128082
128083
128088
128091
128092
128094
128095
128098
128099
128100
128104
128106
128107
128108
128110
128111
128112
128115
128116
128117
128119
128121
128122
128123
128124
128125
128127
128128
128131
128132
128134
128135
128136
128138
128141
128143
128148
128150
128151
128152
128153
128157
128160
128164
128165
128167
128168
128171
128173
128174
128175
128178
128179
128180
128181
128182
128183
128186
128188
128189
128191
128192
128193
128195
128196
128199
128200
128201
128206
128208
128210
128211
128215
128217
128218
128221
128222
128223
128225
128229
128230
128231
128234
128237
128238
128239
128240
128241
128245
128246
128250
128255
128256
128258
128260
128261
128263
128265
128267
128268
128269
128270
128271
128273
128274
128275
128277
128278
128280
128282
128283
128285
128286
128287
128288
128289
128290
128292
128293
128294
128296
128297
128298
128300
128301
128302
128303
128305
128307
128308
128310
128312
128313
128314
128316
128319
128320
128321
128323
128324
128325
128326
128327
128330
128332
128334
128340
128343
128344
128345
128346
128347
128349
128351
128352
128353
128354
128355
128357
128358
128359
128361
128367
128371
128372
128374
128375
128379
128383
128385
128386
128389
128391
128392
128394
128396
128398
128400
128403
128405
128407
128408
128409
128412
128413
128417
128419
128421
128424
128425
128426
128429
128431
128432
128435
128441
128442
128443
128444
128445
128446
128447
128448
128449
128452
128453
128454
128455
128457
128460
128462
128464
128466
128468
128471
128473
128474
128476
128479
128481
128482
128483
128484
128486
128487
128489
128491
128493
128495
128497
128498
128499
128502
128503
128505
128506
128511
128513
128514
128515
128519
128520
128524
128528
128529
128530
128531
128532
128536
128539
128541
128543
128545
128546
128548
128549
128551
128552
128553
128554
128560
128562
128563
128564
128565
128566
128568
128569
128570
128571
128574
128577
128578
128579
128580
128582
128583
128584
128586
128587
128592
128593
128595
128596
128597
128598
128599
128605
128606
128607
128608
128609
128610
128617
128618
128620
128621
128622
128623
128625
128626
128627
128628
128629
128630
128633
128634
128635
128636
128637
128638
128643
128645
128646
128652
128657
128660
128661
128662
128663
128664
128665
128667
128672
128673
128674
128676
128678
128684
128686
128689
128693
128694
128695
128696
128701
128702
128703
128704
128706
128707
128713
128714
128715
128717
128718
128720
128721
128722
128724
128729
128730
128731
128732
128733
128734
128735
128737
128739
128742
128744
128747
128748
128752
128755
128757
128758
128759
128760
128761
128764
128765
128766
128769
128770
128771
128772
128773
128774
128775
128777
128778
128780
128781
128782
128783
128785
128786
128787
128788
128790
128792
128795
128796
128800
128802
128803
128804
128805
128806
128812
128813
128814
128815
128817
128818
128819
128821
128822
128824
128826
128829
128830
128832
128833
128834
128835
128836
128837
128838
128839
128845
128846
128847
128848
128850
128852
128854
128855
128859
128860
128862
128864
128865
128867
128868
128869
128870
128872
128874
128875
128876
128879
128880
128881
128883
128884
128886
128887
128888
128889
128890
128891
128893
128896
128898
128900
128903
128904
128905
128907
128908
128909
128910
128911
128914
128916
128917
128918
128919
128920
128921
128922
128923
128926
128927
128928
128929
128930
128931
128933
128934
128935
128936
128938
128939
128943
128944
128946
128947
128950
128951
128952
128953
128954
128955
128956
128960
128961
128962
128963
128964
128965
128967
128968
128971
128973
128974
128975
128977
128978
128979
128983
128989
128990
128991
128993
128994
128995
128998
129003
129005
129006
129008
129010
129011
129014
129015
129016
129017
129020
129021
129022
129024
129025
129026
129027
129032
129033
129035
129039
129040
129041
129045
129046
129047
129048
129050
129051
129052
129053
129054
129055
129056
129058
129060
129062
129063
129064
129066
129067
129069
129071
129073
129074
129075
129076
129077
129079
129080
129081
129082
129085
129088
129089
129092
129094
129096
129097
129098
129100
129102
129104
129106
129107
129108
129112
129113
129114
129115
129118
129120
129121
129124
129125
129126
129127
129129
129133
129134
129138
129140
129142
129143
129144
129145
129147
129149
129153
129154
129155
129156
129157
129158
129160
129161
129163
129164
129166
129167
129168
129169
129172
129174
129175
129177
129178
129179
129181
129182
129183
129184
129186
129187
129188
129189
129190
129191
129193
129195
129196
129197
129198
129199
129201
129202
129203
129204
129205
129206
129207
129208
129209
129211
129214
129215
129220
129222
129223
129224
129227
129228
129229
129231
129232
129233
129234
129235
129236
129238
129240
129241
129242
129243
129244
129246
129251
129252
129255
129257
129258
129259
129261
129264
129265
129266
129268
129269
129272
129274
129275
129280
129282
129283
129284
129285
129288
129290
129292
129293
129294
129295
129296
129297
129298
129299
129301
129304
129305
129307
129308
129309
129311
129313
129314
129317
129320
129321
129322
129324
129327
129329
129332
129333
129334
129335
129336
129338
129339
129341
129343
129345
129346
129347
129348
129349
129350
129351
129352
129354
129355
129356
129357
129358
129359
129360
129361
129365
129369
129370
129371
129374
129377
129378
129382
129383
129387
129388
129390
129392
129394
129395
129397
129398
129399
129401
129402
129403
129404
129406
129408
129409
129410
129411
129413
129416
129417
129418
129420
129421
129427
129428
129429
129431
129434
129435
129436
129437
129438
129441
129443
129444
129446
129447
129449
129450
129451
129452
129454
129456
129458
129459
129460
129463
129464
129465
129467
129468
129470
129472
129474
129475
129478
129479
129481
129482
129483
129484
129486
129487
129488
129489
129490
129493
129494
129495
129496
129497
129499
129501
129503
129504
129505
129506
129507
129509
129510
129511
129512
129515
129516
129517
129518
129521
129522
129524
129525
129529
129531
129533
129534
129538
129539
129540
129541
129542
129543
129550
129551
129552
129553
129554
129558
129559
129560
129562
129567
129568
129569
129570
129572
129573
129575
129577
129578
129579
129580
129581
129583
129584
129586
129587
129589
129590
129593
129595
129596
129597
129599
129600
129602
129604
129606
129608
129609
129610
129611
129612
129615
129616
129617
129618
129619
129620
129621
129623
129626
129630
129631
129633
129637
129638
129639
129641
129643
129644
129645
129648
129649
129650
129653
129654
129655
129656
129657
129658
129663
129664
129666
129667
129668
129670
129671
129672
129673
129675
129677
129678
129679
129680
129682
129685
129688
129689
129692
129694
129695
129699
129700
129701
129703
129704
129705
129706
129708
129710
129713
129715
129716
129717
129719
129720
129721
129722
129725
129726
129727
129728
129729
129730
129733
129734
129735
129738
129739
129740
129742
129743
129744
129745
129746
129747
129749
129750
129752
129755
129756
129761
129763
129764
129765
129766
129767
129768
129769
129772
129773
129774
129775
129778
129781
129782
129784
129786
129787
129788
129790
129791
129792
129794
129795
129796
129797
129799
129800
129803
129804
129805
129806
129807
129810
129811
129813
129814
129816
129817
129819
129821
129822
129825
129826
129828
129830
129832
129833
129834
129836
129837
129839
129842
129843
129844
129845
129848
129851
129852
129853
129854
129855
129856
129858
129859
129864
129867
129868
129871
129872
129873
129874
129875
129877
129878
129879
129881
129883
129884
129885
129886
129888
129889
129890
129891
129892
129893
129895
129896
129897
129898
129902
129903
129904
129905
129910
129912
129913
129914
129915
129916
129917
129919
129920
129921
129922
129929
129930
129931
129933
129934
129935
129937
129941
129942
129943
129944
129946
129947
129949
129950
129951
129952
129954
129956
129957
129958
129960
129961
129962
129964
129965
129967
129969
129971
129972
129973
129974
129975
129976
129977
129979
129981
129983
129985
129987
129988
129989
129992
129994
129995
129996
129998
129999
130001
130004
130005
130008
130009
130011
130013
130014
130015
130017
130018
130019
130021
130022
130023
130024
130025
130026
130027
130028
130029
130033
130034
130035
130039
130040
130041
130042
130043
130044
130045
130048
130050
130052
130053
130055
130057
130060
130061
130063
130064
130066
130068
130069
130070
130072
130073
130075
130076
130078
130080
130082
130083
130084
130086
130087
130088
130089
130090
130092
130093
130094
130097
130098
130099
130102
130103
130104
130105
130106
130107
130111
130112
130113
130114
130116
130118
130119
130121
130123
130124
130126
130127
130130
130131
130132
130133
130135
130137
130138
130139
130140
130141
130142
130143
130144
130145
130147
130148
130149
130151
130153
130154
130155
130156
130158
130159
130160
130161
130162
130164
130166
130167
130168
130169
130170
130173
130174
130175
130176
130177
130179
130182
130183
130184
130186
130187
130192
130193
130194
130195
130196
130197
130198
130199
130201
130204
130206
130209
130215
130216
130217
130222
130224
130225
130226
130227
130228
130229
130230
130232
130233
130237
130238
130240
130245
130247
130249
130250
130252
130253
130254
130257
130258
130261
130262
130267
130270
130271
130272
130273
130275
130277
130279
130280
130285
130286
130287
130288
130289
130290
130291
130292
130293
130295
130296
130297
130298
130299
130300
130301
130303
130304
130305
130307
130308
130312
130313
130314
130316
130318
130319
130320
130321
130322
130325
130326
130328
130329
130330
130331
130337
130339
130344
130347
130348
130351
130352
130353
130354
130355
130356
130360
130361
130362
130363
130365
130368
130369
130374
130375
130376
130378
130379
130380
130381
130390
130391
130393
130394
130395
130396
130397
130398
130399
130400
130401
130402
130404
130405
130408
130410
130411
130412
130415
130416
130417
130418
130419
130422
130424
130426
130429
130431
130432
130433
130437
130438
130439
130440
130441
130443
130444
130445
130447
130448
130449
130450
130451
130452
130453
130454
130455
130456
130457
130458
130459
130460
130461
130463
130464
130467
130468
130469
130470
130472
130473
130474
130476
130477
130478
130479
130480
130481
130484
130489
130490
130491
130492
130493
130494
130496
130499
130503
130506
130507
130510
130511
130512
130513
130516
130518
130520
130521
130522
130524
130525
130528
130530
130531
130533
130534
130535
130536
130537
130538
130539
130540
130541
130542
130543
130545
130547
130548
130549
130552
130553
130555
130556
130559
130560
130561
130562
130563
130564
130565
130569
130570
130572
130574
130576
130577
130580
130581
130582
130584
130586
130587
130589
130591
130593
130594
130598
130599
130600
130601
130602
130604
130605
130606
130608
130609
130610
130612
130613
130614
130616
130617
130618
130620
130621
130622
130623
130625
130626
130627
130630
130634
130635
130636
130637
130639
130640
130641
130642
130645
130646
130647
130650
130651
130652
130653
130654
130655
130656
130657
130660
130661
130662
130664
130665
130666
130670
130671
130675
130676
130677
130678
130679
130680
130681
130683
130684
130686
130688
130689
130691
130692
130693
130694
130695
130696
130697
130698
130699
130701
130703
130704
130705
130706
130707
130708
130709
130710
130714
130715
130716
130719
130720
130721
130722
130723
130724
130726
130730
130731
130732
130735
130737
130739
130741
130743
130746
130748
130749
130750
130753
130755
130756
130759
130760
130761
130765
130766
130767
130768
130769
130770
130772
130774
130778
130779
130780
130784
130785
130786
130787
130792
130794
130797
130800
130802
130804
130805
130809
130812
130813
130814
130818
130819
130823
130826
130828
130830
130832
130835
130837
130838
130840
130841
130842
130843
130845
130846
130848
130849
130850
130851
130854
130856
130858
130860
130862
130866
130867
130868
130869
130870
130871
130872
130873
130874
130878
130879
130880
130881
130882
130883
130884
130885
130888
130890
130891
130892
130893
130894
130897
130898
130899
130900
130901
130902
130903
130904
130906
130907
130909
130910
130913
130914
130916
130917
130922
130924
130925
130926
130929
130931
130932
130934
130935
130936
130938
130939
130940
130942
130943
130946
130948
130952
130955
130956
130959
130960
130962
130963
130964
130965
130968
130969
130970
130972
130973
130974
130977
130978
130979
130980
130982
130983
130985
130986
130987
130988
130989
130990
130993
130994
130995
130997
131000
131001
131002
131003
131004
131007
131008
131009
131010
131011
131012
131014
131015
131017
131018
131021
131022
131023
131024
131025
131027
131031
131034
131036
131037
131039
131040
131042
131043
131044
131045
131047
131048
131050
131054
131055
131056
131057
131059
131060
131061
131064
131067
131068
131072
131073
131074
131077
131079
131080
131081
131083
131084
131086
131087
131088
131090
131092
131093
131094
131095
131097
131098
131099
131100
131102
131103
131105
131106
131107
131108
131110
131111
131112
131114
131116
131117
131119
131120
131121
131122
131123
131124
131125
131126
131127
131129
131130
131131
131132
131134
131135
131136
131137
131138
131139
131140
131142
131143
131144
131146
131147
131148
131152
131155
131156
131157
131158
131159
131160
131161
131162
131163
131164
131165
131166
131167
131169
131170
131171
131173
131175
131176
131178
131180
131181
131183
131185
131187
131188
131189
131190
131191
131195
131197
131198
131199
131200
131202
131203
131204
131205
131207
131213
131217
131219
131220
131221
131222
131225
131226
131229
131230
131231
131232
131234
131235
131236
131238
131239
131243
131244
131246
131247
131249
131251
131253
131256
131258
131260
131261
131262
131263
131264
131265
131266
131267
131268
131270
131271
131272
131273
131276
131277
131279
131280
131281
131283
131284
131285
131286
131287
131289
131290
131292
131293
131294
131295
131297
131298
131299
131300
131304
131305
131306
131307
131308
131309
131313
131314
131316
131318
131320
131323
131324
131325
131326
131327
131329
131331
131333
131334
131335
131336
131337
131339
131341
131342
131343
131346
131349
131350
131353
131355
131358
131360
131361
131362
131363
131364
131366
131368
131371
131372
131375
131377
131378
131379
131380
131381
131383
131384
131387
131388
131391
131392
131393
131394
131396
131397
131399
131400
131402
131403
131405
131406
131408
131409
131411
131412
131415
131416
131417
131419
131420
131421
131422
131424
131425
131426
131427
131428
131429
131433
131437
131438
131439
131440
131441
131444
131445
131447
131448
131449
131450
131452
131453
131455
131458
131459
131460
131461
131463
131464
131465
131466
131467
131468
131469
131470
131472
131475
131476
131478
131479
131480
131481
131482
131484
131485
131486
131488
131490
131492
131493
131495
131496
131500
131503
131504
131505
131506
131507
131508
131509
131510
131511
131512
131513
131515
131516
131517
131518
131519
131520
131521
131522
131523
131524
131525
131526
131530
131532
131534
131535
131540
131541
131542
131544
131545
131546
131547
131548
131550
131551
131554
131557
131558
131559
131560
131561
131563
131564
131565
131566
131567
131568
131572
131573
131574
131575
131577
131578
131579
131580
131582
131584
131587
131588
131590
131591
131592
131594
131595
131596
131598
131599
131600
131601
131602
131603
131604
131605
131608
131609
131610
131611
131613
131614
131616
131617
131618
131620
131622
131623
131625
131627
131629
131630
131632
131633
131634
131635
131636
131637
131639
131640
131641
131642
131643
131644
131645
131647
131649
131650
131651
131653
131655
131656
131657
131660
131662
131663
131665
131666
131667
131668
131669
131672
131673
131674
131675
131676
131677
131679
131680
131681
131682
131685
131686
131689
131690
131691
131692
131695
131696
131698
131700
131701
131703
131705
131708
131709
131710
131711
131712
131716
131717
131718
131719
131720
131723
131725
131726
131728
131730
131731
131732
131733
131734
131735
131737
131739
131740
131741
131742
131743
131744
131745
131746
131748
131749
131750
131751
131752
131754
131755
131756
131758
131759
131760
131761
131763
131764
131765
131766
131767
131768
131771
131773
131775
131779
131781
131782
131783
131785
131789
131790
131791
131792
131793
131794
131796
131801
131802
131804
131806
131808
131809
131810
131811
131812
131813
131814
131815
131816
131817
131818
131819
131820
131821
131822
131824
131825
131826
131830
131832
131833
131835
131836
131838
131840
131841
131842
131843
131844
131847
131848
131850
131851
131852
131855
131856
131858
131862
131864
131866
131868
131871
131872
131874
131876
131877
131878
131879
131880
131881
131883
131885
131887
131890
131891
131893
131894
131895
131896
131897
131898
131899
131902
131905
131907
131908
131909
131911
131912
131913
131915
131916
131917
131918
131922
131923
131924
131928
131929
131930
131931
131933
131934
131936
131938
131940
131942
131943
131944
131946
131951
131953
131955
131958
131960
131961
131964
131965
131966
131968
131969
131973
131974
131976
131978
131979
131980
131982
131983
131985
131988
131991
131993
131994
131995
131996
131997
132000
132001
132004
132006
132008
132010
132011
132013
132015
132016
132018
132019
132020
132023
132025
132028
132030
132034
132037
132038
132040
132041
132042
132043
132046
132048
132050
132051
132052
132053
132055
132056
132057
132058
132059
132061
132062
132064
132065
132070
132071
132072
132074
132076
132077
132080
132081
132082
132083
132090
132091
132092
132095
132097
132099
132100
132101
132103
132104
132106
132108
132110
132111
132112
132113
132114
132119
132122
132125
132127
132130
132132
132133
132134
132136
132137
132138
132139
132141
132142
132143
132144
132148
132149
132150
132151
132153
132154
132156
132157
132158
132159
132160
132161
132164
132168
132169
132170
132171
132172
132173
132175
132176
132177
132178
132180
132181
132182
132183
132184
132185
132189
132191
132193
132196
132198
132200
132201
132202
132203
132204
132206
132208
132209
132210
132211
132212
132213
132214
132216
132217
132218
132219
132220
132221
132222
132224
132225
132226
132230
132231
132232
132239
132240
132242
132244
132245
132246
132248
132251
132252
132253
132258
132262
132263
132267
132268
132270
132271
132272
132273
132274
132278
132279
132280
132281
132284
132286
132290
132291
132292
132293
132294
132297
132298
132300
132301
132302
132304
132305
132306
132307
132309
132313
132314
132316
132317
132318
132319
132321
132322
132323
132325
132327
132328
132329
132332
132333
132335
132336
132338
132340
132341
132342
132344
132347
132350
132351
132352
132353
132354
132355
132356
132357
132358
132361
132362
132363
132364
132365
132366
132367
132370
132372
132373
132374
132375
132378
132383
132384
132385
132387
132389
132390
132391
132393
132394
132395
132396
132397
132399
132400
132402
132406
132407
132408
132411
132416
132417
132418
132419
132421
132423
132424
132425
132432
132433
132434
132435
132436
132437
132438
132439
132445
132446
132448
132449
132450
132451
132453
132454
132455
132457
132458
132459
132460
132462
132465
132469
132471
132474
132475
132479
132480
132481
132484
132485
132486
132487
132489
132490
132491
132492
132494
132496
132498
132499
132501
132502
132503
132504
132507
132514
132515
132516
132519
132520
132521
132522
132523
132525
132526
132529
132530
132531
132532
132534
132536
132537
132538
132542
132543
132544
132545
132547
132549
132550
132552
132553
132555
132556
132559
132560
132563
132565
132566
132567
132569
132572
132577
132580
132581
132583
132584
132588
132590
132591
132597
132598
132605
132608
132609
132612
132613
132618
132620
132621
132622
132624
132626
132631
132632
132633
132634
132635
132640
132641
132642
132647
132648
132650
132652
132653
132656
132657
132659
132660
132661
132666
132667
132670
132671
132676
132677
132678
132680
132681
132683
132684
132685
132688
132689
132690
132691
132692
132693
132694
132696
132699
132701
132702
132703
132705
132706
132707
132710
132711
132713
132714
132716
132717
132719
132722
132724
132725
132726
132728
132729
132732
132734
132736
132737
132739
132740
132741
132744
132749
132751
132752
132755
132756
132757
132758
132759
132760
132761
132763
132764
132765
132768
132769
132771
132772
132774
132776
132777
132782
132787
132789
132791
132792
132793
132794
132796
132799
132800
132805
132806
132808
132809
132813
132815
132817
132818
132819
132821
132824
132825
132828
132829
132830
132831
132832
132834
132835
132838
132840
132841
132843
132844
132846
132847
132850
132851
132852
132853
132854
132856
132860
132861
132862
132863
132864
132866
132867
132878
